pair_id,timestamp,latitude,longitude,pm1_air_ug_m3,pm25_air_ug_m3,pm10_air_ug_m3,temperature_ibutton_c,humidity_ibutton_pct,gps_ok,heat_ok,step_speed
28,2026-09-26 07:49:04+01:00,6.517393462,3.386487347,28.0,30.0,41.0,30.564,82.173,True,False,0.0
28,2026-09-26 07:49:05+01:00,6.517395862,3.386473317,26.0,28.0,37.0,30.564,82.173,True,False,1.573
28,2026-09-26 07:49:06+01:00,6.517396682,3.386464758,26.0,28.0,37.0,30.564,82.173,True,False,0.95
28,2026-09-26 07:49:07+01:00,6.517399073,3.386455519,26.0,28.0,37.0,30.564,82.173,True,False,1.055
28,2026-09-26 07:49:08+01:00,6.517397178,3.3864435,22.0,24.0,29.0,30.564,82.173,True,False,1.344
28,2026-09-26 07:49:09+01:00,6.517402415,3.38642437,22.0,24.0,29.0,30.564,82.173,True,False,2.192
28,2026-09-26 07:49:10+01:00,6.517404513,3.386413211,22.0,24.0,29.0,30.564,82.173,True,False,1.255
28,2026-09-26 07:49:11+01:00,6.517405475,3.386397764,22.0,24.0,29.0,30.564,82.173,True,False,1.71
28,2026-09-26 07:49:12+01:00,6.517404933,3.386379995,22.0,24.0,29.0,30.564,82.173,True,False,1.964
28,2026-09-26 07:49:13+01:00,6.517409166,3.386364293,23.0,25.0,32.0,30.564,82.173,True,False,1.797
28,2026-09-26 07:49:14+01:00,6.5174144,3.386348771,23.0,25.0,32.0,30.564,82.173,True,False,1.811
28,2026-09-26 07:49:15+01:00,6.51741794,3.386325174,23.0,25.0,32.0,30.564,82.173,True,False,2.636
28,2026-09-26 07:49:16+01:00,6.517419253,3.386307873,23.0,25.0,32.0,30.564,82.173,True,False,1.917
28,2026-09-26 07:49:17+01:00,6.517428644,3.386287569,26.0,28.0,37.0,30.564,82.173,True,False,2.474
28,2026-09-26 07:49:18+01:00,6.517438626,3.38626214,28.0,30.0,42.0,30.564,82.173,True,False,3.021
28,2026-09-26 07:49:19+01:00,6.517444482,3.386244879,28.0,30.0,42.0,30.564,82.173,True,False,2.015
28,2026-09-26 07:49:20+01:00,6.517450706,3.386223719,28.0,30.0,42.0,30.564,82.173,True,False,2.438
28,2026-09-26 07:49:21+01:00,6.517452386,3.386200654,28.0,30.0,42.0,30.564,82.173,True,False,2.555
28,2026-09-26 07:49:22+01:00,6.517464001,3.386182496,28.0,30.0,42.0,30.564,82.173,True,False,2.386
28,2026-09-26 07:49:23+01:00,6.517468946,3.386162566,28.0,30.0,42.0,30.564,82.173,True,False,2.269
28,2026-09-26 07:49:24+01:00,6.517479755,3.386139288,30.0,33.0,47.0,30.564,82.173,True,False,2.839
28,2026-09-26 07:49:25+01:00,6.517490562,3.386115914,30.0,33.0,47.0,30.564,82.173,True,False,2.848
28,2026-09-26 07:49:26+01:00,6.517487424,3.386099142,30.0,33.0,47.0,30.564,82.173,True,False,1.885
28,2026-09-26 07:49:27+01:00,6.51748804,3.386072641,28.0,30.0,42.0,30.564,82.173,True,False,2.929
28,2026-09-26 07:49:28+01:00,6.517501693,3.386055573,28.0,30.0,42.0,30.564,82.173,True,False,2.421
28,2026-09-26 07:49:29+01:00,6.51750962,3.386032267,28.0,30.0,42.0,30.564,82.173,True,False,2.721
28,2026-09-26 07:49:30+01:00,6.517518104,3.386011893,28.0,30.0,42.0,30.564,82.173,True,False,2.441
28,2026-09-26 07:49:31+01:00,6.51751632,3.385978269,28.0,30.0,42.0,30.564,82.173,True,False,3.72
28,2026-09-26 07:49:32+01:00,6.517515961,3.385960678,28.0,30.0,42.0,29.565,75.992,True,False,1.944
28,2026-09-26 07:49:33+01:00,6.5175329,3.385931237,28.0,30.0,42.0,29.565,75.992,True,False,3.759
28,2026-09-26 07:49:34+01:00,6.517533855,3.385905538,28.0,30.0,42.0,29.565,75.992,True,False,2.841
28,2026-09-26 07:49:35+01:00,6.517527785,3.385876038,26.0,28.0,37.0,29.565,75.992,True,False,3.328
28,2026-09-26 07:49:36+01:00,6.517533086,3.385848498,23.0,25.0,32.0,29.565,75.992,True,False,3.099
28,2026-09-26 07:49:37+01:00,6.517535273,3.385832171,23.0,25.0,32.0,29.565,75.992,True,False,1.82
28,2026-09-26 07:49:38+01:00,6.517531377,3.385806263,23.0,25.0,32.0,29.565,75.992,True,False,2.895
28,2026-09-26 07:49:39+01:00,6.517533275,3.385785222,26.0,28.0,37.0,29.565,75.992,True,False,2.334
28,2026-09-26 07:49:40+01:00,6.517527011,3.385765379,26.0,28.0,37.0,29.565,75.992,True,False,2.3
28,2026-09-26 07:49:41+01:00,6.517512882,3.385744306,26.0,28.0,37.0,29.565,75.992,True,False,2.809
28,2026-09-26 07:49:42+01:00,6.517490688,3.385728416,26.0,28.0,37.0,29.565,75.992,True,False,3.029
28,2026-09-26 07:49:43+01:00,6.517477288,3.385710183,26.0,28.0,37.0,29.565,75.992,True,False,2.506
28,2026-09-26 07:49:44+01:00,6.517458725,3.385700422,28.0,30.0,42.0,29.565,75.992,True,False,2.329
28,2026-09-26 07:49:45+01:00,6.517432549,3.385685983,28.0,30.0,42.0,29.565,75.992,True,False,3.319
28,2026-09-26 07:49:46+01:00,6.517423878,3.385670647,28.0,30.0,42.0,29.565,75.992,True,False,1.949
28,2026-09-26 07:49:47+01:00,6.517400542,3.385661308,23.0,25.0,32.0,29.565,75.992,True,False,2.792
28,2026-09-26 07:49:48+01:00,6.517372318,3.385645985,23.0,25.0,32.0,29.565,75.992,True,False,3.566
28,2026-09-26 07:49:49+01:00,6.517351602,3.385638125,22.0,24.0,29.0,29.565,75.992,True,False,2.462
28,2026-09-26 07:49:50+01:00,6.517323666,3.385627995,23.0,25.0,32.0,29.565,75.992,True,False,3.302
28,2026-09-26 07:49:51+01:00,6.51730674,3.385610166,23.0,25.0,32.0,29.565,75.992,True,False,2.724
28,2026-09-26 07:49:52+01:00,6.517271739,3.385600471,23.0,25.0,32.0,29.565,75.992,False,False,4.037
28,2026-09-26 07:49:53+01:00,6.517258852,3.385590553,26.0,28.0,37.0,29.565,75.992,True,False,1.804
28,2026-09-26 07:49:54+01:00,6.517237221,3.385576416,28.0,30.0,42.0,29.565,75.992,True,False,2.868
28,2026-09-26 07:49:55+01:00,6.517217768,3.385555974,28.0,30.0,42.0,29.565,75.992,True,False,3.127
28,2026-09-26 07:49:56+01:00,6.517197783,3.385544192,26.0,28.0,37.0,29.565,75.992,True,False,2.575
28,2026-09-26 07:49:57+01:00,6.517179539,3.385528095,27.0,29.0,39.0,29.565,75.992,True,False,2.698
28,2026-09-26 07:49:58+01:00,6.517173196,3.385506405,30.0,33.0,47.0,29.565,75.992,True,False,2.498
28,2026-09-26 07:49:59+01:00,6.517169926,3.385483096,30.0,33.0,47.0,29.565,75.992,True,False,2.601
28,2026-09-26 07:50:00+01:00,6.517167709,3.385457254,30.0,33.0,47.0,29.565,75.992,True,False,2.866
28,2026-09-26 07:50:01+01:00,6.517167385,3.385437719,33.0,36.0,54.0,29.565,75.992,True,False,2.158
28,2026-09-26 07:50:02+01:00,6.517167558,3.385413461,33.0,36.0,54.0,29.565,75.992,True,False,2.68
28,2026-09-26 07:50:03+01:00,6.517167766,3.385388593,33.0,36.0,54.0,29.565,75.992,True,False,2.747
28,2026-09-26 07:50:04+01:00,6.517171569,3.385370291,33.0,36.0,54.0,29.565,75.992,True,False,2.066
28,2026-09-26 07:50:05+01:00,6.517168751,3.385348552,33.0,36.0,54.0,29.565,75.992,True,False,2.422
28,2026-09-26 07:50:06+01:00,6.517170859,3.385325618,33.0,36.0,54.0,29.565,75.992,True,False,2.544
28,2026-09-26 07:50:07+01:00,6.517172632,3.385306197,30.0,33.0,47.0,29.565,75.992,True,False,2.155
28,2026-09-26 07:50:08+01:00,6.517172875,3.385288436,30.0,33.0,47.0,29.565,75.992,True,False,1.962
28,2026-09-26 07:50:09+01:00,6.517157427,3.385270628,30.0,33.0,47.0,29.565,75.992,True,False,2.612
28,2026-09-26 07:50:10+01:00,6.517163109,3.385251148,30.0,33.0,47.0,29.565,75.992,True,False,2.243
28,2026-09-26 07:50:11+01:00,6.517155663,3.38523199,30.0,33.0,47.0,29.565,75.992,True,False,2.273
28,2026-09-26 07:50:12+01:00,6.517131166,3.385218261,30.0,33.0,47.0,29.565,75.992,True,False,3.118
28,2026-09-26 07:50:13+01:00,6.517109049,3.385211627,30.0,33.0,47.0,29.565,75.992,True,False,2.566
28,2026-09-26 07:50:14+01:00,6.517091082,3.385204052,28.0,30.0,42.0,29.565,75.992,True,False,2.166
28,2026-09-26 07:50:15+01:00,6.517069897,3.385198991,30.0,33.0,47.0,29.565,75.992,True,False,2.421
28,2026-09-26 07:50:16+01:00,6.517052163,3.385201514,28.0,30.0,42.0,29.565,75.992,True,False,1.992
28,2026-09-26 07:50:17+01:00,6.517036523,3.385196927,30.0,33.0,47.0,29.565,75.992,True,False,1.811
28,2026-09-26 07:50:18+01:00,6.517021854,3.385195877,30.0,33.0,47.0,29.565,75.992,True,False,1.635
28,2026-09-26 07:50:19+01:00,6.517002284,3.385191372,30.0,33.0,47.0,29.565,75.992,True,False,2.232
28,2026-09-26 07:50:20+01:00,6.516989783,3.385189898,30.0,33.0,47.0,29.565,75.992,True,False,1.4
28,2026-09-26 07:50:21+01:00,6.516977093,3.385188696,30.0,33.0,47.0,29.565,75.992,True,False,1.417
28,2026-09-26 07:50:22+01:00,6.516961395,3.385187833,30.0,33.0,47.0,29.565,75.992,True,False,1.748
28,2026-09-26 07:50:23+01:00,6.51694407,3.385183191,28.0,30.0,42.0,29.565,75.992,True,False,1.994
28,2026-09-26 07:50:24+01:00,6.516927609,3.385180945,28.0,30.0,42.0,29.565,75.992,True,False,1.847
28,2026-09-26 07:50:25+01:00,6.516903443,3.385181567,30.0,33.0,47.0,29.565,75.992,True,False,2.688
28,2026-09-26 07:50:26+01:00,6.516890345,3.385180752,30.0,33.0,47.0,29.565,75.992,True,False,1.459
28,2026-09-26 07:50:27+01:00,6.516870151,3.385174471,33.0,36.0,54.0,29.565,75.992,True,False,2.35
28,2026-09-26 07:50:28+01:00,6.516851553,3.385167032,33.0,36.0,54.0,29.565,75.992,True,False,2.225
28,2026-09-26 07:50:29+01:00,6.516834484,3.385163472,33.0,36.0,54.0,29.565,75.992,True,False,1.938
28,2026-09-26 07:50:30+01:00,6.516817497,3.385157043,33.0,36.0,54.0,29.565,75.992,True,False,2.018
28,2026-09-26 07:50:31+01:00,6.51680176,3.385155732,33.0,36.0,54.0,29.565,75.992,True,False,1.756
28,2026-09-26 07:50:32+01:00,6.516784715,3.385150074,33.0,36.0,54.0,28.066,79.949,True,False,1.996
28,2026-09-26 07:50:33+01:00,6.51677135,3.385145415,30.0,33.0,47.0,28.066,79.949,True,False,1.573
28,2026-09-26 07:50:34+01:00,6.516757209,3.3851405,33.0,36.0,54.0,28.066,79.949,True,False,1.664
28,2026-09-26 07:50:35+01:00,6.516746122,3.385132626,32.0,35.0,50.0,28.066,79.949,True,False,1.509
28,2026-09-26 07:50:36+01:00,6.516734801,3.385126681,28.0,30.0,42.0,28.066,79.949,True,False,1.42
28,2026-09-26 07:50:37+01:00,6.51672058,3.385126039,28.0,30.0,42.0,28.066,79.949,True,False,1.583
28,2026-09-26 07:50:38+01:00,6.51670811,3.385126402,28.0,30.0,42.0,28.066,79.949,True,False,1.387
28,2026-09-26 07:50:39+01:00,6.516696136,3.385120682,28.0,30.0,42.0,28.066,79.949,True,False,1.474
28,2026-09-26 07:50:40+01:00,6.51667413,3.385119256,28.0,30.0,42.0,28.066,79.949,True,False,2.452
28,2026-09-26 07:50:41+01:00,6.516658601,3.38511956,28.0,30.0,42.0,28.066,79.949,True,False,1.727
28,2026-09-26 07:50:42+01:00,6.51664094,3.385118148,28.0,30.0,42.0,28.066,79.949,True,False,1.97
28,2026-09-26 07:50:43+01:00,6.516620856,3.385112696,28.0,30.0,42.0,28.066,79.949,True,False,2.313
28,2026-09-26 07:50:44+01:00,6.516601145,3.385106749,33.0,36.0,54.0,28.066,79.949,True,False,2.288
28,2026-09-26 07:50:45+01:00,6.516582039,3.385102418,33.0,36.0,54.0,28.066,79.949,True,False,2.178
28,2026-09-26 07:50:46+01:00,6.516563998,3.385103603,33.0,36.0,54.0,28.066,79.949,True,False,2.01
28,2026-09-26 07:50:47+01:00,6.516546404,3.385102969,33.0,36.0,54.0,28.066,79.949,True,False,1.958
28,2026-09-26 07:50:48+01:00,6.516532226,3.385099679,33.0,36.0,54.0,28.066,79.949,True,False,1.618
28,2026-09-26 07:50:49+01:00,6.516511545,3.385099025,33.0,36.0,54.0,28.066,79.949,True,False,2.301
28,2026-09-26 07:50:50+01:00,6.516495682,3.385098105,30.0,33.0,47.0,28.066,79.949,True,False,1.767
28,2026-09-26 07:50:51+01:00,6.516476194,3.385094065,30.0,33.0,47.0,28.066,79.949,True,False,2.212
28,2026-09-26 07:50:52+01:00,6.516455324,3.38509608,30.0,33.0,47.0,28.066,79.949,True,False,2.331
28,2026-09-26 07:50:53+01:00,6.516441648,3.385097569,28.0,30.0,42.0,28.066,79.949,True,False,1.53
28,2026-09-26 07:50:54+01:00,6.516415965,3.385094061,28.0,30.0,42.0,28.066,79.949,True,False,2.882
28,2026-09-26 07:50:55+01:00,6.51640621,3.385097263,28.0,30.0,42.0,28.066,79.949,True,False,1.141
28,2026-09-26 07:50:56+01:00,6.516393004,3.385100081,28.0,30.0,42.0,28.066,79.949,True,False,1.501
28,2026-09-26 07:50:57+01:00,6.516379363,3.385100766,28.0,30.0,42.0,28.066,79.949,True,False,1.519
28,2026-09-26 07:50:58+01:00,6.516362244,3.385100695,28.0,30.0,42.0,28.066,79.949,True,False,1.904
28,2026-09-26 07:50:59+01:00,6.516348797,3.385099817,28.0,30.0,42.0,28.066,79.949,True,False,1.498
28,2026-09-26 07:51:00+01:00,6.516330707,3.385098682,28.0,30.0,42.0,28.066,79.949,True,False,2.015
28,2026-09-26 07:51:01+01:00,6.516314459,3.385091903,28.0,30.0,42.0,28.066,79.949,True,False,1.956
28,2026-09-26 07:51:02+01:00,6.516297713,3.385096405,28.0,30.0,42.0,28.066,79.949,True,False,1.927
28,2026-09-26 07:51:03+01:00,6.51626415,3.385099761,28.0,30.0,42.0,28.066,79.949,True,False,3.75
28,2026-09-26 07:51:04+01:00,6.516253011,3.385099467,30.0,33.0,47.0,28.066,79.949,True,False,1.239
28,2026-09-26 07:51:05+01:00,6.516229606,3.385108901,30.0,33.0,47.0,28.066,79.949,True,False,2.803
28,2026-09-26 07:51:06+01:00,6.516212982,3.385109717,28.0,30.0,42.0,28.066,79.949,True,False,1.851
28,2026-09-26 07:51:07+01:00,6.516196627,3.385113425,28.0,30.0,42.0,28.066,79.949,True,False,1.864
28,2026-09-26 07:51:08+01:00,6.516181194,3.385115644,26.0,28.0,37.0,28.066,79.949,True,False,1.733
28,2026-09-26 07:51:09+01:00,6.516167287,3.385121237,26.0,28.0,37.0,28.066,79.949,True,False,1.665
28,2026-09-26 07:51:10+01:00,6.51615204,3.385125809,26.0,28.0,37.0,28.066,79.949,True,False,1.769
28,2026-09-26 07:51:11+01:00,6.516137882,3.385129803,23.0,25.0,32.0,28.066,79.949,True,False,1.635
28,2026-09-26 07:51:12+01:00,6.516124195,3.385133936,23.0,25.0,32.0,28.066,79.949,True,False,1.589
28,2026-09-26 07:51:13+01:00,6.516109538,3.385143955,23.0,25.0,32.0,28.066,79.949,True,False,1.97
28,2026-09-26 07:51:14+01:00,6.51609117,3.385148796,23.0,25.0,32.0,28.066,79.949,True,False,2.111
28,2026-09-26 07:51:15+01:00,6.516072826,3.385152973,22.0,24.0,29.0,28.066,79.949,True,False,2.091
28,2026-09-26 07:51:16+01:00,6.51605449,3.385154862,21.0,23.0,27.0,28.066,79.949,True,False,2.05
28,2026-09-26 07:51:17+01:00,6.51603458,3.385156231,21.0,23.0,27.0,28.066,79.949,True,False,2.219
28,2026-09-26 07:51:18+01:00,6.516017292,3.385183945,22.0,24.0,29.0,28.066,79.949,True,False,3.615
28,2026-09-26 07:51:19+01:00,6.515998583,3.385192634,22.0,24.0,29.0,28.066,79.949,True,False,2.291
28,2026-09-26 07:51:20+01:00,6.515980728,3.385203524,22.0,24.0,29.0,28.066,79.949,True,False,2.321
28,2026-09-26 07:51:21+01:00,6.515970687,3.385225674,22.0,24.0,29.0,28.066,79.949,True,False,2.69
28,2026-09-26 07:51:22+01:00,6.515957293,3.385239839,21.0,23.0,27.0,28.066,79.949,True,False,2.16
28,2026-09-26 07:51:23+01:00,6.515944883,3.385254304,23.0,25.0,32.0,28.066,79.949,True,False,2.111
28,2026-09-26 07:51:24+01:00,6.51593313,3.385268374,23.0,25.0,32.0,28.066,79.949,True,False,2.031
28,2026-09-26 07:51:25+01:00,6.515921464,3.385285478,23.0,25.0,32.0,28.066,79.949,True,False,2.292
28,2026-09-26 07:51:26+01:00,6.515914271,3.385302977,23.0,25.0,32.0,28.066,79.949,True,False,2.092
28,2026-09-26 07:51:27+01:00,6.515900624,3.385313559,23.0,25.0,32.0,28.066,79.949,True,False,1.916
28,2026-09-26 07:51:28+01:00,6.515877797,3.385317056,23.0,25.0,32.0,28.066,79.949,True,False,2.567
28,2026-09-26 07:51:29+01:00,6.51587048,3.385336015,26.0,28.0,37.0,28.066,79.949,True,False,2.247
28,2026-09-26 07:51:30+01:00,6.515859502,3.385349846,26.0,28.0,37.0,28.066,79.949,True,False,1.956
28,2026-09-26 07:51:31+01:00,6.515843106,3.385363322,26.0,28.0,37.0,28.066,79.949,True,False,2.354
28,2026-09-26 07:51:32+01:00,6.515832844,3.385371683,28.0,30.0,42.0,27.566,83.274,True,False,1.468
28,2026-09-26 07:51:33+01:00,6.515821348,3.385385396,28.0,30.0,42.0,27.566,83.274,True,False,1.982
28,2026-09-26 07:51:34+01:00,6.515810934,3.385388479,26.0,28.0,37.0,27.566,83.274,True,False,1.207
28,2026-09-26 07:51:35+01:00,6.515798346,3.385397247,26.0,28.0,37.0,27.566,83.274,True,False,1.702
28,2026-09-26 07:51:36+01:00,6.515784866,3.385405908,27.0,29.0,39.0,27.566,83.274,True,False,1.778
28,2026-09-26 07:51:37+01:00,6.51577552,3.385413895,28.0,30.0,42.0,27.566,83.274,True,False,1.363
28,2026-09-26 07:51:38+01:00,6.51576337,3.385426514,28.0,30.0,42.0,27.566,83.274,True,False,1.941
28,2026-09-26 07:51:39+01:00,6.515752357,3.385431901,28.0,30.0,42.0,27.566,83.274,True,False,1.362
28,2026-09-26 07:51:40+01:00,6.515738549,3.38544155,28.0,30.0,42.0,27.566,83.274,True,False,1.869
28,2026-09-26 07:51:41+01:00,6.515726413,3.385451146,28.0,30.0,42.0,27.566,83.274,True,False,1.716
28,2026-09-26 07:51:42+01:00,6.515715501,3.385461874,28.0,30.0,42.0,27.566,83.274,True,False,1.696
28,2026-09-26 07:51:43+01:00,6.515712382,3.385468604,28.0,30.0,42.0,27.566,83.274,True,False,0.82
28,2026-09-26 07:51:44+01:00,6.51570061,3.385481003,26.0,28.0,37.0,27.566,83.274,True,False,1.895
28,2026-09-26 07:51:45+01:00,6.515689972,3.385492003,26.0,28.0,37.0,27.566,83.274,True,False,1.696
28,2026-09-26 07:51:46+01:00,6.515681823,3.38550262,26.0,28.0,37.0,27.566,83.274,True,False,1.482
28,2026-09-26 07:51:47+01:00,6.515672724,3.385515852,26.0,28.0,37.0,27.566,83.274,True,False,1.778
28,2026-09-26 07:51:48+01:00,6.515666728,3.385524824,26.0,28.0,37.0,27.566,83.274,True,False,1.195
28,2026-09-26 07:51:49+01:00,6.515657435,3.385535765,23.0,25.0,32.0,27.566,83.274,True,False,1.59
28,2026-09-26 07:51:50+01:00,6.515648798,3.385544256,22.0,24.0,29.0,27.566,83.274,True,False,1.342
28,2026-09-26 07:51:51+01:00,6.515643779,3.385557382,23.0,25.0,32.0,27.566,83.274,True,False,1.554
28,2026-09-26 07:51:52+01:00,6.515637672,3.385569128,23.0,25.0,32.0,27.566,83.274,True,False,1.465
28,2026-09-26 07:51:53+01:00,6.515631696,3.38558135,23.0,25.0,32.0,27.566,83.274,True,False,1.505
28,2026-09-26 07:51:54+01:00,6.515624558,3.385597913,23.0,25.0,32.0,27.566,83.274,True,False,1.995
28,2026-09-26 07:51:55+01:00,6.515618557,3.385605515,23.0,25.0,32.0,27.566,83.274,True,False,1.073
28,2026-09-26 07:51:56+01:00,6.515614491,3.385618365,23.0,25.0,32.0,27.566,83.274,True,False,1.49
28,2026-09-26 07:51:57+01:00,6.51560928,3.385628899,23.0,25.0,32.0,27.566,83.274,True,False,1.3
28,2026-09-26 07:51:58+01:00,6.515607054,3.385646149,23.0,25.0,32.0,27.566,83.274,True,False,1.922
28,2026-09-26 07:51:59+01:00,6.515603062,3.385657276,23.0,25.0,32.0,27.566,83.274,True,False,1.307
28,2026-09-26 07:52:00+01:00,6.515599735,3.385669321,23.0,25.0,32.0,27.566,83.274,True,False,1.381
28,2026-09-26 07:52:01+01:00,6.515593444,3.385678642,23.0,25.0,32.0,27.566,83.274,True,False,1.245
28,2026-09-26 07:52:02+01:00,6.51558938,3.38569939,23.0,25.0,32.0,27.566,83.274,True,False,2.336
28,2026-09-26 07:52:03+01:00,6.515578942,3.385707636,23.0,25.0,32.0,27.566,83.274,True,False,1.475
28,2026-09-26 07:52:04+01:00,6.515575014,3.38574332,22.0,24.0,29.0,27.566,83.274,True,False,3.966
28,2026-09-26 07:52:05+01:00,6.515568045,3.385749842,22.0,24.0,29.0,27.566,83.274,True,False,1.058
28,2026-09-26 07:52:06+01:00,6.515556659,3.38577053,22.0,24.0,29.0,27.566,83.274,True,False,2.613
28,2026-09-26 07:52:07+01:00,6.515546017,3.385792558,22.0,24.0,29.0,27.566,83.274,True,False,2.706
28,2026-09-26 07:52:08+01:00,6.515535161,3.385802441,22.0,24.0,29.0,27.566,83.274,True,False,1.628
28,2026-09-26 07:52:09+01:00,6.515524395,3.385833661,22.0,24.0,29.0,27.566,83.274,True,False,3.651
28,2026-09-26 07:52:10+01:00,6.51551184,3.385847441,22.0,24.0,29.0,27.566,83.274,True,False,2.066
28,2026-09-26 07:52:11+01:00,6.515502443,3.385866217,21.0,23.0,27.0,27.566,83.274,True,False,2.323
28,2026-09-26 07:52:12+01:00,6.515491906,3.38589064,21.0,23.0,27.0,27.566,83.274,True,False,2.942
28,2026-09-26 07:52:13+01:00,6.515484832,3.385909676,21.0,23.0,27.0,27.566,83.274,True,False,2.245
28,2026-09-26 07:52:14+01:00,6.515482008,3.385939941,22.0,24.0,29.0,27.566,83.274,True,False,3.358
28,2026-09-26 07:52:15+01:00,6.515470122,3.385963265,22.0,24.0,29.0,27.566,83.274,True,False,2.896
28,2026-09-26 07:52:16+01:00,6.515467259,3.385982349,21.0,23.0,27.0,27.566,83.274,True,False,2.132
28,2026-09-26 07:52:17+01:00,6.5154571,3.386015169,21.0,23.0,27.0,27.566,83.274,True,False,3.798
28,2026-09-26 07:52:18+01:00,6.515443419,3.386023414,21.0,23.0,27.0,27.566,83.274,True,False,1.773
28,2026-09-26 07:52:19+01:00,6.515429512,3.386041727,21.0,23.0,27.0,27.566,83.274,True,False,2.546
28,2026-09-26 07:52:20+01:00,6.51541082,3.386052123,21.0,23.0,27.0,27.566,83.274,True,False,2.375
28,2026-09-26 07:52:21+01:00,6.515403583,3.386079635,22.0,24.0,29.0,27.566,83.274,True,False,3.144
28,2026-09-26 07:52:22+01:00,6.515386186,3.386088752,22.0,24.0,29.0,27.566,83.274,True,False,2.181
28,2026-09-26 07:52:23+01:00,6.51536988,3.386103728,21.0,23.0,27.0,27.566,83.274,True,False,2.455
28,2026-09-26 07:52:24+01:00,6.515354482,3.386118206,21.0,23.0,27.0,27.566,83.274,True,False,2.343
28,2026-09-26 07:52:25+01:00,6.515343321,3.386131176,21.0,23.0,27.0,27.566,83.274,True,False,1.896
28,2026-09-26 07:52:26+01:00,6.515334002,3.386143762,21.0,23.0,27.0,27.566,83.274,True,False,1.734
28,2026-09-26 07:52:27+01:00,6.515327205,3.386145463,21.0,23.0,27.0,27.566,83.274,True,False,0.779
28,2026-09-26 07:52:28+01:00,6.515325001,3.38615166,21.0,23.0,27.0,27.566,83.274,True,False,0.727
28,2026-09-26 07:52:29+01:00,6.515318982,3.386153749,21.0,23.0,27.0,27.566,83.274,True,False,0.708
28,2026-09-26 07:52:30+01:00,6.515310858,3.386158382,20.0,22.0,25.0,27.566,83.274,True,False,1.038
28,2026-09-26 07:52:31+01:00,6.515310797,3.386162324,20.0,22.0,25.0,27.566,83.274,True,False,0.436
28,2026-09-26 07:52:32+01:00,6.515308837,3.386162624,20.0,22.0,25.0,27.566,83.822,True,True,0.22
28,2026-09-26 07:52:33+01:00,6.515306838,3.386163303,20.0,22.0,25.0,27.566,83.822,True,True,0.235
28,2026-09-26 07:52:34+01:00,6.515300928,3.386164016,20.0,22.0,25.0,27.566,83.822,True,True,0.662
28,2026-09-26 07:52:35+01:00,6.515304118,3.386164372,21.0,22.0,26.0,27.566,83.822,True,True,0.357
28,2026-09-26 07:52:36+01:00,6.515308319,3.386166709,21.0,23.0,27.0,27.566,83.822,True,True,0.534
28,2026-09-26 07:52:37+01:00,6.515315274,3.386166758,22.0,24.0,29.0,27.566,83.822,True,True,0.773
28,2026-09-26 07:52:38+01:00,6.515321,3.38616275,22.0,24.0,29.0,27.566,83.822,True,True,0.776
28,2026-09-26 07:52:39+01:00,6.515317075,3.386163276,22.0,24.0,29.0,27.566,83.822,True,True,0.44
28,2026-09-26 07:52:40+01:00,6.515317619,3.386155587,22.0,24.0,29.0,27.566,83.822,True,True,0.852
28,2026-09-26 07:52:41+01:00,6.515317601,3.386157503,21.0,23.0,27.0,27.566,83.822,True,True,0.212
28,2026-09-26 07:52:42+01:00,6.515317201,3.386168015,22.0,24.0,29.0,27.566,83.822,True,True,1.162
28,2026-09-26 07:52:43+01:00,6.515316865,3.386166893,22.0,24.0,29.0,27.566,83.822,True,True,0.129
28,2026-09-26 07:52:44+01:00,6.515316879,3.386166653,23.0,25.0,30.0,27.566,83.822,True,True,0.027
28,2026-09-26 07:52:45+01:00,6.515321436,3.38616761,23.0,25.0,32.0,27.566,83.822,True,True,0.518
28,2026-09-26 07:52:46+01:00,6.51531701,3.386169448,23.0,25.0,32.0,27.566,83.822,True,True,0.532
28,2026-09-26 07:52:47+01:00,6.515294557,3.386171631,21.0,23.0,27.0,27.566,83.822,True,True,2.508
28,2026-09-26 07:52:48+01:00,6.515268493,3.386179692,21.0,23.0,27.0,27.566,83.822,True,True,3.032
28,2026-09-26 07:52:49+01:00,6.515239237,3.386184451,21.0,23.0,27.0,27.566,83.822,True,True,3.295
28,2026-09-26 07:52:50+01:00,6.515215414,3.386184841,21.0,23.0,27.0,27.566,83.822,True,True,2.649
28,2026-09-26 07:52:51+01:00,6.515192013,3.386213326,21.0,23.0,27.0,27.566,83.822,False,True,4.083
28,2026-09-26 07:52:52+01:00,6.515175028,3.386233537,21.0,23.0,27.0,27.566,83.822,True,True,2.924
28,2026-09-26 07:52:53+01:00,6.515154938,3.386252868,21.0,23.0,27.0,27.566,83.822,True,True,3.091
28,2026-09-26 07:52:54+01:00,6.515132201,3.38626904,21.0,23.0,27.0,27.566,83.822,True,True,3.096
28,2026-09-26 07:52:55+01:00,6.515110468,3.386286967,21.0,23.0,27.0,27.566,83.822,True,True,3.124
28,2026-09-26 07:52:56+01:00,6.515088384,3.386300277,21.0,23.0,27.0,27.566,83.822,True,True,2.862
28,2026-09-26 07:52:57+01:00,6.515065182,3.386311144,22.0,24.0,29.0,27.566,83.822,True,True,2.846
28,2026-09-26 07:52:58+01:00,6.515047123,3.386314633,22.0,24.0,29.0,27.566,83.822,True,True,2.045
28,2026-09-26 07:52:59+01:00,6.515029677,3.38632669,21.0,23.0,27.0,27.566,83.822,True,True,2.353
28,2026-09-26 07:53:00+01:00,6.515013533,3.386337008,21.0,23.0,27.0,27.566,83.822,True,True,2.126
28,2026-09-26 07:53:01+01:00,6.514998763,3.38635279,21.0,23.0,27.0,27.566,83.822,True,True,2.395
28,2026-09-26 07:53:02+01:00,6.514984395,3.386366566,21.0,23.0,27.0,27.566,83.822,True,True,2.207
28,2026-09-26 07:53:03+01:00,6.514969325,3.386380287,21.0,23.0,27.0,27.566,83.822,True,True,2.26
28,2026-09-26 07:53:04+01:00,6.514953652,3.386390068,21.0,23.0,27.0,27.566,83.822,True,True,2.051
28,2026-09-26 07:53:05+01:00,6.514938375,3.386397373,21.0,23.0,27.0,27.566,83.822,True,True,1.881
28,2026-09-26 07:53:06+01:00,6.514925032,3.386408308,21.0,23.0,27.0,27.566,83.822,True,True,1.913
28,2026-09-26 07:53:07+01:00,6.514914283,3.386419881,21.0,23.0,27.0,27.566,83.822,True,True,1.75
28,2026-09-26 07:53:08+01:00,6.514904711,3.38643154,22.0,24.0,29.0,27.566,83.822,True,True,1.671
28,2026-09-26 07:53:09+01:00,6.514896963,3.386442403,22.0,24.0,29.0,27.566,83.822,True,True,1.477
28,2026-09-26 07:53:10+01:00,6.514886903,3.386451399,22.0,24.0,29.0,27.566,83.822,True,True,1.496
28,2026-09-26 07:53:11+01:00,6.514875061,3.386458519,21.0,23.0,27.0,27.566,83.822,True,True,1.534
28,2026-09-26 07:53:12+01:00,6.514863155,3.386464881,21.0,23.0,27.0,27.566,83.822,True,True,1.499
28,2026-09-26 07:53:13+01:00,6.514852679,3.386473555,21.0,23.0,27.0,27.566,83.822,True,True,1.508
28,2026-09-26 07:53:14+01:00,6.514841961,3.386483487,21.0,23.0,27.0,27.566,83.822,True,True,1.62
28,2026-09-26 07:53:15+01:00,6.514832434,3.386492653,21.0,23.0,27.0,27.566,83.822,True,True,1.465
28,2026-09-26 07:53:16+01:00,6.514823204,3.386500456,21.0,23.0,27.0,27.566,83.822,True,True,1.34
28,2026-09-26 07:53:17+01:00,6.514812971,3.386508803,21.0,23.0,27.0,27.566,83.822,True,True,1.465
28,2026-09-26 07:53:18+01:00,6.514804716,3.386513812,21.0,23.0,27.0,27.566,83.822,True,True,1.072
28,2026-09-26 07:53:19+01:00,6.514798446,3.386521547,21.0,23.0,27.0,27.566,83.822,True,True,1.103
28,2026-09-26 07:53:20+01:00,6.514789121,3.386529625,21.0,23.0,27.0,27.566,83.822,True,True,1.368
28,2026-09-26 07:53:21+01:00,6.514780072,3.386537452,21.0,23.0,27.0,27.566,83.822,True,True,1.327
28,2026-09-26 07:53:22+01:00,6.51476739,3.386547985,21.0,23.0,27.0,27.566,83.822,True,True,1.828
28,2026-09-26 07:53:23+01:00,6.514752089,3.386561127,20.0,22.0,25.0,27.566,83.822,True,True,2.237
28,2026-09-26 07:53:24+01:00,6.514735351,3.386573291,20.0,22.0,25.0,27.566,83.822,True,True,2.296
28,2026-09-26 07:53:25+01:00,6.514715556,3.386582764,20.0,22.0,25.0,27.566,83.822,True,True,2.437
28,2026-09-26 07:53:26+01:00,6.51470364,3.386602271,20.0,22.0,25.0,27.566,83.822,True,True,2.53
28,2026-09-26 07:53:27+01:00,6.514678325,3.386616169,21.0,23.0,27.0,27.566,83.822,True,True,3.206
28,2026-09-26 07:53:28+01:00,6.514664536,3.386635443,21.0,23.0,27.0,27.566,83.822,True,True,2.624
28,2026-09-26 07:53:29+01:00,6.514643861,3.386648262,21.0,23.0,27.0,27.566,83.822,True,True,2.7
28,2026-09-26 07:53:30+01:00,6.514626287,3.38666305,21.0,23.0,27.0,27.566,83.822,True,True,2.547
28,2026-09-26 07:53:31+01:00,6.514608395,3.386678022,21.0,23.0,27.0,27.566,83.822,True,True,2.587
28,2026-09-26 07:53:32+01:00,6.514577229,3.386692752,21.0,23.0,27.0,27.566,84.914,True,True,3.829
28,2026-09-26 07:53:33+01:00,6.514569377,3.386705666,21.0,23.0,27.0,27.566,84.914,True,True,1.673
28,2026-09-26 07:53:34+01:00,6.514546864,3.386718603,20.0,22.0,25.0,27.566,84.914,True,True,2.883
28,2026-09-26 07:53:35+01:00,6.514536661,3.38672926,20.0,22.0,25.0,27.566,84.914,True,True,1.635
28,2026-09-26 07:53:36+01:00,6.51451593,3.386749359,22.0,24.0,29.0,27.566,84.914,True,True,3.201
28,2026-09-26 07:53:37+01:00,6.514501563,3.386765556,21.0,23.0,27.0,27.566,84.914,True,True,2.399
28,2026-09-26 07:53:38+01:00,6.514480032,3.386786756,21.0,23.0,27.0,27.566,84.914,True,True,3.349
28,2026-09-26 07:53:39+01:00,6.514458347,3.386808949,22.0,24.0,29.0,27.566,84.914,True,True,3.439
28,2026-09-26 07:53:40+01:00,6.514444276,3.386818762,22.0,24.0,29.0,27.566,84.914,True,True,1.904
28,2026-09-26 07:53:41+01:00,6.514433964,3.386832025,21.0,23.0,27.0,27.566,84.914,True,True,1.861
28,2026-09-26 07:53:42+01:00,6.514421963,3.386843329,21.0,23.0,27.0,27.566,84.914,True,True,1.828
28,2026-09-26 07:53:43+01:00,6.514408028,3.38685725,22.0,24.0,29.0,27.566,84.914,True,True,2.183
28,2026-09-26 07:53:44+01:00,6.514399161,3.386855448,21.0,23.0,27.0,27.566,84.914,True,True,1.006
28,2026-09-26 07:53:45+01:00,6.514392421,3.386862122,20.0,22.0,25.0,27.566,84.914,True,True,1.051
28,2026-09-26 07:53:46+01:00,6.514385397,3.386874715,20.0,22.0,25.0,27.566,84.914,True,True,1.595
28,2026-09-26 07:53:47+01:00,6.51437699,3.38688242,21.0,23.0,27.0,27.566,84.914,True,True,1.264
28,2026-09-26 07:53:48+01:00,6.514366071,3.386890411,21.0,23.0,27.0,27.566,84.914,True,True,1.501
28,2026-09-26 07:53:49+01:00,6.51435654,3.386901353,21.0,23.0,27.0,27.566,84.914,True,True,1.608
28,2026-09-26 07:53:50+01:00,6.514347302,3.386907725,21.0,23.0,27.0,27.566,84.914,True,True,1.245
28,2026-09-26 07:53:51+01:00,6.514343922,3.38691217,21.0,23.0,27.0,27.566,84.914,True,True,0.618
28,2026-09-26 07:53:52+01:00,6.514333608,3.386923285,21.0,23.0,27.0,27.566,84.914,True,True,1.68
28,2026-09-26 07:53:53+01:00,6.514321452,3.386934976,21.0,23.0,27.0,27.566,84.914,True,True,1.87
28,2026-09-26 07:53:54+01:00,6.51431657,3.386946576,21.0,23.0,27.0,27.566,84.914,True,True,1.392
28,2026-09-26 07:53:55+01:00,6.514304793,3.386957701,21.0,23.0,27.0,27.566,84.914,True,True,1.796
28,2026-09-26 07:53:56+01:00,6.514294223,3.386965721,21.0,23.0,27.0,27.566,84.914,True,True,1.472
28,2026-09-26 07:53:57+01:00,6.514290765,3.386980533,19.0,21.0,22.0,27.566,84.914,True,True,1.681
28,2026-09-26 07:53:58+01:00,6.514280617,3.38699222,19.0,21.0,22.0,27.566,84.914,True,True,1.715
28,2026-09-26 07:53:59+01:00,6.51427225,3.387002585,20.0,22.0,25.0,27.566,84.914,True,True,1.475
28,2026-09-26 07:54:00+01:00,6.514263944,3.387012911,21.0,23.0,27.0,27.566,84.914,True,True,1.468
28,2026-09-26 07:54:01+01:00,6.514250032,3.387020663,21.0,23.0,27.0,27.566,84.914,True,True,1.768
28,2026-09-26 07:54:02+01:00,6.51424041,3.387026342,21.0,23.0,27.0,27.566,84.914,True,True,1.24
28,2026-09-26 07:54:03+01:00,6.514233824,3.38703521,21.0,23.0,27.0,27.566,84.914,True,True,1.223
28,2026-09-26 07:54:04+01:00,6.514224592,3.387045299,21.0,23.0,27.0,27.566,84.914,True,True,1.515
28,2026-09-26 07:54:05+01:00,6.514217557,3.387053166,21.0,22.0,26.0,27.566,84.914,True,True,1.169
28,2026-09-26 07:54:06+01:00,6.514211057,3.387061151,20.0,22.0,25.0,27.566,84.914,True,True,1.14
28,2026-09-26 07:54:07+01:00,6.514205877,3.387072284,20.0,22.0,25.0,27.566,84.914,True,True,1.358
28,2026-09-26 07:54:08+01:00,6.514195369,3.387084205,20.0,22.0,25.0,27.566,84.914,True,True,1.761
28,2026-09-26 07:54:09+01:00,6.514191279,3.387090778,20.0,22.0,25.0,27.566,84.914,True,True,0.857
28,2026-09-26 07:54:10+01:00,6.514181483,3.387097913,20.0,22.0,25.0,27.566,84.914,True,True,1.345
28,2026-09-26 07:54:11+01:00,6.514175137,3.387104676,20.0,22.0,25.0,27.566,84.914,True,True,1.028
28,2026-09-26 07:54:12+01:00,6.514169564,3.387111469,20.0,22.0,25.0,27.566,84.914,True,True,0.973
28,2026-09-26 07:54:13+01:00,6.514162326,3.387117843,20.0,22.0,25.0,27.566,84.914,True,True,1.069
28,2026-09-26 07:54:14+01:00,6.514155189,3.387127189,21.0,23.0,27.0,27.566,84.914,True,True,1.302
28,2026-09-26 07:54:15+01:00,6.514154186,3.387134023,21.0,23.0,27.0,27.566,84.914,True,True,0.763
28,2026-09-26 07:54:16+01:00,6.514154233,3.387137077,21.0,23.0,27.0,27.566,84.914,True,True,0.337
28,2026-09-26 07:54:17+01:00,6.514154115,3.387141724,20.0,22.0,25.0,27.566,84.914,True,True,0.514
28,2026-09-26 07:54:18+01:00,6.514153613,3.387138812,20.0,22.0,25.0,27.566,84.914,True,True,0.327
28,2026-09-26 07:54:19+01:00,6.514151335,3.387139805,20.0,22.0,25.0,27.566,84.914,True,True,0.276
28,2026-09-26 07:54:20+01:00,6.514150876,3.3871419,20.0,22.0,25.0,27.566,84.914,True,True,0.237
28,2026-09-26 07:54:21+01:00,6.514151966,3.387141121,20.0,22.0,25.0,27.566,84.914,True,True,0.149
28,2026-09-26 07:54:22+01:00,6.51415,3.387141177,21.0,23.0,27.0,27.566,84.914,True,True,0.219
28,2026-09-26 07:54:23+01:00,6.514142346,3.387142543,21.0,23.0,27.0,27.566,84.914,True,True,0.864
28,2026-09-26 07:54:24+01:00,6.514134116,3.387151783,21.0,23.0,27.0,27.566,84.914,True,True,1.371
28,2026-09-26 07:54:25+01:00,6.514125586,3.387172391,22.0,24.0,29.0,27.566,84.914,True,True,2.466
28,2026-09-26 07:54:26+01:00,6.514121045,3.387179606,23.0,25.0,32.0,27.566,84.914,True,True,0.944
28,2026-09-26 07:54:27+01:00,6.514114178,3.387180176,23.0,25.0,32.0,27.566,84.914,True,True,0.766
28,2026-09-26 07:54:28+01:00,6.514109445,3.387183701,23.0,25.0,32.0,27.566,84.914,True,True,0.655
28,2026-09-26 07:54:29+01:00,6.5140997,3.387191428,23.0,25.0,32.0,27.566,84.914,True,True,1.379
28,2026-09-26 07:54:30+01:00,6.514086365,3.387202628,23.0,25.0,32.0,27.566,84.914,True,True,1.931
28,2026-09-26 07:54:31+01:00,6.514075382,3.387207153,23.0,25.0,32.0,27.566,84.914,True,True,1.32
28,2026-09-26 07:54:32+01:00,6.514068451,3.387212255,23.0,25.0,32.0,27.566,84.369,True,True,0.955
28,2026-09-26 07:54:33+01:00,6.514063558,3.387226088,23.0,25.0,32.0,27.566,84.369,True,True,1.622
28,2026-09-26 07:54:34+01:00,6.51405348,3.387239021,22.0,24.0,29.0,27.566,84.369,True,True,1.816
28,2026-09-26 07:54:35+01:00,6.514045732,3.387247835,22.0,24.0,29.0,27.566,84.369,True,True,1.3
28,2026-09-26 07:54:36+01:00,6.514038208,3.387254567,21.0,23.0,27.0,27.566,84.369,True,True,1.119
28,2026-09-26 07:54:37+01:00,6.514026993,3.387264006,21.0,22.0,26.0,27.566,84.369,True,True,1.626
28,2026-09-26 07:54:38+01:00,6.514017314,3.387274145,20.0,22.0,25.0,27.566,84.369,True,True,1.553
28,2026-09-26 07:54:39+01:00,6.514010101,3.387283778,20.0,22.0,25.0,27.566,84.369,True,True,1.333
28,2026-09-26 07:54:40+01:00,6.514001956,3.387294566,20.0,22.0,25.0,27.566,84.369,True,True,1.497
28,2026-09-26 07:54:41+01:00,6.513993069,3.387304029,21.0,23.0,27.0,27.566,84.369,True,True,1.439
28,2026-09-26 07:54:42+01:00,6.513975376,3.387318943,21.0,23.0,27.0,27.566,84.369,True,True,2.566
28,2026-09-26 07:54:43+01:00,6.513967899,3.387327297,21.0,23.0,27.0,27.566,84.369,True,True,1.242
28,2026-09-26 07:54:44+01:00,6.513952261,3.38734232,21.0,23.0,27.0,27.566,84.369,True,True,2.404
28,2026-09-26 07:54:45+01:00,6.513930799,3.387371737,21.0,23.0,27.0,27.566,84.369,False,True,4.032
28,2026-09-26 07:54:46+01:00,6.513919063,3.387378777,21.0,23.0,27.0,27.566,84.369,True,True,1.519
28,2026-09-26 07:54:47+01:00,6.513900262,3.387398279,21.0,23.0,27.0,27.566,84.369,True,True,3.002
28,2026-09-26 07:54:48+01:00,6.513879121,3.387409627,20.0,22.0,25.0,27.566,84.369,True,True,2.664
28,2026-09-26 07:54:49+01:00,6.513862036,3.387416762,20.0,22.0,25.0,27.566,84.369,True,True,2.057
28,2026-09-26 07:54:50+01:00,6.513842476,3.387441156,20.0,22.0,25.0,27.566,84.369,True,True,3.463
28,2026-09-26 07:54:51+01:00,6.513823355,3.387451451,20.0,22.0,25.0,27.566,84.369,True,True,2.411
28,2026-09-26 07:54:52+01:00,6.513808195,3.387473007,21.0,22.0,26.0,27.566,84.369,True,True,2.918
28,2026-09-26 07:54:53+01:00,6.513781227,3.387497671,21.0,23.0,27.0,27.566,84.369,False,True,4.052
28,2026-09-26 07:54:54+01:00,6.513762296,3.387514675,21.0,23.0,27.0,27.566,84.369,True,True,2.821
28,2026-09-26 07:54:55+01:00,6.51373627,3.387531057,20.0,22.0,25.0,27.566,84.369,True,True,3.413
28,2026-09-26 07:54:56+01:00,6.513726753,3.38755293,19.0,21.0,22.0,27.566,84.369,True,True,2.638
28,2026-09-26 07:54:57+01:00,6.513709686,3.387569651,18.0,20.0,21.0,27.566,84.369,True,True,2.648
28,2026-09-26 07:54:58+01:00,6.51369272,3.387590689,19.0,21.0,22.0,27.566,84.369,True,True,2.993
28,2026-09-26 07:54:59+01:00,6.513677032,3.387625631,19.0,21.0,22.0,27.566,84.369,False,True,4.236
28,2026-09-26 07:55:00+01:00,6.513668007,3.387646172,19.0,21.0,22.0,27.566,84.369,True,True,2.481
28,2026-09-26 07:55:01+01:00,6.513651749,3.38765519,19.0,21.0,22.0,27.566,84.369,True,True,2.064
28,2026-09-26 07:55:02+01:00,6.513636775,3.387678963,19.0,21.0,22.0,27.566,84.369,True,True,3.11
28,2026-09-26 07:55:03+01:00,6.513622328,3.387699435,19.0,21.0,22.0,27.566,84.369,True,True,2.774
28,2026-09-26 07:55:04+01:00,6.513614264,3.387704576,17.0,18.0,19.0,27.566,84.369,True,True,1.061
28,2026-09-26 07:55:05+01:00,6.513600597,3.387702066,17.0,18.0,19.0,27.566,84.369,True,True,1.545
28,2026-09-26 07:55:06+01:00,6.513597121,3.38771903,17.0,18.0,19.0,27.566,84.369,True,True,1.914
28,2026-09-26 07:55:07+01:00,6.513591222,3.387731998,17.0,18.0,19.0,27.566,84.369,True,True,1.576
28,2026-09-26 07:55:08+01:00,6.513579286,3.387746468,18.0,20.0,21.0,27.566,84.369,True,True,2.078
28,2026-09-26 07:55:09+01:00,6.513567471,3.387754232,18.0,20.0,21.0,27.566,84.369,True,True,1.569
28,2026-09-26 07:55:10+01:00,6.51355679,3.387764213,17.0,18.0,19.0,27.566,84.369,True,True,1.621
28,2026-09-26 07:55:11+01:00,6.513545319,3.387778246,17.0,18.0,19.0,27.566,84.369,True,True,2.008
28,2026-09-26 07:55:12+01:00,6.513533709,3.387796873,17.0,18.0,19.0,27.566,84.369,True,True,2.429
28,2026-09-26 07:55:13+01:00,6.513525001,3.387815451,18.0,20.0,21.0,27.566,84.369,True,True,2.269
28,2026-09-26 07:55:14+01:00,6.513515735,3.387835121,19.0,21.0,22.0,27.566,84.369,True,True,2.405
28,2026-09-26 07:55:15+01:00,6.513511425,3.387857121,18.0,20.0,21.0,27.566,84.369,True,True,2.477
28,2026-09-26 07:55:16+01:00,6.513514932,3.387881524,18.0,20.0,21.0,27.566,84.369,True,True,2.724
28,2026-09-26 07:55:17+01:00,6.513519049,3.38790213,18.0,20.0,21.0,27.566,84.369,True,True,2.322
28,2026-09-26 07:55:18+01:00,6.513526767,3.387909447,18.0,20.0,21.0,27.566,84.369,True,True,1.179
28,2026-09-26 07:55:19+01:00,6.51353285,3.38792642,18.0,20.0,21.0,27.566,84.369,True,True,1.993
28,2026-09-26 07:55:20+01:00,6.513539966,3.387944962,19.0,21.0,22.0,27.566,84.369,True,True,2.196
28,2026-09-26 07:55:21+01:00,6.513544156,3.387965311,19.0,21.0,22.0,27.566,84.369,True,True,2.296
28,2026-09-26 07:55:22+01:00,6.513549031,3.387979446,20.0,22.0,25.0,27.566,84.369,True,True,1.653
28,2026-09-26 07:55:23+01:00,6.513557098,3.387994127,20.0,22.0,25.0,27.566,84.369,True,True,1.853
28,2026-09-26 07:55:24+01:00,6.51356203,3.388009316,20.0,22.0,25.0,27.566,84.369,True,True,1.765
28,2026-09-26 07:55:25+01:00,6.513566324,3.388019887,20.0,22.0,25.0,27.566,84.369,True,True,1.262
28,2026-09-26 07:55:26+01:00,6.513572304,3.388036761,20.0,22.0,25.0,27.566,84.369,True,True,1.979
28,2026-09-26 07:55:27+01:00,6.513568218,3.388047789,21.0,23.0,27.0,27.566,84.369,True,True,1.3
28,2026-09-26 07:55:28+01:00,6.513566507,3.388058636,21.0,23.0,27.0,27.566,84.369,True,True,1.213
28,2026-09-26 07:55:29+01:00,6.513564589,3.388065932,20.0,22.0,25.0,27.566,84.369,True,True,0.834
28,2026-09-26 07:55:30+01:00,6.51356566,3.388083969,20.0,21.0,24.0,27.566,84.369,True,True,1.996
28,2026-09-26 07:55:31+01:00,6.513559614,3.388094595,20.0,22.0,25.0,27.566,84.369,True,True,1.353
28,2026-09-26 07:55:32+01:00,6.513553715,3.388097014,20.0,22.0,25.0,27.566,85.457,True,True,0.708
28,2026-09-26 07:55:33+01:00,6.513547658,3.388109819,20.0,22.0,25.0,27.566,85.457,True,True,1.567
28,2026-09-26 07:55:34+01:00,6.513548851,3.388131946,19.0,21.0,22.0,27.566,85.457,True,True,2.448
28,2026-09-26 07:55:35+01:00,6.513545806,3.388142784,19.0,21.0,22.0,27.566,85.457,True,True,1.244
28,2026-09-26 07:55:36+01:00,6.513542422,3.388153374,20.0,22.0,25.0,27.566,85.457,True,True,1.229
28,2026-09-26 07:55:37+01:00,6.51353496,3.388164987,20.0,21.0,24.0,27.566,85.457,True,True,1.528
28,2026-09-26 07:55:38+01:00,6.513529843,3.388174728,19.0,21.0,22.0,27.566,85.457,True,True,1.217
28,2026-09-26 07:55:39+01:00,6.513533353,3.388186734,19.0,21.0,22.0,27.566,85.457,True,True,1.383
28,2026-09-26 07:55:40+01:00,6.513533757,3.388203207,19.0,21.0,22.0,27.566,85.457,True,True,1.82
28,2026-09-26 07:55:41+01:00,6.513530065,3.388213885,19.0,21.0,22.0,27.566,85.457,True,True,1.249
28,2026-09-26 07:55:42+01:00,6.513522384,3.388226199,19.0,21.0,22.0,27.566,85.457,True,True,1.606
28,2026-09-26 07:55:43+01:00,6.513514668,3.388239802,20.0,22.0,25.0,27.566,85.457,True,True,1.73
28,2026-09-26 07:55:44+01:00,6.513511051,3.388251352,20.0,22.0,25.0,27.566,85.457,True,True,1.338
28,2026-09-26 07:55:45+01:00,6.513503732,3.388263419,21.0,23.0,27.0,27.566,85.457,True,True,1.562
28,2026-09-26 07:55:46+01:00,6.513495093,3.388273071,21.0,23.0,27.0,27.566,85.457,True,True,1.435
28,2026-09-26 07:55:47+01:00,6.513488526,3.388285874,21.0,23.0,27.0,27.566,85.457,True,True,1.592
28,2026-09-26 07:55:48+01:00,6.513482505,3.388301436,21.0,23.0,27.0,27.566,85.457,True,True,1.845
28,2026-09-26 07:55:49+01:00,6.513476575,3.388311543,21.0,23.0,27.0,27.566,85.457,True,True,1.297
28,2026-09-26 07:55:50+01:00,6.513467909,3.388320897,21.0,23.0,27.0,27.566,85.457,True,True,1.413
28,2026-09-26 07:55:51+01:00,6.513457309,3.388336259,21.0,23.0,27.0,27.566,85.457,True,True,2.066
28,2026-09-26 07:55:52+01:00,6.513452495,3.388346169,21.0,23.0,27.0,27.566,85.457,True,True,1.219
28,2026-09-26 07:55:53+01:00,6.513440204,3.388353386,21.0,23.0,27.0,27.566,85.457,True,True,1.582
28,2026-09-26 07:55:54+01:00,6.513431798,3.388361083,21.0,23.0,27.0,27.566,85.457,True,True,1.264
28,2026-09-26 07:55:55+01:00,6.513422876,3.38837145,21.0,22.0,26.0,27.566,85.457,True,True,1.515
28,2026-09-26 07:55:56+01:00,6.513414898,3.38838445,20.0,22.0,25.0,27.566,85.457,True,True,1.688
28,2026-09-26 07:55:57+01:00,6.513406163,3.388384869,20.0,22.0,25.0,27.566,85.457,True,True,0.972
28,2026-09-26 07:55:58+01:00,6.513391136,3.388389385,20.0,22.0,25.0,27.566,85.457,True,True,1.744
28,2026-09-26 07:55:59+01:00,6.513386292,3.388399639,20.0,22.0,25.0,27.566,85.457,True,True,1.254
28,2026-09-26 07:56:00+01:00,6.513379413,3.388425299,20.0,22.0,25.0,27.566,85.457,True,True,2.936
28,2026-09-26 07:56:01+01:00,6.51337529,3.388438631,19.0,21.0,22.0,27.566,85.457,True,True,1.543
28,2026-09-26 07:56:02+01:00,6.513364605,3.388451794,19.0,21.0,22.0,27.566,85.457,True,True,1.878
28,2026-09-26 07:56:03+01:00,6.513347675,3.388469179,19.0,21.0,22.0,27.566,85.457,True,True,2.689
28,2026-09-26 07:56:04+01:00,6.513346106,3.388488282,20.0,22.0,25.0,27.566,85.457,True,True,2.118
28,2026-09-26 07:56:05+01:00,6.513321783,3.388518043,20.0,22.0,25.0,27.566,85.457,False,True,4.257
28,2026-09-26 07:56:06+01:00,6.513316083,3.388525323,21.0,23.0,27.0,27.566,85.457,True,True,1.024
28,2026-09-26 07:56:07+01:00,6.513306358,3.388546886,21.0,23.0,27.0,27.566,85.457,True,True,2.616
28,2026-09-26 07:56:08+01:00,6.513300739,3.388562188,20.0,22.0,25.0,27.566,85.457,True,True,1.802
28,2026-09-26 07:56:09+01:00,6.513299582,3.38857647,20.0,22.0,25.0,27.566,85.457,True,True,1.583
28,2026-09-26 07:56:10+01:00,6.513282487,3.388588283,20.0,22.0,25.0,27.566,85.457,True,True,2.306
28,2026-09-26 07:56:11+01:00,6.513268688,3.388596893,20.0,22.0,25.0,27.566,85.457,True,True,1.805
28,2026-09-26 07:56:12+01:00,6.513262489,3.388606235,20.0,22.0,25.0,27.566,85.457,True,True,1.241
28,2026-09-26 07:56:13+01:00,6.513258156,3.388620565,19.0,21.0,22.0,27.566,85.457,True,True,1.655
28,2026-09-26 07:56:14+01:00,6.513256382,3.38863675,19.0,21.0,22.0,27.566,85.457,True,True,1.799
28,2026-09-26 07:56:15+01:00,6.51324903,3.388647238,19.0,21.0,22.0,27.566,85.457,True,True,1.418
28,2026-09-26 07:56:16+01:00,6.513245255,3.38866068,20.0,21.0,24.0,27.566,85.457,True,True,1.543
28,2026-09-26 07:56:17+01:00,6.513245275,3.388675249,20.0,22.0,25.0,27.566,85.457,True,True,1.61
28,2026-09-26 07:56:18+01:00,6.513235426,3.388696051,20.0,22.0,25.0,27.566,85.457,True,True,2.546
28,2026-09-26 07:56:19+01:00,6.513227618,3.388719537,20.0,22.0,25.0,27.566,85.457,True,True,2.736
28,2026-09-26 07:56:20+01:00,6.513220125,3.388728855,20.0,22.0,25.0,27.566,85.457,True,True,1.324
28,2026-09-26 07:56:21+01:00,6.513214965,3.388737484,20.0,22.0,25.0,27.566,85.457,True,True,1.113
28,2026-09-26 07:56:22+01:00,6.513205557,3.388749202,20.0,22.0,25.0,27.566,85.457,True,True,1.664
28,2026-09-26 07:56:23+01:00,6.513198164,3.388761395,20.0,22.0,25.0,27.566,85.457,True,True,1.578
28,2026-09-26 07:56:24+01:00,6.513187642,3.388771353,20.0,22.0,25.0,27.566,85.457,True,True,1.606
28,2026-09-26 07:56:25+01:00,6.513180261,3.388783626,20.0,22.0,25.0,27.566,85.457,True,True,1.585
28,2026-09-26 07:56:26+01:00,6.513174276,3.388793936,20.0,22.0,25.0,27.566,85.457,True,True,1.319
28,2026-09-26 07:56:27+01:00,6.513165828,3.388804879,20.0,22.0,25.0,27.566,85.457,True,True,1.531
28,2026-09-26 07:56:28+01:00,6.513159783,3.388815076,21.0,23.0,27.0,27.566,85.457,True,True,1.312
28,2026-09-26 07:56:29+01:00,6.513151884,3.38882699,21.0,23.0,27.0,27.566,85.457,True,True,1.582
28,2026-09-26 07:56:30+01:00,6.513147016,3.388838072,20.0,22.0,25.0,27.566,85.457,True,True,1.339
28,2026-09-26 07:56:31+01:00,6.513146518,3.38884651,20.0,22.0,25.0,27.566,85.457,True,True,0.934
28,2026-09-26 07:56:32+01:00,6.513150716,3.388847145,19.0,21.0,22.0,27.566,85.457,True,True,0.472
28,2026-09-26 07:56:33+01:00,6.513149508,3.388843262,19.0,21.0,22.0,27.566,85.457,True,True,0.45
28,2026-09-26 07:56:34+01:00,6.5131476,3.388845236,19.0,21.0,22.0,27.566,85.457,True,True,0.304
28,2026-09-26 07:56:35+01:00,6.513148389,3.388844873,19.0,21.0,22.0,27.566,85.457,True,True,0.096
28,2026-09-26 07:56:36+01:00,6.513147321,3.388850012,18.0,20.0,21.0,27.566,85.457,True,True,0.58
28,2026-09-26 07:56:37+01:00,6.513153166,3.38885863,18.0,20.0,21.0,27.566,85.457,True,True,1.153
28,2026-09-26 07:56:38+01:00,6.513146908,3.388866309,19.0,21.0,22.0,27.566,85.457,True,True,1.097
28,2026-09-26 07:56:39+01:00,6.513141425,3.388876908,19.0,21.0,22.0,27.566,85.457,True,True,1.32
28,2026-09-26 07:56:40+01:00,6.513134036,3.38888614,19.0,21.0,22.0,27.566,85.457,True,True,1.31
28,2026-09-26 07:56:41+01:00,6.513128209,3.388895735,18.0,20.0,21.0,27.566,85.457,True,True,1.242
28,2026-09-26 07:56:42+01:00,6.513121511,3.388904489,18.0,20.0,21.0,27.566,85.457,True,True,1.221
28,2026-09-26 07:56:43+01:00,6.5131177,3.388909979,19.0,21.0,22.0,27.566,85.457,True,True,0.74
28,2026-09-26 07:56:44+01:00,6.513113423,3.3889248,19.0,21.0,22.0,27.566,85.457,True,True,1.705
28,2026-09-26 07:56:45+01:00,6.513105476,3.388936618,19.0,21.0,22.0,27.566,85.457,True,True,1.577
28,2026-09-26 07:56:46+01:00,6.513100691,3.388950707,19.0,21.0,22.0,27.566,85.457,True,True,1.645
28,2026-09-26 07:56:47+01:00,6.513086946,3.388956225,19.0,21.0,22.0,27.566,85.457,True,True,1.645
28,2026-09-26 07:56:48+01:00,6.513082779,3.388964452,19.0,21.0,22.0,27.566,85.457,True,True,1.02
28,2026-09-26 07:56:49+01:00,6.513079907,3.388979703,20.0,21.0,24.0,27.566,85.457,True,True,1.715
28,2026-09-26 07:56:50+01:00,6.513075742,3.388994572,19.0,21.0,22.0,27.566,85.457,True,True,1.707
28,2026-09-26 07:56:51+01:00,6.513072801,3.389004905,19.0,21.0,22.0,27.566,85.457,True,True,1.187
28,2026-09-26 07:56:52+01:00,6.513069625,3.389013827,19.0,21.0,22.0,27.566,85.457,True,True,1.047
28,2026-09-26 07:56:53+01:00,6.513064464,3.389022616,18.0,20.0,21.0,27.566,85.457,True,True,1.128
28,2026-09-26 07:56:54+01:00,6.513061116,3.389033226,18.0,20.0,21.0,27.566,85.457,True,True,1.23
28,2026-09-26 07:56:55+01:00,6.513056295,3.389042052,19.0,21.0,22.0,27.566,85.457,True,True,1.113
28,2026-09-26 07:56:56+01:00,6.513051952,3.389050253,18.0,20.0,21.0,27.566,85.457,True,True,1.027
28,2026-09-26 07:56:57+01:00,6.513046325,3.389060364,18.0,20.0,21.0,27.566,85.457,True,True,1.28
28,2026-09-26 07:56:58+01:00,6.513040894,3.389069021,19.0,21.0,22.0,27.566,85.457,True,True,1.131
28,2026-09-26 07:56:59+01:00,6.513037982,3.389077122,19.0,21.0,22.0,27.566,85.457,True,True,0.952
28,2026-09-26 07:57:00+01:00,6.51303216,3.389087211,19.0,21.0,22.0,27.566,85.457,True,True,1.289
28,2026-09-26 07:57:01+01:00,6.51302804,3.389099195,19.0,21.0,22.0,27.566,85.457,True,True,1.401
28,2026-09-26 07:57:02+01:00,6.513024369,3.389109662,19.0,21.0,22.0,27.566,85.457,True,True,1.226
28,2026-09-26 07:57:03+01:00,6.513017335,3.389117222,20.0,22.0,25.0,27.566,85.457,True,True,1.144
28,2026-09-26 07:57:04+01:00,6.513009607,3.389123765,20.0,22.0,25.0,27.566,85.457,True,True,1.123
28,2026-09-26 07:57:05+01:00,6.513005636,3.389137517,19.0,21.0,22.0,27.566,85.457,True,True,1.582
28,2026-09-26 07:57:06+01:00,6.513000705,3.389146661,18.0,20.0,21.0,27.566,85.457,True,True,1.149
28,2026-09-26 07:57:07+01:00,6.512994513,3.389156484,18.0,20.0,21.0,27.566,85.457,True,True,1.285
28,2026-09-26 07:57:08+01:00,6.512986903,3.389165436,19.0,21.0,22.0,27.566,85.457,True,True,1.302
28,2026-09-26 07:57:09+01:00,6.512978623,3.389173969,19.0,21.0,22.0,27.566,85.457,True,True,1.318
28,2026-09-26 07:57:10+01:00,6.512972751,3.389182033,19.0,21.0,22.0,27.566,85.457,True,True,1.105
28,2026-09-26 07:57:11+01:00,6.512969986,3.389192813,19.0,21.0,22.0,27.566,85.457,True,True,1.23
28,2026-09-26 07:57:12+01:00,6.512968508,3.389205327,21.0,22.0,26.0,27.566,85.457,True,True,1.392
28,2026-09-26 07:57:13+01:00,6.512964437,3.389216019,21.0,23.0,27.0,27.566,85.457,True,True,1.265
28,2026-09-26 07:57:14+01:00,6.512958664,3.389227735,21.0,23.0,27.0,27.566,85.457,True,True,1.445
28,2026-09-26 07:57:15+01:00,6.512955871,3.389235951,20.0,22.0,25.0,27.566,85.457,True,True,0.959
28,2026-09-26 07:57:16+01:00,6.512945196,3.389253573,20.0,22.0,25.0,27.566,85.457,True,True,2.28
28,2026-09-26 07:57:17+01:00,6.512938876,3.389267023,20.0,22.0,25.0,27.566,85.457,True,True,1.644
28,2026-09-26 07:57:18+01:00,6.512932149,3.38928577,20.0,22.0,25.0,27.566,85.457,True,True,2.202
28,2026-09-26 07:57:19+01:00,6.512916593,3.389305723,20.0,22.0,25.0,27.566,85.457,True,True,2.802
28,2026-09-26 07:57:20+01:00,6.51291179,3.389315546,19.0,21.0,22.0,27.566,85.457,True,True,1.21
28,2026-09-26 07:57:21+01:00,6.512900336,3.389346136,20.0,22.0,25.0,27.566,85.457,True,True,3.612
28,2026-09-26 07:57:22+01:00,6.51289794,3.38935282,20.0,22.0,25.0,27.566,85.457,True,True,0.785
28,2026-09-26 07:57:23+01:00,6.512893759,3.389373255,20.0,22.0,25.0,27.566,85.457,True,True,2.305
28,2026-09-26 07:57:24+01:00,6.512880051,3.389388583,19.0,21.0,22.0,27.566,85.457,True,True,2.278
28,2026-09-26 07:57:25+01:00,6.512871638,3.389408227,19.0,21.0,22.0,27.566,85.457,True,True,2.363
28,2026-09-26 07:57:26+01:00,6.512853506,3.389429777,18.0,20.0,21.0,27.566,85.457,True,True,3.12
28,2026-09-26 07:57:27+01:00,6.51285426,3.389442593,18.0,20.0,21.0,27.566,85.457,True,True,1.418
28,2026-09-26 07:57:28+01:00,6.512838741,3.38946127,18.0,20.0,21.0,27.566,85.457,True,True,2.69
28,2026-09-26 07:57:29+01:00,6.512829253,3.389479053,18.0,20.0,21.0,27.566,85.457,True,True,2.23
28,2026-09-26 07:57:30+01:00,6.512823176,3.389498412,19.0,21.0,22.0,27.566,85.457,True,True,2.243
28,2026-09-26 07:57:31+01:00,6.512815619,3.389514106,19.0,21.0,22.0,27.566,85.457,True,True,1.927
28,2026-09-26 07:57:32+01:00,6.512807339,3.389530234,19.0,21.0,22.0,27.566,84.914,True,True,2.006
28,2026-09-26 07:57:33+01:00,6.512798637,3.389544301,17.0,18.0,19.0,27.566,84.914,True,True,1.831
28,2026-09-26 07:57:34+01:00,6.512792412,3.389570642,17.0,18.0,19.0,27.566,84.914,True,True,2.991
28,2026-09-26 07:57:35+01:00,6.512785635,3.389594759,17.0,18.0,19.0,27.566,84.914,True,True,2.769
28,2026-09-26 07:57:36+01:00,6.512780763,3.389622742,18.0,20.0,21.0,27.566,84.914,True,True,3.139
28,2026-09-26 07:57:37+01:00,6.512777153,3.389643226,18.0,20.0,21.0,27.566,84.914,True,True,2.298
28,2026-09-26 07:57:38+01:00,6.512770411,3.389660402,18.0,20.0,21.0,27.566,84.914,True,True,2.04
28,2026-09-26 07:57:39+01:00,6.512764953,3.389688322,18.0,20.0,21.0,27.566,84.914,True,True,3.144
28,2026-09-26 07:57:40+01:00,6.512762774,3.389706356,17.0,18.0,19.0,27.566,84.914,True,True,2.007
28,2026-09-26 07:57:41+01:00,6.512752155,3.389730062,17.0,18.0,19.0,27.566,84.914,True,True,2.873
28,2026-09-26 07:57:42+01:00,6.51274604,3.389749513,16.0,17.0,18.0,27.566,84.914,True,True,2.254
28,2026-09-26 07:57:43+01:00,6.512750266,3.389773528,17.0,18.0,19.0,27.566,84.914,True,True,2.694
28,2026-09-26 07:57:44+01:00,6.512746397,3.389794062,17.0,18.0,19.0,27.566,84.914,True,True,2.309
28,2026-09-26 07:57:45+01:00,6.512744505,3.389805286,17.0,18.0,19.0,27.566,84.914,True,True,1.258
28,2026-09-26 07:57:46+01:00,6.512740669,3.389824669,17.0,18.0,19.0,27.566,84.914,True,True,2.183
28,2026-09-26 07:57:47+01:00,6.512724273,3.389846393,17.0,18.0,19.0,27.566,84.914,True,True,3.014
28,2026-09-26 07:57:48+01:00,6.512711856,3.3898772,18.0,20.0,21.0,27.566,84.914,True,True,3.673
28,2026-09-26 07:57:49+01:00,6.512701454,3.389897863,18.0,20.0,21.0,27.566,84.914,True,True,2.559
28,2026-09-26 07:57:50+01:00,6.512711576,3.389920699,18.0,20.0,21.0,27.566,84.914,True,True,2.763
28,2026-09-26 07:57:51+01:00,6.512704717,3.389939247,18.0,20.0,21.0,27.566,84.914,True,True,2.186
28,2026-09-26 07:57:52+01:00,6.512694023,3.3899511,19.0,21.0,22.0,27.566,84.914,True,True,1.769
28,2026-09-26 07:57:53+01:00,6.512688959,3.389980007,19.0,21.0,22.0,27.566,84.914,True,True,3.243
28,2026-09-26 07:57:54+01:00,6.512685823,3.390000603,20.0,22.0,25.0,27.566,84.914,True,True,2.302
28,2026-09-26 07:57:55+01:00,6.512684412,3.390024484,20.0,21.0,24.0,27.566,84.914,True,True,2.643
28,2026-09-26 07:57:56+01:00,6.512678645,3.390043294,19.0,21.0,22.0,27.566,84.914,True,True,2.175
28,2026-09-26 07:57:57+01:00,6.512678169,3.39007003,19.0,21.0,22.0,27.566,84.914,True,True,2.954
28,2026-09-26 07:57:58+01:00,6.512687995,3.390097352,19.0,21.0,22.0,27.566,84.914,True,True,3.21
28,2026-09-26 07:57:59+01:00,6.512683959,3.390107486,20.0,22.0,25.0,27.566,84.914,True,True,1.206
28,2026-09-26 07:58:00+01:00,6.512683959,3.390107486,21.0,23.0,27.0,27.566,84.914,True,True,0.0
28,2026-09-26 07:58:01+01:00,6.512683959,3.390107486,20.0,22.0,25.0,27.566,84.914,True,True,0.0
28,2026-09-26 07:58:02+01:00,6.512683959,3.390107486,19.0,21.0,22.0,27.566,84.914,True,True,0.0
28,2026-09-26 07:58:03+01:00,6.512683959,3.390107486,20.0,21.0,24.0,27.566,84.914,True,True,0.0
28,2026-09-26 07:58:04+01:00,6.512676567,3.390210876,20.0,22.0,25.0,27.566,84.914,False,True,11.452
28,2026-09-26 07:58:05+01:00,6.512673446,3.390228939,18.0,20.0,21.0,27.566,84.914,True,True,2.026
28,2026-09-26 07:58:06+01:00,6.512672072,3.390259983,18.0,20.0,21.0,27.566,84.914,True,True,3.433
28,2026-09-26 07:58:07+01:00,6.512677538,3.390279442,18.0,20.0,21.0,27.566,84.914,True,True,2.234
28,2026-09-26 07:58:08+01:00,6.51267707,3.39029839,18.0,20.0,21.0,27.566,84.914,True,True,2.094
28,2026-09-26 07:58:09+01:00,6.512674265,3.390307358,19.0,21.0,22.0,27.566,84.914,True,True,1.039
28,2026-09-26 07:58:10+01:00,6.512676259,3.390325808,19.0,21.0,22.0,27.566,84.914,True,True,2.05
28,2026-09-26 07:58:11+01:00,6.51268045,3.390350796,19.0,21.0,22.0,27.566,84.914,True,True,2.8
28,2026-09-26 07:58:12+01:00,6.512676264,3.390373728,20.0,22.0,25.0,27.566,84.914,True,True,2.576
28,2026-09-26 07:58:13+01:00,6.512677999,3.390395864,20.0,22.0,25.0,27.566,84.914,True,True,2.453
28,2026-09-26 07:58:14+01:00,6.51268081,3.390416602,20.0,22.0,25.0,27.566,84.914,True,True,2.312
28,2026-09-26 07:58:15+01:00,6.512678487,3.390435036,20.0,22.0,25.0,27.566,84.914,True,True,2.053
28,2026-09-26 07:58:16+01:00,6.512670427,3.390452267,20.0,22.0,25.0,27.566,84.914,True,True,2.104
28,2026-09-26 07:58:17+01:00,6.512674007,3.390475257,20.0,22.0,25.0,27.566,84.914,True,True,2.571
28,2026-09-26 07:58:18+01:00,6.512679762,3.390494184,20.0,22.0,25.0,27.566,84.914,True,True,2.187
28,2026-09-26 07:58:19+01:00,6.512673381,3.390514363,20.0,22.0,25.0,27.566,84.914,True,True,2.34
28,2026-09-26 07:58:20+01:00,6.512680204,3.390529895,20.0,21.0,24.0,27.566,84.914,True,True,1.876
28,2026-09-26 07:58:21+01:00,6.512690063,3.390540386,19.0,21.0,22.0,27.566,84.914,True,True,1.595
28,2026-09-26 07:58:22+01:00,6.512701135,3.390545915,19.0,21.0,22.0,27.566,84.914,True,True,1.374
28,2026-09-26 07:58:23+01:00,6.512700253,3.390558232,19.0,21.0,22.0,27.566,84.914,True,True,1.364
28,2026-09-26 07:58:24+01:00,6.51270263,3.390570357,19.0,21.0,22.0,27.566,84.914,True,True,1.365
28,2026-09-26 07:58:25+01:00,6.512697875,3.390586071,19.0,21.0,22.0,27.566,84.914,True,True,1.815
28,2026-09-26 07:58:26+01:00,6.512696348,3.390601,19.0,21.0,22.0,27.566,84.914,True,True,1.658
28,2026-09-26 07:58:27+01:00,6.512696437,3.390612419,20.0,21.0,24.0,27.566,84.914,True,True,1.262
28,2026-09-26 07:58:28+01:00,6.512692736,3.390628555,19.0,21.0,22.0,27.566,84.914,True,True,1.83
28,2026-09-26 07:58:29+01:00,6.512696885,3.390642552,19.0,21.0,22.0,27.566,84.914,True,True,1.614
28,2026-09-26 07:58:30+01:00,6.512693222,3.390659115,19.0,21.0,22.0,27.566,84.914,True,True,1.875
28,2026-09-26 07:58:31+01:00,6.51270188,3.390674408,19.0,21.0,22.0,27.566,84.914,True,True,1.945
28,2026-09-26 07:58:32+01:00,6.512703863,3.390690132,19.0,21.0,22.0,27.566,85.457,True,True,1.751
28,2026-09-26 07:58:33+01:00,6.51270452,3.390703456,18.0,20.0,21.0,27.566,85.457,True,True,1.474
28,2026-09-26 07:58:34+01:00,6.512707048,3.390718267,18.0,20.0,21.0,27.566,85.457,True,True,1.66
28,2026-09-26 07:58:35+01:00,6.512711557,3.39073203,18.0,20.0,21.0,27.566,85.457,True,True,1.601
28,2026-09-26 07:58:36+01:00,6.512717237,3.390744829,18.0,20.0,21.0,27.566,85.457,True,True,1.549
28,2026-09-26 07:58:37+01:00,6.51271536,3.390757306,18.0,20.0,21.0,27.566,85.457,True,True,1.394
28,2026-09-26 07:58:38+01:00,6.512715626,3.390771,16.0,17.0,18.0,27.566,85.457,True,True,1.513
28,2026-09-26 07:58:39+01:00,6.512714423,3.390783717,16.0,17.0,18.0,27.566,85.457,True,True,1.411
28,2026-09-26 07:58:40+01:00,6.512716595,3.390798599,16.0,17.0,18.0,27.566,85.457,True,True,1.662
28,2026-09-26 07:58:41+01:00,6.512721266,3.390807133,16.0,18.0,19.0,27.566,85.457,True,True,1.076
28,2026-09-26 07:58:42+01:00,6.512727062,3.390817266,17.0,18.0,19.0,27.566,85.457,True,True,1.292
28,2026-09-26 07:58:43+01:00,6.512731431,3.3908279,17.0,18.0,19.0,27.566,85.457,True,True,1.271
28,2026-09-26 07:58:44+01:00,6.512735558,3.390838058,17.0,18.0,19.0,27.566,85.457,True,True,1.212
28,2026-09-26 07:58:45+01:00,6.512739038,3.39084939,18.0,20.0,21.0,27.566,85.457,True,True,1.31
28,2026-09-26 07:58:46+01:00,6.512743306,3.390861409,18.0,20.0,21.0,27.566,85.457,True,True,1.41
28,2026-09-26 07:58:47+01:00,6.512749903,3.390871504,18.0,20.0,21.0,27.566,85.457,True,True,1.335
28,2026-09-26 07:58:48+01:00,6.512756471,3.390883443,17.0,18.0,19.0,27.566,85.457,True,True,1.508
28,2026-09-26 07:58:49+01:00,6.512758249,3.390896842,17.0,18.0,19.0,27.566,85.457,True,True,1.493
28,2026-09-26 07:58:50+01:00,6.512759089,3.39091053,18.0,20.0,21.0,27.566,85.457,True,True,1.515
28,2026-09-26 07:58:51+01:00,6.512760198,3.390923523,18.0,20.0,21.0,27.566,85.457,True,True,1.441
28,2026-09-26 07:58:52+01:00,6.512764172,3.390933939,19.0,21.0,22.0,27.566,85.457,True,True,1.233
28,2026-09-26 07:58:53+01:00,6.512761793,3.390933956,19.0,21.0,22.0,27.566,85.457,True,True,0.265
28,2026-09-26 07:58:54+01:00,6.512764591,3.390944703,18.0,20.0,21.0,27.566,85.457,True,True,1.227
28,2026-09-26 07:58:55+01:00,6.512768683,3.39096085,18.0,20.0,21.0,27.566,85.457,True,True,1.841
28,2026-09-26 07:58:56+01:00,6.512774809,3.390973079,19.0,21.0,22.0,27.566,85.457,True,True,1.513
28,2026-09-26 07:58:57+01:00,6.512780903,3.390983452,18.0,20.0,21.0,27.566,85.457,True,True,1.331
28,2026-09-26 07:58:58+01:00,6.512785029,3.390996913,18.0,20.0,21.0,27.566,85.457,True,True,1.556
28,2026-09-26 07:58:59+01:00,6.512785517,3.391011673,18.0,20.0,21.0,27.566,85.457,True,True,1.632
28,2026-09-26 07:59:00+01:00,6.512786593,3.391027526,18.0,20.0,21.0,27.566,85.457,True,True,1.755
28,2026-09-26 07:59:01+01:00,6.512787071,3.391043731,18.0,20.0,21.0,27.566,85.457,True,True,1.791
28,2026-09-26 07:59:02+01:00,6.51279269,3.391059114,18.0,20.0,21.0,27.566,85.457,True,True,1.811
28,2026-09-26 07:59:03+01:00,6.51279882,3.391075521,18.0,20.0,21.0,27.566,85.457,True,True,1.937
28,2026-09-26 07:59:04+01:00,6.512801627,3.391093304,18.0,20.0,21.0,27.566,85.457,True,True,1.989
28,2026-09-26 07:59:05+01:00,6.512804074,3.391112283,18.0,20.0,21.0,27.566,85.457,True,True,2.114
28,2026-09-26 07:59:06+01:00,6.512811995,3.391132628,18.0,20.0,21.0,27.566,85.457,True,True,2.414
28,2026-09-26 07:59:07+01:00,6.512816424,3.391153491,18.0,20.0,21.0,27.566,85.457,True,True,2.357
28,2026-09-26 07:59:08+01:00,6.512821214,3.391173068,17.0,18.0,19.0,27.566,85.457,True,True,2.227
28,2026-09-26 07:59:09+01:00,6.512827426,3.391192164,17.0,18.0,19.0,27.566,85.457,True,True,2.22
28,2026-09-26 07:59:10+01:00,6.512831518,3.391210893,17.0,18.0,19.0,27.566,85.457,True,True,2.119
28,2026-09-26 07:59:11+01:00,6.512832482,3.391229711,17.0,18.0,19.0,27.566,85.457,True,True,2.082
28,2026-09-26 07:59:12+01:00,6.512834541,3.391247016,17.0,18.0,19.0,27.566,85.457,True,True,1.925
28,2026-09-26 07:59:13+01:00,6.512838747,3.391264437,17.0,18.0,19.0,27.566,85.457,True,True,1.981
28,2026-09-26 07:59:14+01:00,6.512843039,3.391277861,17.0,18.0,19.0,27.566,85.457,True,True,1.558
28,2026-09-26 07:59:15+01:00,6.512845276,3.391291638,18.0,20.0,21.0,27.566,85.457,True,True,1.542
28,2026-09-26 07:59:16+01:00,6.512849131,3.391301,17.0,19.0,20.0,27.566,85.457,True,True,1.12
28,2026-09-26 07:59:17+01:00,6.512860681,3.391316645,17.0,18.0,19.0,27.566,85.457,True,True,2.153
28,2026-09-26 07:59:18+01:00,6.512861899,3.391324857,17.0,18.0,19.0,27.566,85.457,True,True,0.917
28,2026-09-26 07:59:19+01:00,6.512864646,3.391344215,17.0,18.0,19.0,27.566,85.457,True,True,2.16
28,2026-09-26 07:59:20+01:00,6.51286725,3.391364215,17.0,18.0,19.0,27.566,85.457,True,True,2.228
28,2026-09-26 07:59:21+01:00,6.512866836,3.391381614,17.0,18.0,19.0,27.566,85.457,True,True,1.923
28,2026-09-26 07:59:22+01:00,6.512870594,3.39139678,17.0,18.0,19.0,27.566,85.457,True,True,1.727
28,2026-09-26 07:59:23+01:00,6.512869499,3.391412856,17.0,18.0,19.0,27.566,85.457,True,True,1.78
28,2026-09-26 07:59:24+01:00,6.512872385,3.391428036,17.0,18.0,19.0,27.566,85.457,True,True,1.707
28,2026-09-26 07:59:25+01:00,6.512874186,3.391441607,17.0,18.0,19.0,27.566,85.457,True,True,1.513
28,2026-09-26 07:59:26+01:00,6.512875708,3.391458926,17.0,18.0,19.0,27.566,85.457,True,True,1.921
28,2026-09-26 07:59:27+01:00,6.512880781,3.391473152,18.0,20.0,21.0,27.566,85.457,True,True,1.67
28,2026-09-26 07:59:28+01:00,6.512886841,3.39148485,18.0,20.0,21.0,27.566,85.457,True,True,1.457
28,2026-09-26 07:59:29+01:00,6.512889459,3.391496759,19.0,21.0,22.0,27.566,85.457,True,True,1.347
28,2026-09-26 07:59:30+01:00,6.512893373,3.391509542,19.0,21.0,22.0,27.566,85.457,True,True,1.478
28,2026-09-26 07:59:31+01:00,6.512895376,3.391522387,18.0,20.0,21.0,27.566,85.457,True,True,1.436
28,2026-09-26 07:59:32+01:00,6.512898274,3.391536107,18.0,20.0,21.0,27.566,85.457,True,True,1.55
28,2026-09-26 07:59:33+01:00,6.512900608,3.39154996,18.0,20.0,21.0,27.566,85.457,True,True,1.552
28,2026-09-26 07:59:34+01:00,6.512899834,3.39156383,18.0,20.0,21.0,27.566,85.457,True,True,1.535
28,2026-09-26 07:59:35+01:00,6.512905196,3.391576702,19.0,21.0,22.0,27.566,85.457,True,True,1.542
28,2026-09-26 07:59:36+01:00,6.512911389,3.391590143,19.0,21.0,22.0,27.566,85.457,True,True,1.637
28,2026-09-26 07:59:37+01:00,6.512917628,3.391602719,19.0,21.0,22.0,27.566,85.457,True,True,1.553
28,2026-09-26 07:59:38+01:00,6.51291823,3.391618572,19.0,21.0,22.0,27.566,85.457,True,True,1.753
28,2026-09-26 07:59:39+01:00,6.512920911,3.391628557,19.0,21.0,22.0,27.566,85.457,True,True,1.143
28,2026-09-26 07:59:40+01:00,6.512918729,3.391638016,19.0,21.0,22.0,27.566,85.457,True,True,1.073
28,2026-09-26 07:59:41+01:00,6.512922779,3.391652244,20.0,22.0,25.0,27.566,85.457,True,True,1.635
28,2026-09-26 07:59:42+01:00,6.512923507,3.391665109,20.0,22.0,25.0,27.566,85.457,True,True,1.424
28,2026-09-26 07:59:43+01:00,6.51292194,3.391675625,21.0,23.0,27.0,27.566,85.457,True,True,1.175
28,2026-09-26 07:59:44+01:00,6.512926339,3.391694533,21.0,23.0,27.0,27.566,85.457,True,True,2.145
28,2026-09-26 07:59:45+01:00,6.512927962,3.39170955,21.0,23.0,27.0,27.566,85.457,True,True,1.669
28,2026-09-26 07:59:46+01:00,6.512932034,3.391721881,20.0,22.0,25.0,27.566,85.457,True,True,1.436
28,2026-09-26 07:59:47+01:00,6.512929652,3.391739093,20.0,22.0,25.0,27.566,85.457,True,True,1.92
28,2026-09-26 07:59:48+01:00,6.512933583,3.391748843,20.0,22.0,25.0,27.566,85.457,True,True,1.162
28,2026-09-26 07:59:49+01:00,6.512935127,3.391758866,20.0,22.0,25.0,27.566,85.457,True,True,1.121
28,2026-09-26 07:59:50+01:00,6.512934091,3.391769918,19.0,21.0,22.0,27.566,85.457,True,True,1.226
28,2026-09-26 07:59:51+01:00,6.51293968,3.391784959,19.0,21.0,22.0,27.566,85.457,True,True,1.774
28,2026-09-26 07:59:52+01:00,6.512941736,3.391799006,18.0,20.0,21.0,27.566,85.457,True,True,1.569
28,2026-09-26 07:59:53+01:00,6.512946375,3.391809887,18.0,20.0,21.0,27.566,85.457,True,True,1.308
28,2026-09-26 07:59:54+01:00,6.512947998,3.391822073,18.0,20.0,21.0,27.566,85.457,True,True,1.358
28,2026-09-26 07:59:55+01:00,6.512953711,3.391833011,18.0,20.0,21.0,27.566,85.457,True,True,1.365
28,2026-09-26 07:59:56+01:00,6.512956671,3.391848887,17.0,18.0,19.0,27.566,85.457,True,True,1.785
28,2026-09-26 07:59:57+01:00,6.512959931,3.391862344,17.0,18.0,19.0,27.566,85.457,True,True,1.53
28,2026-09-26 07:59:58+01:00,6.512962817,3.391874365,17.0,18.0,19.0,27.566,85.457,True,True,1.366
28,2026-09-26 07:59:59+01:00,6.512966473,3.391885521,17.0,18.0,19.0,27.566,85.457,True,True,1.298
28,2026-09-26 08:00:00+01:00,6.512967357,3.391899534,18.0,20.0,21.0,27.566,85.457,True,True,1.551
28,2026-09-26 08:00:01+01:00,6.512969513,3.391907025,17.0,18.0,19.0,27.566,85.457,True,True,0.862
28,2026-09-26 08:00:02+01:00,6.512972894,3.391920483,17.0,18.0,19.0,27.566,85.457,True,True,1.534
28,2026-09-26 08:00:03+01:00,6.51297719,3.391932754,17.0,18.0,19.0,27.566,85.457,True,True,1.437
28,2026-09-26 08:00:04+01:00,6.51297665,3.391945391,17.0,18.0,19.0,27.566,85.457,True,True,1.397
28,2026-09-26 08:00:05+01:00,6.512977281,3.391959173,17.0,18.0,19.0,27.566,85.457,True,True,1.524
28,2026-09-26 08:00:06+01:00,6.512980564,3.391970924,17.0,18.0,19.0,27.566,85.457,True,True,1.349
28,2026-09-26 08:00:07+01:00,6.512985511,3.391981696,19.0,21.0,22.0,27.566,85.457,True,True,1.311
28,2026-09-26 08:00:08+01:00,6.512993421,3.39199142,19.0,21.0,22.0,27.566,85.457,True,True,1.388
28,2026-09-26 08:00:09+01:00,6.513000255,3.392000224,20.0,22.0,25.0,27.566,85.457,True,True,1.234
28,2026-09-26 08:00:10+01:00,6.513001607,3.392010001,20.0,22.0,25.0,27.566,85.457,True,True,1.091
28,2026-09-26 08:00:11+01:00,6.513003047,3.392018943,20.0,22.0,25.0,27.566,85.457,True,True,1.001
28,2026-09-26 08:00:12+01:00,6.513003884,3.392032098,20.0,22.0,25.0,27.566,85.457,True,True,1.456
28,2026-09-26 08:00:13+01:00,6.513012571,3.392045306,21.0,23.0,27.0,27.566,85.457,True,True,1.75
28,2026-09-26 08:00:14+01:00,6.513017268,3.392059801,21.0,23.0,27.0,27.566,85.457,True,True,1.684
28,2026-09-26 08:00:15+01:00,6.513019372,3.392071488,21.0,23.0,27.0,27.566,85.457,True,True,1.312
28,2026-09-26 08:00:16+01:00,6.513020904,3.392084482,21.0,23.0,27.0,27.566,85.457,True,True,1.446
28,2026-09-26 08:00:17+01:00,6.513021668,3.392098494,21.0,23.0,27.0,27.566,85.457,True,True,1.55
28,2026-09-26 08:00:18+01:00,6.513023932,3.392106349,21.0,23.0,27.0,27.566,85.457,True,True,0.904
28,2026-09-26 08:00:19+01:00,6.513026058,3.392120117,20.0,22.0,25.0,27.566,85.457,True,True,1.539
28,2026-09-26 08:00:20+01:00,6.51302966,3.392132802,20.0,22.0,25.0,27.566,85.457,True,True,1.458
28,2026-09-26 08:00:21+01:00,6.513034283,3.392147666,20.0,22.0,25.0,27.566,85.457,True,True,1.721
28,2026-09-26 08:00:22+01:00,6.513037816,3.392164353,20.0,22.0,25.0,27.566,85.457,True,True,1.885
28,2026-09-26 08:00:23+01:00,6.513038335,3.392173538,20.0,22.0,25.0,27.566,85.457,True,True,1.016
28,2026-09-26 08:00:24+01:00,6.513042973,3.392180988,20.0,22.0,25.0,27.566,85.457,True,True,0.971
28,2026-09-26 08:00:25+01:00,6.51304898,3.392192662,20.0,22.0,25.0,27.566,85.457,True,True,1.452
28,2026-09-26 08:00:26+01:00,6.513053611,3.392206075,19.0,21.0,22.0,27.566,85.457,True,True,1.569
28,2026-09-26 08:00:27+01:00,6.513053631,3.392216028,20.0,22.0,25.0,27.566,85.457,True,True,1.1
28,2026-09-26 08:00:28+01:00,6.513055846,3.392227517,19.0,21.0,22.0,27.566,85.457,True,True,1.293
28,2026-09-26 08:00:29+01:00,6.51305981,3.392237877,19.0,21.0,22.0,27.566,85.457,True,True,1.226
28,2026-09-26 08:00:30+01:00,6.513065456,3.392250727,19.0,21.0,22.0,27.566,85.457,True,True,1.552
28,2026-09-26 08:00:31+01:00,6.51306353,3.3922615,21.0,22.0,26.0,27.566,85.457,True,True,1.209
28,2026-09-26 08:00:32+01:00,6.513067727,3.392275054,20.0,22.0,25.0,27.566,84.369,True,True,1.568
28,2026-09-26 08:00:33+01:00,6.513068193,3.392285749,20.0,22.0,25.0,27.566,84.369,True,True,1.183
28,2026-09-26 08:00:34+01:00,6.513071758,3.392297746,20.0,22.0,25.0,27.566,84.369,True,True,1.383
28,2026-09-26 08:00:35+01:00,6.513072303,3.39230525,20.0,22.0,25.0,27.566,84.369,True,True,0.831
28,2026-09-26 08:00:36+01:00,6.51307507,3.392319944,20.0,22.0,25.0,27.566,84.369,True,True,1.652
28,2026-09-26 08:00:37+01:00,6.513076561,3.392331047,19.0,21.0,22.0,27.566,84.369,True,True,1.238
28,2026-09-26 08:00:38+01:00,6.513076348,3.392341077,19.0,21.0,22.0,27.566,84.369,True,True,1.108
28,2026-09-26 08:00:39+01:00,6.513076991,3.392350179,18.0,20.0,21.0,27.566,84.369,True,True,1.008
28,2026-09-26 08:00:40+01:00,6.513075979,3.392359376,18.0,20.0,21.0,27.566,84.369,True,True,1.022
28,2026-09-26 08:00:41+01:00,6.513074582,3.392367199,19.0,21.0,22.0,27.566,84.369,True,True,0.878
28,2026-09-26 08:00:42+01:00,6.513078373,3.39237835,19.0,21.0,22.0,27.566,84.369,True,True,1.302
28,2026-09-26 08:00:43+01:00,6.513081277,3.392386925,19.0,21.0,22.0,27.566,84.369,True,True,1.001
28,2026-09-26 08:00:44+01:00,6.513085805,3.392398939,19.0,21.0,22.0,27.566,84.369,True,True,1.42
28,2026-09-26 08:00:45+01:00,6.513090127,3.392408039,19.0,21.0,22.0,27.566,84.369,True,True,1.114
28,2026-09-26 08:00:46+01:00,6.513094945,3.392420453,18.0,20.0,21.0,27.566,84.369,True,True,1.472
28,2026-09-26 08:00:47+01:00,6.513100643,3.392430447,18.0,20.0,21.0,27.566,84.369,True,True,1.273
28,2026-09-26 08:00:48+01:00,6.513106349,3.392440865,17.0,18.0,19.0,27.566,84.369,True,True,1.314
28,2026-09-26 08:00:49+01:00,6.513110349,3.392452533,18.0,20.0,21.0,27.566,84.369,True,True,1.364
28,2026-09-26 08:00:50+01:00,6.513112882,3.392468177,17.0,18.0,19.0,27.566,84.369,True,True,1.751
28,2026-09-26 08:00:51+01:00,6.513116045,3.392481414,18.0,20.0,21.0,27.566,84.369,True,True,1.504
28,2026-09-26 08:00:52+01:00,6.513119802,3.392498426,16.0,17.0,18.0,27.566,84.369,True,True,1.925
28,2026-09-26 08:00:53+01:00,6.51312627,3.392518846,16.0,17.0,18.0,27.566,84.369,True,True,2.368
28,2026-09-26 08:00:54+01:00,6.513127574,3.392532714,16.0,17.0,18.0,27.566,84.369,True,True,1.539
28,2026-09-26 08:00:55+01:00,6.51313535,3.392550066,16.0,17.0,18.0,27.566,84.369,True,True,2.103
28,2026-09-26 08:00:56+01:00,6.513134238,3.392569436,16.0,17.0,18.0,27.566,84.369,True,True,2.144
28,2026-09-26 08:00:57+01:00,6.513140382,3.392584327,16.0,17.0,18.0,27.566,84.369,True,True,1.781
28,2026-09-26 08:00:58+01:00,6.513145822,3.392606717,17.0,18.0,19.0,27.566,84.369,True,True,2.546
28,2026-09-26 08:00:59+01:00,6.513144314,3.392619273,17.0,18.0,19.0,27.566,84.369,True,True,1.397
28,2026-09-26 08:01:00+01:00,6.513148823,3.392644766,17.0,18.0,19.0,27.566,84.369,True,True,2.861
28,2026-09-26 08:01:01+01:00,6.513152117,3.39265472,16.0,17.0,18.0,27.566,84.369,True,True,1.159
28,2026-09-26 08:01:02+01:00,6.513158009,3.392671687,16.0,18.0,19.0,27.566,84.369,True,True,1.986
28,2026-09-26 08:01:03+01:00,6.513163043,3.392690693,17.0,18.0,19.0,27.566,84.369,True,True,2.173
28,2026-09-26 08:01:04+01:00,6.51316479,3.392706488,17.0,18.0,19.0,27.566,84.369,True,True,1.756
28,2026-09-26 08:01:05+01:00,6.513169536,3.392725563,17.0,18.0,19.0,27.566,84.369,True,True,2.172
28,2026-09-26 08:01:06+01:00,6.513171229,3.392746496,18.0,20.0,21.0,27.566,84.369,True,True,2.32
28,2026-09-26 08:01:07+01:00,6.513173793,3.392762391,19.0,21.0,22.0,27.566,84.369,True,True,1.779
28,2026-09-26 08:01:08+01:00,6.51317796,3.392786864,19.0,21.0,22.0,27.566,84.369,True,True,2.743
28,2026-09-26 08:01:09+01:00,6.513179208,3.392797779,18.0,20.0,21.0,27.566,84.369,True,True,1.214
28,2026-09-26 08:01:10+01:00,6.513179258,3.3928164,18.0,20.0,21.0,27.566,84.369,True,True,2.057
28,2026-09-26 08:01:11+01:00,6.513183929,3.392835077,18.0,20.0,21.0,27.566,84.369,True,True,2.128
28,2026-09-26 08:01:12+01:00,6.513191751,3.392853526,18.0,20.0,21.0,27.566,84.369,True,True,2.216
28,2026-09-26 08:01:13+01:00,6.513193479,3.392877761,18.0,20.0,21.0,27.566,84.369,True,True,2.684
28,2026-09-26 08:01:14+01:00,6.513195555,3.392890801,18.0,20.0,21.0,27.566,84.369,True,True,1.459
28,2026-09-26 08:01:15+01:00,6.513208557,3.392920431,17.0,18.0,19.0,27.566,84.369,True,True,3.578
28,2026-09-26 08:01:16+01:00,6.513213689,3.392932853,17.0,18.0,19.0,27.566,84.369,True,True,1.486
28,2026-09-26 08:01:17+01:00,6.513217274,3.392951385,18.0,20.0,21.0,27.566,84.369,True,True,2.086
28,2026-09-26 08:01:18+01:00,6.513225266,3.392973154,18.0,20.0,21.0,27.566,84.369,True,True,2.564
28,2026-09-26 08:01:19+01:00,6.513227064,3.392989981,18.0,20.0,21.0,27.566,84.369,True,True,1.87
28,2026-09-26 08:01:20+01:00,6.51322829,3.393011259,17.0,18.0,19.0,27.566,84.369,True,True,2.355
28,2026-09-26 08:01:21+01:00,6.513233115,3.393028086,17.0,18.0,19.0,27.566,84.369,True,True,1.935
28,2026-09-26 08:01:22+01:00,6.513236979,3.393045658,18.0,20.0,21.0,27.566,84.369,True,True,1.988
28,2026-09-26 08:01:23+01:00,6.513240457,3.393069487,18.0,20.0,21.0,27.566,84.369,True,True,2.661
28,2026-09-26 08:01:24+01:00,6.513240321,3.39308288,18.0,20.0,21.0,27.566,84.369,True,True,1.48
28,2026-09-26 08:01:25+01:00,6.513244596,3.393100547,17.0,18.0,19.0,27.566,84.369,True,True,2.009
28,2026-09-26 08:01:26+01:00,6.513250364,3.393116839,17.0,18.0,19.0,27.566,84.369,True,True,1.911
28,2026-09-26 08:01:27+01:00,6.513251722,3.393133332,18.0,20.0,21.0,27.566,84.369,True,True,1.828
28,2026-09-26 08:01:28+01:00,6.513254933,3.393153438,17.0,18.0,19.0,27.566,84.369,True,True,2.25
28,2026-09-26 08:01:29+01:00,6.513257244,3.39317065,17.0,18.0,19.0,27.566,84.369,True,True,1.919
28,2026-09-26 08:01:30+01:00,6.513259789,3.393187592,17.0,18.0,19.0,27.566,84.369,True,True,1.893
28,2026-09-26 08:01:31+01:00,6.513259482,3.393206581,18.0,20.0,21.0,27.566,84.369,True,True,2.098
28,2026-09-26 08:01:32+01:00,6.513250999,3.39323632,18.0,20.0,21.0,27.566,83.822,True,True,3.418
28,2026-09-26 08:01:33+01:00,6.513242219,3.393256125,18.0,20.0,21.0,27.566,83.822,True,True,2.396
28,2026-09-26 08:01:34+01:00,6.513240807,3.393269301,18.0,20.0,21.0,27.566,83.822,True,True,1.464
28,2026-09-26 08:01:35+01:00,6.513247361,3.393289725,18.0,20.0,21.0,27.566,83.822,True,True,2.371
28,2026-09-26 08:01:36+01:00,6.51325228,3.393313487,19.0,21.0,22.0,27.566,83.822,True,True,2.682
28,2026-09-26 08:01:37+01:00,6.51325527,3.39332927,19.0,21.0,22.0,27.566,83.822,True,True,1.775
28,2026-09-26 08:01:38+01:00,6.513258614,3.393348451,19.0,21.0,22.0,27.566,83.822,True,True,2.151
28,2026-09-26 08:01:39+01:00,6.513268089,3.393366454,19.0,21.0,22.0,27.566,83.822,True,True,2.251
28,2026-09-26 08:01:40+01:00,6.513267437,3.393389355,19.0,21.0,22.0,27.566,83.822,True,True,2.531
28,2026-09-26 08:01:41+01:00,6.513271092,3.393409352,18.0,20.0,21.0,27.566,83.822,True,True,2.246
28,2026-09-26 08:01:42+01:00,6.513280457,3.393429314,18.0,20.0,21.0,27.566,83.822,True,True,2.439
28,2026-09-26 08:01:43+01:00,6.513280394,3.393449912,18.0,20.0,21.0,27.566,83.822,True,True,2.276
28,2026-09-26 08:01:44+01:00,6.51328729,3.393468931,18.0,20.0,21.0,27.566,83.822,True,True,2.237
28,2026-09-26 08:01:45+01:00,6.513293866,3.393489882,17.0,18.0,19.0,27.566,83.822,True,True,2.427
28,2026-09-26 08:01:46+01:00,6.513296452,3.393512596,19.0,21.0,22.0,27.566,83.822,True,True,2.526
28,2026-09-26 08:01:47+01:00,6.513299064,3.393539043,19.0,21.0,22.0,27.566,83.822,True,True,2.936
28,2026-09-26 08:01:48+01:00,6.513306208,3.393559968,19.0,21.0,22.0,27.566,83.822,True,True,2.444
28,2026-09-26 08:01:49+01:00,6.51331056,3.393585021,19.0,21.0,22.0,27.566,83.822,True,True,2.81
28,2026-09-26 08:01:50+01:00,6.513316683,3.39360732,19.0,21.0,22.0,27.566,83.822,True,True,2.556
28,2026-09-26 08:01:51+01:00,6.51332451,3.393631952,19.0,21.0,22.0,27.566,83.822,True,True,2.857
28,2026-09-26 08:01:52+01:00,6.513332408,3.393653599,19.0,21.0,22.0,27.566,83.822,True,True,2.548
28,2026-09-26 08:01:53+01:00,6.513337894,3.393674657,20.0,22.0,25.0,27.566,83.822,True,True,2.405
28,2026-09-26 08:01:54+01:00,6.513341769,3.393694943,20.0,22.0,25.0,27.566,83.822,True,True,2.282
28,2026-09-26 08:01:55+01:00,6.513351298,3.393717166,21.0,22.0,26.0,27.566,83.822,True,True,2.674
28,2026-09-26 08:01:56+01:00,6.513352656,3.393738852,21.0,23.0,27.0,27.566,83.822,True,True,2.401
28,2026-09-26 08:01:57+01:00,6.513352611,3.393760756,20.0,22.0,25.0,27.566,83.822,True,True,2.42
28,2026-09-26 08:01:58+01:00,6.513357189,3.393783009,20.0,22.0,25.0,27.566,83.822,True,True,2.511
28,2026-09-26 08:01:59+01:00,6.51335787,3.39380669,19.0,21.0,22.0,27.566,83.822,True,True,2.617
28,2026-09-26 08:02:00+01:00,6.513361122,3.393826392,20.0,22.0,25.0,27.566,83.822,True,True,2.206
28,2026-09-26 08:02:01+01:00,6.513366063,3.393846491,20.0,22.0,25.0,27.566,83.822,True,True,2.287
28,2026-09-26 08:02:02+01:00,6.513374729,3.393866391,20.0,22.0,25.0,27.566,83.822,True,True,2.4
28,2026-09-26 08:02:03+01:00,6.513375888,3.393886767,20.0,22.0,25.0,27.566,83.822,True,True,2.255
28,2026-09-26 08:02:04+01:00,6.513380995,3.393908782,21.0,23.0,27.0,27.566,83.822,True,True,2.498
28,2026-09-26 08:02:05+01:00,6.513387724,3.393927195,21.0,23.0,27.0,27.566,83.822,True,True,2.167
28,2026-09-26 08:02:06+01:00,6.513389706,3.393950069,20.0,22.0,25.0,27.566,83.822,True,True,2.537
28,2026-09-26 08:02:07+01:00,6.513393878,3.393973611,20.0,22.0,25.0,27.566,83.822,True,True,2.642
28,2026-09-26 08:02:08+01:00,6.513400397,3.393995322,20.0,22.0,25.0,27.566,83.822,True,True,2.506
28,2026-09-26 08:02:09+01:00,6.513405556,3.39401808,20.0,22.0,25.0,27.566,83.822,True,True,2.579
28,2026-09-26 08:02:10+01:00,6.513410833,3.394039715,21.0,23.0,27.0,27.566,83.822,True,True,2.461
28,2026-09-26 08:02:11+01:00,6.513410833,3.394039715,20.0,22.0,25.0,27.566,83.822,True,True,0.0
28,2026-09-26 08:02:12+01:00,6.513410833,3.394039715,20.0,22.0,25.0,27.566,83.822,True,True,0.0
28,2026-09-26 08:02:13+01:00,6.513410833,3.394039715,20.0,22.0,25.0,27.566,83.822,True,True,0.0
28,2026-09-26 08:02:14+01:00,6.513410833,3.394039715,20.0,22.0,25.0,27.566,83.822,True,True,0.0
28,2026-09-26 08:02:15+01:00,6.513410833,3.394039715,19.0,21.0,22.0,27.566,83.822,True,True,0.0
28,2026-09-26 08:02:16+01:00,6.513410833,3.394039715,19.0,21.0,22.0,27.566,83.822,True,True,0.0
28,2026-09-26 08:02:17+01:00,6.513410833,3.394039715,20.0,22.0,25.0,27.566,83.822,True,True,0.0
28,2026-09-26 08:02:18+01:00,6.513410833,3.394039715,20.0,22.0,25.0,27.566,83.822,True,True,0.0
28,2026-09-26 08:02:19+01:00,6.513410833,3.394039715,20.0,22.0,25.0,27.566,83.822,True,True,0.0
28,2026-09-26 08:02:20+01:00,6.513410833,3.394039715,20.0,22.0,25.0,27.566,83.822,True,True,0.0
28,2026-09-26 08:02:21+01:00,6.513410833,3.394039715,20.0,22.0,25.0,27.566,83.822,True,True,0.0
28,2026-09-26 08:02:22+01:00,6.513410833,3.394039715,19.0,21.0,22.0,27.566,83.822,True,True,0.0
28,2026-09-26 08:02:23+01:00,6.513410833,3.394039715,19.0,21.0,22.0,27.566,83.822,True,True,0.0
28,2026-09-26 08:02:24+01:00,6.513410833,3.394039715,19.0,21.0,22.0,27.566,83.822,True,True,0.0
28,2026-09-26 08:02:25+01:00,6.513410833,3.394039715,19.0,21.0,22.0,27.566,83.822,True,True,0.0
28,2026-09-26 08:02:26+01:00,6.513410833,3.394039715,19.0,21.0,22.0,27.566,83.822,True,True,0.0
28,2026-09-26 08:02:27+01:00,6.513410833,3.394039715,19.0,21.0,22.0,27.566,83.822,True,True,0.0
28,2026-09-26 08:02:28+01:00,6.513410833,3.394039715,19.0,21.0,22.0,27.566,83.822,True,True,0.0
28,2026-09-26 08:02:29+01:00,6.513410833,3.394039715,19.0,21.0,22.0,27.566,83.822,True,True,0.0
28,2026-09-26 08:02:30+01:00,6.513410833,3.394039715,19.0,21.0,22.0,27.566,83.822,True,True,0.0
28,2026-09-26 08:02:31+01:00,6.513410833,3.394039715,19.0,21.0,22.0,27.566,83.822,True,True,0.0
28,2026-09-26 08:02:32+01:00,6.513410833,3.394039715,19.0,21.0,22.0,27.566,85.998,True,True,0.0
28,2026-09-26 08:02:33+01:00,6.513410833,3.394039715,19.0,21.0,22.0,27.566,85.998,True,True,0.0
28,2026-09-26 08:02:34+01:00,6.513410833,3.394039715,18.0,20.0,21.0,27.566,85.998,True,True,0.0
28,2026-09-26 08:02:35+01:00,6.513410833,3.394039715,18.0,20.0,21.0,27.566,85.998,True,True,0.0
28,2026-09-26 08:02:36+01:00,6.513410833,3.394039715,19.0,21.0,22.0,27.566,85.998,True,True,0.0
28,2026-09-26 08:02:37+01:00,6.513410833,3.394039715,19.0,21.0,22.0,27.566,85.998,True,True,0.0
28,2026-09-26 08:02:38+01:00,6.513410833,3.394039715,19.0,21.0,22.0,27.566,85.998,True,True,0.0
28,2026-09-26 08:02:39+01:00,6.513410833,3.394039715,19.0,21.0,22.0,27.566,85.998,True,True,0.0
28,2026-09-26 08:02:40+01:00,6.513410833,3.394039715,19.0,21.0,22.0,27.566,85.998,True,True,0.0
28,2026-09-26 08:02:41+01:00,6.513410833,3.394039715,20.0,22.0,25.0,27.566,85.998,True,True,0.0
28,2026-09-26 08:02:42+01:00,6.513410833,3.394039715,19.0,21.0,22.0,27.566,85.998,True,True,0.0
28,2026-09-26 08:02:43+01:00,6.513410833,3.394039715,19.0,21.0,22.0,27.566,85.998,True,True,0.0
28,2026-09-26 08:02:44+01:00,6.513410833,3.394039715,19.0,21.0,22.0,27.566,85.998,True,True,0.0
28,2026-09-26 08:02:45+01:00,6.513557866,3.394707869,20.0,22.0,25.0,27.566,85.998,False,True,75.605
28,2026-09-26 08:02:46+01:00,6.513563464,3.394720583,20.0,22.0,25.0,27.566,85.998,True,True,1.536
28,2026-09-26 08:02:47+01:00,6.513566602,3.394728585,20.0,22.0,25.0,27.566,85.998,True,True,0.95
28,2026-09-26 08:02:48+01:00,6.513569361,3.394738993,20.0,22.0,25.0,27.566,85.998,True,True,1.19
28,2026-09-26 08:02:49+01:00,6.5135716,3.394750863,20.0,22.0,25.0,27.566,85.998,True,True,1.335
28,2026-09-26 08:02:50+01:00,6.513572769,3.394762508,20.0,22.0,25.0,27.566,85.998,True,True,1.293
28,2026-09-26 08:02:52+01:00,6.513581078,3.394790951,21.0,23.0,27.0,27.566,85.998,True,True,1.638
28,2026-09-26 08:02:53+01:00,6.51358486,3.394802811,21.0,23.0,27.0,27.566,85.998,True,True,1.376
28,2026-09-26 08:02:54+01:00,6.513588342,3.394815002,21.0,23.0,27.0,27.566,85.998,True,True,1.401
28,2026-09-26 08:02:55+01:00,6.513595207,3.394827525,21.0,23.0,27.0,27.566,85.998,True,True,1.58
28,2026-09-26 08:02:56+01:00,6.513593837,3.394833867,21.0,23.0,27.0,27.566,85.998,True,True,0.717
28,2026-09-26 08:02:57+01:00,6.513593791,3.39484354,20.0,22.0,25.0,27.566,85.998,True,True,1.069
28,2026-09-26 08:02:58+01:00,6.513599727,3.39485688,20.0,22.0,25.0,27.566,85.998,True,True,1.615
28,2026-09-26 08:02:59+01:00,6.513603403,3.394868979,20.0,22.0,25.0,27.566,85.998,True,True,1.398
28,2026-09-26 08:03:00+01:00,6.513606045,3.394881403,20.0,22.0,25.0,27.566,85.998,True,True,1.404
28,2026-09-26 08:03:01+01:00,6.513609371,3.394891019,20.0,22.0,25.0,27.566,85.998,True,True,1.125
28,2026-09-26 08:03:02+01:00,6.513613413,3.394903174,20.0,22.0,25.0,27.566,85.998,True,True,1.416
28,2026-09-26 08:03:03+01:00,6.513616901,3.394911059,20.0,22.0,25.0,27.566,85.998,True,True,0.954
28,2026-09-26 08:03:04+01:00,6.513620701,3.394924225,19.0,21.0,22.0,27.566,85.998,True,True,1.515
28,2026-09-26 08:03:05+01:00,6.513623045,3.39493522,19.0,21.0,22.0,27.566,85.998,True,True,1.242
28,2026-09-26 08:03:06+01:00,6.513623922,3.394945499,19.0,21.0,22.0,27.566,85.998,True,True,1.14
28,2026-09-26 08:03:07+01:00,6.513626594,3.394954047,19.0,21.0,22.0,27.566,85.998,True,True,0.99
28,2026-09-26 08:03:08+01:00,6.513631782,3.394966357,19.0,21.0,22.0,27.566,85.998,True,True,1.477
28,2026-09-26 08:03:09+01:00,6.513639629,3.394976071,20.0,22.0,25.0,27.566,85.998,True,True,1.383
28,2026-09-26 08:03:10+01:00,6.513644412,3.394988697,20.0,22.0,25.0,27.566,85.998,True,True,1.493
28,2026-09-26 08:03:11+01:00,6.513642355,3.395002231,20.0,22.0,25.0,27.566,85.998,True,True,1.513
28,2026-09-26 08:03:12+01:00,6.513643268,3.395014324,20.0,22.0,25.0,27.566,85.998,True,True,1.34
28,2026-09-26 08:03:13+01:00,6.513644895,3.395026044,20.0,22.0,25.0,27.566,85.998,True,True,1.307
28,2026-09-26 08:03:14+01:00,6.513648076,3.395036208,20.0,22.0,25.0,27.566,85.998,True,True,1.177
28,2026-09-26 08:03:15+01:00,6.513654254,3.395049394,20.0,22.0,25.0,27.566,85.998,True,True,1.611
28,2026-09-26 08:03:16+01:00,6.513659383,3.395058887,21.0,23.0,27.0,27.566,85.998,True,True,1.194
28,2026-09-26 08:03:17+01:00,6.513663945,3.39506834,21.0,23.0,27.0,27.566,85.998,True,True,1.161
28,2026-09-26 08:03:18+01:00,6.513668105,3.395079754,20.0,22.0,25.0,27.566,85.998,True,True,1.343
28,2026-09-26 08:03:19+01:00,6.513674753,3.395094168,20.0,22.0,25.0,27.566,85.998,True,True,1.756
28,2026-09-26 08:03:20+01:00,6.51367938,3.39510528,19.0,21.0,22.0,27.566,85.998,True,True,1.331
28,2026-09-26 08:03:21+01:00,6.513681946,3.395117893,20.0,22.0,25.0,27.566,85.998,True,True,1.422
28,2026-09-26 08:03:22+01:00,6.513682305,3.395127371,20.0,22.0,25.0,27.566,85.998,True,True,1.048
28,2026-09-26 08:03:23+01:00,6.513685769,3.395142411,20.0,22.0,25.0,27.566,85.998,True,True,1.706
28,2026-09-26 08:03:24+01:00,6.513687342,3.395152635,20.0,22.0,25.0,27.566,85.998,True,True,1.143
28,2026-09-26 08:03:25+01:00,6.513690803,3.39516707,20.0,22.0,25.0,27.566,85.998,True,True,1.641
28,2026-09-26 08:03:26+01:00,6.513697338,3.395182298,20.0,22.0,25.0,27.566,85.998,True,True,1.833
28,2026-09-26 08:03:27+01:00,6.513701916,3.395194641,20.0,22.0,25.0,27.566,85.998,True,True,1.456
28,2026-09-26 08:03:28+01:00,6.513702998,3.39520821,19.0,21.0,22.0,27.566,85.998,True,True,1.504
28,2026-09-26 08:03:29+01:00,6.513704837,3.395225611,19.0,21.0,22.0,27.566,85.998,True,True,1.933
28,2026-09-26 08:03:30+01:00,6.513704939,3.395237928,19.0,21.0,22.0,27.566,85.998,True,True,1.361
28,2026-09-26 08:03:31+01:00,6.51371182,3.395245986,19.0,21.0,22.0,27.566,85.998,True,True,1.174
28,2026-09-26 08:03:32+01:00,6.513713007,3.395266749,18.0,20.0,21.0,27.566,84.914,True,True,2.298
28,2026-09-26 08:03:33+01:00,6.5137119,3.3952783,18.0,20.0,21.0,27.566,84.914,True,True,1.282
28,2026-09-26 08:03:34+01:00,6.513710031,3.395290739,18.0,20.0,21.0,27.566,84.914,True,True,1.39
28,2026-09-26 08:03:35+01:00,6.513712881,3.39531003,19.0,21.0,22.0,27.566,84.914,True,True,2.155
28,2026-09-26 08:03:36+01:00,6.513718224,3.395323367,19.0,21.0,22.0,27.566,84.914,True,True,1.589
28,2026-09-26 08:03:37+01:00,6.513717813,3.395337225,20.0,22.0,25.0,27.566,84.914,True,True,1.532
28,2026-09-26 08:03:38+01:00,6.51371719,3.395353101,20.0,22.0,25.0,27.566,84.914,True,True,1.755
28,2026-09-26 08:03:39+01:00,6.513719129,3.395377882,20.0,22.0,25.0,27.566,84.914,True,True,2.746
28,2026-09-26 08:03:40+01:00,6.513721166,3.395384298,20.0,22.0,25.0,27.566,84.914,True,True,0.744
28,2026-09-26 08:03:41+01:00,6.513724418,3.395394183,20.0,21.0,24.0,27.566,84.914,True,True,1.15
28,2026-09-26 08:03:42+01:00,6.513724681,3.395405721,18.0,20.0,21.0,27.566,84.914,True,True,1.275
28,2026-09-26 08:03:43+01:00,6.513726272,3.395416421,18.0,20.0,21.0,27.566,84.914,True,True,1.195
28,2026-09-26 08:03:44+01:00,6.513727806,3.395427624,18.0,20.0,21.0,27.566,84.914,True,True,1.249
28,2026-09-26 08:03:45+01:00,6.513728195,3.395438342,18.0,20.0,21.0,27.566,84.914,True,True,1.185
28,2026-09-26 08:03:46+01:00,6.513724207,3.395441955,18.0,20.0,21.0,27.566,84.914,True,True,0.597
28,2026-09-26 08:03:47+01:00,6.513724912,3.395436882,18.0,20.0,21.0,27.566,84.914,True,True,0.566
28,2026-09-26 08:03:48+01:00,6.513725848,3.395438265,18.0,20.0,21.0,27.566,84.914,True,True,0.185
28,2026-09-26 08:03:49+01:00,6.513725411,3.395444264,17.0,18.0,19.0,27.566,84.914,True,True,0.665
28,2026-09-26 08:03:50+01:00,6.513724432,3.395443407,15.0,16.0,17.0,27.566,84.914,True,True,0.144
28,2026-09-26 08:03:51+01:00,6.513724546,3.395442269,16.0,17.0,18.0,27.566,84.914,True,True,0.126
28,2026-09-26 08:03:52+01:00,6.513723178,3.395440523,15.0,17.0,18.0,27.566,84.914,True,True,0.246
28,2026-09-26 08:03:53+01:00,6.513722313,3.395444154,17.0,18.0,19.0,27.566,84.914,True,True,0.413
28,2026-09-26 08:03:54+01:00,6.513729646,3.395459225,17.0,18.0,19.0,27.566,84.914,True,True,1.854
28,2026-09-26 08:03:55+01:00,6.513733347,3.395474559,16.0,17.0,18.0,27.566,84.914,True,True,1.743
28,2026-09-26 08:03:56+01:00,6.513736843,3.395492022,16.0,17.0,18.0,27.566,84.914,True,True,1.968
28,2026-09-26 08:03:57+01:00,6.513738199,3.395507306,17.0,18.0,19.0,27.566,84.914,True,True,1.695
28,2026-09-26 08:03:58+01:00,6.513739677,3.39552096,17.0,18.0,19.0,27.566,84.914,True,True,1.517
28,2026-09-26 08:03:59+01:00,6.513741614,3.395535462,17.0,18.0,19.0,27.566,84.914,True,True,1.617
28,2026-09-26 08:04:00+01:00,6.513745082,3.395551795,17.0,18.0,19.0,27.566,84.914,True,True,1.845
28,2026-09-26 08:04:01+01:00,6.513744735,3.395567155,17.0,18.0,19.0,27.566,84.914,True,True,1.697
28,2026-09-26 08:04:02+01:00,6.513745538,3.39558303,18.0,20.0,21.0,27.566,84.914,True,True,1.756
28,2026-09-26 08:04:03+01:00,6.513748216,3.395598282,18.0,20.0,21.0,27.566,84.914,True,True,1.711
28,2026-09-26 08:04:04+01:00,6.513753191,3.39560752,18.0,20.0,21.0,27.566,84.914,True,True,1.161
28,2026-09-26 08:04:05+01:00,6.513760189,3.395623856,18.0,20.0,21.0,27.566,84.914,True,True,1.965
28,2026-09-26 08:04:06+01:00,6.513760451,3.395635845,18.0,20.0,21.0,27.566,84.914,True,True,1.325
28,2026-09-26 08:04:07+01:00,6.513761099,3.395654844,18.0,20.0,21.0,27.566,84.914,True,True,2.1
28,2026-09-26 08:04:08+01:00,6.513760987,3.395668586,17.0,18.0,19.0,27.566,84.914,True,True,1.518
28,2026-09-26 08:04:09+01:00,6.51376228,3.395684997,17.0,18.0,19.0,27.566,84.914,True,True,1.819
28,2026-09-26 08:04:10+01:00,6.513763899,3.395704106,17.0,18.0,19.0,27.566,84.914,True,True,2.119
28,2026-09-26 08:04:11+01:00,6.513761564,3.395724209,18.0,20.0,21.0,27.566,84.914,True,True,2.236
28,2026-09-26 08:04:12+01:00,6.513765398,3.395737985,18.0,20.0,21.0,27.566,84.914,True,True,1.581
28,2026-09-26 08:04:13+01:00,6.513764666,3.395758585,17.0,19.0,20.0,27.566,84.914,True,True,2.277
28,2026-09-26 08:04:14+01:00,6.513763115,3.395778752,18.0,20.0,21.0,27.566,84.914,True,True,2.235
28,2026-09-26 08:04:15+01:00,6.513764656,3.395798071,18.0,20.0,21.0,27.566,84.914,True,True,2.141
28,2026-09-26 08:04:16+01:00,6.513764338,3.395815436,17.0,18.0,19.0,27.566,84.914,True,True,1.919
28,2026-09-26 08:04:17+01:00,6.513760997,3.395833408,18.0,20.0,21.0,27.566,84.914,True,True,2.02
28,2026-09-26 08:04:18+01:00,6.513765028,3.395860616,18.0,20.0,21.0,27.566,84.914,True,True,3.039
28,2026-09-26 08:04:19+01:00,6.513760263,3.395878325,18.0,20.0,21.0,27.566,84.914,True,True,2.027
28,2026-09-26 08:04:20+01:00,6.51376065,3.395889624,18.0,20.0,21.0,27.566,84.914,True,True,1.249
28,2026-09-26 08:04:21+01:00,6.513759638,3.395904718,18.0,20.0,21.0,27.566,84.914,True,True,1.671
28,2026-09-26 08:04:22+01:00,6.513760188,3.395923399,18.0,20.0,21.0,27.566,84.914,True,True,2.065
28,2026-09-26 08:04:23+01:00,6.513759135,3.395941547,19.0,21.0,22.0,27.566,84.914,True,True,2.008
28,2026-09-26 08:04:24+01:00,6.513750343,3.395954169,19.0,21.0,22.0,27.566,84.914,True,True,1.703
28,2026-09-26 08:04:25+01:00,6.51375208,3.395976079,19.0,21.0,22.0,27.566,84.914,True,True,2.428
28,2026-09-26 08:04:26+01:00,6.513751345,3.395988143,20.0,22.0,25.0,27.566,84.914,True,True,1.335
28,2026-09-26 08:04:27+01:00,6.513750941,3.396004859,21.0,23.0,27.0,27.566,84.914,True,True,1.847
28,2026-09-26 08:04:28+01:00,6.513750264,3.396017094,20.0,22.0,25.0,27.566,84.914,True,True,1.354
28,2026-09-26 08:04:29+01:00,6.513756239,3.39603122,20.0,22.0,25.0,27.566,84.914,True,True,1.696
28,2026-09-26 08:04:30+01:00,6.513749347,3.396055708,19.0,21.0,22.0,27.566,84.914,True,True,2.812
28,2026-09-26 08:04:31+01:00,6.513752297,3.396059293,19.0,21.0,22.0,27.566,84.914,True,True,0.514
28,2026-09-26 08:04:32+01:00,6.51375693,3.396072973,20.0,22.0,25.0,27.566,84.914,True,True,1.597
28,2026-09-26 08:04:33+01:00,6.513758882,3.39608919,20.0,22.0,25.0,27.566,84.914,True,True,1.805
28,2026-09-26 08:04:34+01:00,6.513757063,3.39610017,20.0,21.0,24.0,27.566,84.914,True,True,1.23
28,2026-09-26 08:04:35+01:00,6.513761541,3.39611506,20.0,22.0,25.0,27.566,84.914,True,True,1.719
28,2026-09-26 08:04:36+01:00,6.513757054,3.396127311,20.0,22.0,25.0,27.566,84.914,True,True,1.442
28,2026-09-26 08:04:37+01:00,6.51375761,3.396139302,19.0,21.0,22.0,27.566,84.914,True,True,1.326
28,2026-09-26 08:04:38+01:00,6.513758753,3.396152607,19.0,21.0,22.0,27.566,84.914,True,True,1.475
28,2026-09-26 08:04:39+01:00,6.51375981,3.396171128,19.0,21.0,22.0,27.566,84.914,True,True,2.05
28,2026-09-26 08:04:40+01:00,6.513754889,3.396182764,19.0,21.0,22.0,27.566,84.914,True,True,1.397
28,2026-09-26 08:04:41+01:00,6.513752897,3.396196506,20.0,22.0,25.0,27.566,84.914,True,True,1.534
28,2026-09-26 08:04:42+01:00,6.513752989,3.39621058,20.0,22.0,25.0,27.566,84.914,True,True,1.555
28,2026-09-26 08:04:43+01:00,6.513754249,3.396224016,20.0,22.0,25.0,27.566,84.914,True,True,1.491
28,2026-09-26 08:04:44+01:00,6.513755636,3.396237521,20.0,22.0,25.0,27.566,84.914,True,True,1.5
28,2026-09-26 08:04:45+01:00,6.513757179,3.396251902,20.0,22.0,25.0,27.566,84.914,True,True,1.598
28,2026-09-26 08:04:46+01:00,6.513759197,3.396265419,19.0,21.0,22.0,27.566,84.914,True,True,1.51
28,2026-09-26 08:04:47+01:00,6.51376039,3.396278041,20.0,22.0,25.0,27.566,84.914,True,True,1.401
28,2026-09-26 08:04:48+01:00,6.51376007,3.396291312,19.0,21.0,22.0,27.566,84.914,True,True,1.467
28,2026-09-26 08:04:49+01:00,6.513756937,3.396304072,20.0,22.0,25.0,27.566,84.914,True,True,1.452
28,2026-09-26 08:04:50+01:00,6.513757715,3.396319101,21.0,22.0,26.0,27.566,84.914,True,True,1.663
28,2026-09-26 08:04:51+01:00,6.513754837,3.396328594,19.0,21.0,22.0,27.566,84.914,True,True,1.096
28,2026-09-26 08:04:52+01:00,6.513754369,3.39633432,19.0,21.0,22.0,27.566,84.914,True,True,0.635
28,2026-09-26 08:04:53+01:00,6.513759834,3.396355563,19.0,21.0,22.0,27.566,84.914,True,True,2.424
28,2026-09-26 08:04:54+01:00,6.513763396,3.39636982,18.0,20.0,21.0,27.566,84.914,True,True,1.624
28,2026-09-26 08:04:55+01:00,6.513763716,3.396380802,19.0,21.0,22.0,27.566,84.914,True,True,1.214
28,2026-09-26 08:04:56+01:00,6.513762401,3.396399423,19.0,21.0,22.0,27.566,84.914,True,True,2.062
28,2026-09-26 08:04:57+01:00,6.513761783,3.396408265,19.0,21.0,22.0,27.566,84.914,True,True,0.979
28,2026-09-26 08:04:58+01:00,6.51375991,3.396413433,19.0,21.0,22.0,27.566,84.914,True,True,0.608
28,2026-09-26 08:04:59+01:00,6.513756398,3.396429386,17.0,18.0,19.0,27.566,84.914,True,True,1.805
28,2026-09-26 08:05:00+01:00,6.513756089,3.396441098,17.0,18.0,19.0,27.566,84.914,True,True,1.294
28,2026-09-26 08:05:01+01:00,6.513758594,3.396453455,17.0,18.0,19.0,27.566,84.914,True,True,1.393
28,2026-09-26 08:05:02+01:00,6.51375678,3.396459621,18.0,20.0,21.0,27.566,84.914,True,True,0.71
28,2026-09-26 08:05:03+01:00,6.513755378,3.396477957,18.0,20.0,21.0,27.566,84.914,True,True,2.032
28,2026-09-26 08:05:04+01:00,6.513754827,3.396489085,17.0,18.0,19.0,27.566,84.914,True,True,1.231
28,2026-09-26 08:05:05+01:00,6.513757008,3.396504441,17.0,18.0,19.0,27.566,84.914,True,True,1.714
28,2026-09-26 08:05:06+01:00,6.513757879,3.396516399,17.0,18.0,19.0,27.566,84.914,True,True,1.325
28,2026-09-26 08:05:07+01:00,6.513756171,3.396528928,18.0,20.0,21.0,27.566,84.914,True,True,1.397
28,2026-09-26 08:05:08+01:00,6.513759002,3.396540623,18.0,20.0,21.0,27.566,84.914,True,True,1.33
28,2026-09-26 08:05:09+01:00,6.513757049,3.396554999,19.0,21.0,22.0,27.566,84.914,True,True,1.603
28,2026-09-26 08:05:10+01:00,6.513754086,3.396566943,19.0,21.0,22.0,27.566,84.914,True,True,1.36
28,2026-09-26 08:05:11+01:00,6.513752391,3.396577387,19.0,21.0,22.0,27.566,84.914,True,True,1.169
28,2026-09-26 08:05:12+01:00,6.513750589,3.396587954,19.0,21.0,22.0,27.566,84.914,True,True,1.184
28,2026-09-26 08:05:13+01:00,6.5137504,3.39659873,18.0,20.0,21.0,27.566,84.914,True,True,1.191
28,2026-09-26 08:05:14+01:00,6.51374739,3.396611549,19.0,21.0,22.0,27.566,84.914,True,True,1.455
28,2026-09-26 08:05:15+01:00,6.513749746,3.396624962,18.0,20.0,21.0,27.566,84.914,True,True,1.505
28,2026-09-26 08:05:16+01:00,6.513750898,3.396637944,19.0,21.0,22.0,27.566,84.914,True,True,1.44
28,2026-09-26 08:05:17+01:00,6.513751029,3.396649657,19.0,21.0,22.0,27.566,84.914,True,True,1.294
28,2026-09-26 08:05:18+01:00,6.513753607,3.396663844,17.0,18.0,19.0,27.566,84.914,True,True,1.593
28,2026-09-26 08:05:19+01:00,6.51375312,3.396672566,17.0,18.0,19.0,27.566,84.914,True,True,0.965
28,2026-09-26 08:05:20+01:00,6.513752413,3.396687013,17.0,18.0,19.0,27.566,84.914,True,True,1.598
28,2026-09-26 08:05:21+01:00,6.513753837,3.396700561,17.0,18.0,19.0,27.566,84.914,True,True,1.505
28,2026-09-26 08:05:22+01:00,6.513757589,3.396714833,16.0,17.0,18.0,27.566,84.914,True,True,1.631
28,2026-09-26 08:05:23+01:00,6.513760626,3.39672584,16.0,17.0,18.0,27.566,84.914,True,True,1.262
28,2026-09-26 08:05:24+01:00,6.513761416,3.396738966,17.0,18.0,19.0,27.566,84.914,True,True,1.453
28,2026-09-26 08:05:25+01:00,6.513761955,3.396752295,16.0,17.0,18.0,27.566,84.914,True,True,1.474
28,2026-09-26 08:05:26+01:00,6.513764059,3.39676138,16.0,17.0,18.0,27.566,84.914,True,True,1.031
28,2026-09-26 08:05:27+01:00,6.51376963,3.396771491,17.0,18.0,19.0,27.566,84.914,True,True,1.277
28,2026-09-26 08:05:28+01:00,6.513773989,3.396783237,17.0,18.0,19.0,27.566,84.914,True,True,1.385
28,2026-09-26 08:05:29+01:00,6.513779047,3.396794932,16.0,17.0,18.0,27.566,84.914,True,True,1.409
28,2026-09-26 08:05:30+01:00,6.513785236,3.396805177,16.0,17.0,18.0,27.566,84.914,True,True,1.325
28,2026-09-26 08:05:31+01:00,6.513788938,3.396816074,15.0,16.0,17.0,27.566,84.914,True,True,1.272
28,2026-09-26 08:05:32+01:00,6.513793205,3.396828525,16.0,17.0,18.0,27.566,84.914,True,True,1.455
28,2026-09-26 08:05:33+01:00,6.513797164,3.396838119,16.0,17.0,18.0,27.566,84.914,True,True,1.148
28,2026-09-26 08:05:34+01:00,6.513794468,3.396842426,16.0,17.0,18.0,27.566,84.914,True,True,0.562
28,2026-09-26 08:05:35+01:00,6.51379281,3.396854091,16.0,17.0,18.0,27.566,84.914,True,True,1.302
28,2026-09-26 08:05:36+01:00,6.513794258,3.396863582,17.0,18.0,19.0,27.566,84.914,True,True,1.061
28,2026-09-26 08:05:37+01:00,6.513791382,3.396873044,17.0,18.0,19.0,27.566,84.914,True,True,1.093
28,2026-09-26 08:05:38+01:00,6.513792245,3.396882371,17.0,18.0,19.0,27.566,84.914,True,True,1.035
28,2026-09-26 08:05:39+01:00,6.513791782,3.396894838,18.0,20.0,21.0,27.566,84.914,True,True,1.378
28,2026-09-26 08:05:40+01:00,6.513789822,3.396907204,18.0,20.0,21.0,27.566,84.914,True,True,1.383
28,2026-09-26 08:05:41+01:00,6.513792302,3.396917001,19.0,21.0,22.0,27.566,84.914,True,True,1.117
28,2026-09-26 08:05:42+01:00,6.513793455,3.396926273,19.0,21.0,22.0,27.566,84.914,True,True,1.032
28,2026-09-26 08:05:43+01:00,6.513794646,3.396937794,18.0,20.0,21.0,27.566,84.914,True,True,1.28
28,2026-09-26 08:05:44+01:00,6.513792485,3.396949914,19.0,21.0,22.0,27.566,84.914,True,True,1.36
28,2026-09-26 08:05:45+01:00,6.513789161,3.39696162,19.0,21.0,22.0,27.566,84.914,True,True,1.345
28,2026-09-26 08:05:46+01:00,6.513787914,3.396975615,19.0,21.0,22.0,27.566,84.914,True,True,1.552
28,2026-09-26 08:05:47+01:00,6.5137875,3.396986203,19.0,21.0,22.0,27.566,84.914,True,True,1.171
28,2026-09-26 08:05:48+01:00,6.51378965,3.396997393,18.0,20.0,21.0,27.566,84.914,True,True,1.259
28,2026-09-26 08:05:49+01:00,6.513787879,3.397009601,17.0,18.0,19.0,27.566,84.914,True,True,1.363
28,2026-09-26 08:05:50+01:00,6.513786994,3.397021488,17.0,18.0,19.0,27.566,84.914,True,True,1.317
28,2026-09-26 08:05:51+01:00,6.513787106,3.397034819,17.0,18.0,19.0,27.566,84.914,True,True,1.473
28,2026-09-26 08:05:52+01:00,6.513788055,3.39704843,18.0,20.0,21.0,27.566,84.914,True,True,1.507
28,2026-09-26 08:05:53+01:00,6.513787347,3.397062705,18.0,20.0,21.0,27.566,84.914,True,True,1.579
28,2026-09-26 08:05:54+01:00,6.513780951,3.39708324,18.0,20.0,21.0,27.566,84.914,True,True,2.378
28,2026-09-26 08:05:55+01:00,6.513784285,3.397096112,17.0,19.0,20.0,27.566,84.914,True,True,1.47
28,2026-09-26 08:05:56+01:00,6.513779621,3.397112309,17.0,18.0,19.0,27.566,84.914,True,True,1.863
28,2026-09-26 08:05:57+01:00,6.513787822,3.397134454,18.0,20.0,21.0,27.566,84.914,True,True,2.611
28,2026-09-26 08:05:58+01:00,6.513783798,3.3971531,18.0,20.0,21.0,27.566,84.914,True,True,2.108
28,2026-09-26 08:05:59+01:00,6.513785553,3.39717585,18.0,20.0,21.0,27.566,84.914,True,True,2.521
28,2026-09-26 08:06:00+01:00,6.513784662,3.397196992,18.0,20.0,21.0,27.566,84.914,True,True,2.338
28,2026-09-26 08:06:01+01:00,6.513784778,3.397213646,18.0,20.0,21.0,27.566,84.914,True,True,1.84
28,2026-09-26 08:06:02+01:00,6.51379462,3.397231042,18.0,20.0,21.0,27.566,84.914,True,True,2.212
28,2026-09-26 08:06:03+01:00,6.513810058,3.397250583,18.0,20.0,21.0,27.566,84.914,True,True,2.758
28,2026-09-26 08:06:04+01:00,6.513818212,3.397261406,18.0,20.0,21.0,27.566,84.914,True,True,1.501
28,2026-09-26 08:06:05+01:00,6.513828063,3.397279514,18.0,20.0,21.0,27.566,84.914,True,True,2.281
28,2026-09-26 08:06:06+01:00,6.513842126,3.397290664,19.0,21.0,22.0,27.566,84.914,True,True,1.991
28,2026-09-26 08:06:07+01:00,6.513856489,3.397307535,19.0,21.0,22.0,27.566,84.914,True,True,2.455
28,2026-09-26 08:06:08+01:00,6.513873768,3.397315163,19.0,21.0,22.0,27.566,84.914,True,True,2.098
28,2026-09-26 08:06:09+01:00,6.5138916,3.397323687,19.0,21.0,22.0,27.566,84.914,True,True,2.195
28,2026-09-26 08:06:10+01:00,6.513912032,3.397330705,19.0,21.0,22.0,27.566,84.914,True,True,2.401
28,2026-09-26 08:06:11+01:00,6.513923525,3.397341102,19.0,21.0,22.0,27.566,84.914,True,True,1.718
28,2026-09-26 08:06:12+01:00,6.513946253,3.397353492,18.0,20.0,21.0,27.566,84.914,True,True,2.874
28,2026-09-26 08:06:13+01:00,6.51396548,3.397352732,18.0,20.0,21.0,27.566,84.914,True,True,2.14
28,2026-09-26 08:06:14+01:00,6.51398228,3.397357726,18.0,20.0,21.0,27.566,84.914,True,True,1.948
28,2026-09-26 08:06:15+01:00,6.513998107,3.397363034,18.0,20.0,21.0,27.566,84.914,True,True,1.855
28,2026-09-26 08:06:16+01:00,6.514013253,3.39736629,19.0,21.0,22.0,27.566,84.914,True,True,1.722
28,2026-09-26 08:06:18+01:00,6.514026679,3.397372435,19.0,18.0,22.0,27.566,84.914,True,True,0.82
28,2026-09-26 08:06:19+01:00,6.514050426,3.397376085,17.0,18.0,19.0,27.566,84.914,True,True,2.671
28,2026-09-26 08:06:20+01:00,6.514062056,3.397377544,17.0,18.0,19.0,27.566,84.914,True,True,1.303
28,2026-09-26 08:06:21+01:00,6.514078235,3.397377221,17.0,18.0,19.0,27.566,84.914,True,True,1.799
28,2026-09-26 08:06:22+01:00,6.514088723,3.397378516,17.0,18.0,19.0,27.566,84.914,True,True,1.175
28,2026-09-26 08:06:23+01:00,6.514103791,3.397376418,17.0,18.0,19.0,27.566,84.914,True,True,1.691
28,2026-09-26 08:06:24+01:00,6.514118144,3.397377544,17.0,19.0,20.0,27.566,84.914,True,True,1.601
28,2026-09-26 08:06:25+01:00,6.514131251,3.397382282,19.0,21.0,22.0,27.566,84.914,True,True,1.549
28,2026-09-26 08:06:26+01:00,6.514142275,3.397385678,19.0,21.0,22.0,27.566,84.914,True,True,1.282
28,2026-09-26 08:06:27+01:00,6.514155437,3.397389724,18.0,20.0,21.0,27.566,84.914,True,True,1.53
28,2026-09-26 08:06:28+01:00,6.514166875,3.397392436,18.0,20.0,21.0,27.566,84.914,True,True,1.307
28,2026-09-26 08:06:29+01:00,6.514176765,3.397397034,20.0,22.0,25.0,27.566,84.914,True,True,1.211
28,2026-09-26 08:06:30+01:00,6.514186948,3.397400623,20.0,22.0,25.0,27.566,84.914,True,True,1.2
28,2026-09-26 08:06:31+01:00,6.514197859,3.397405885,20.0,22.0,25.0,27.566,84.914,True,True,1.345
28,2026-09-26 08:06:32+01:00,6.514207903,3.397411268,20.0,22.0,25.0,27.566,84.369,True,True,1.265
28,2026-09-26 08:06:33+01:00,6.514218,3.397414721,20.0,22.0,25.0,27.566,84.369,True,True,1.186
28,2026-09-26 08:06:34+01:00,6.514230193,3.397417355,20.0,22.0,25.0,27.566,84.369,True,True,1.387
28,2026-09-26 08:06:35+01:00,6.51424398,3.397419269,20.0,22.0,25.0,27.566,84.369,True,True,1.548
28,2026-09-26 08:06:36+01:00,6.514254296,3.397422057,21.0,23.0,27.0,27.566,84.369,True,True,1.188
28,2026-09-26 08:06:37+01:00,6.514271204,3.397421406,21.0,23.0,27.0,27.566,84.369,True,True,1.881
28,2026-09-26 08:06:38+01:00,6.51428124,3.397425721,20.0,22.0,25.0,27.566,84.369,True,True,1.214
28,2026-09-26 08:06:39+01:00,6.514292328,3.397428987,19.0,21.0,22.0,27.566,84.369,True,True,1.285
28,2026-09-26 08:06:40+01:00,6.51430472,3.397433091,19.0,21.0,22.0,27.566,84.369,True,True,1.451
28,2026-09-26 08:06:41+01:00,6.514317115,3.397436584,20.0,22.0,25.0,27.566,84.369,True,True,1.431
28,2026-09-26 08:06:42+01:00,6.514326012,3.397438611,20.0,22.0,25.0,27.566,84.369,True,True,1.014
28,2026-09-26 08:06:43+01:00,6.514339834,3.397440439,19.0,21.0,22.0,27.566,84.369,True,True,1.55
28,2026-09-26 08:06:44+01:00,6.514353347,3.397440788,19.0,21.0,22.0,27.566,84.369,True,True,1.503
28,2026-09-26 08:06:45+01:00,6.514362674,3.39744363,19.0,21.0,22.0,27.566,84.369,True,True,1.084
28,2026-09-26 08:06:46+01:00,6.51437494,3.397446107,18.0,20.0,21.0,27.566,84.369,True,True,1.391
28,2026-09-26 08:06:47+01:00,6.514384103,3.397444918,19.0,21.0,22.0,27.566,84.369,True,True,1.027
28,2026-09-26 08:06:48+01:00,6.514394617,3.397446337,18.0,20.0,21.0,27.566,84.369,True,True,1.18
28,2026-09-26 08:06:49+01:00,6.514407633,3.397447873,18.0,20.0,21.0,27.566,84.369,True,True,1.457
28,2026-09-26 08:06:50+01:00,6.514416914,3.397452212,18.0,20.0,21.0,27.566,84.369,True,True,1.138
28,2026-09-26 08:06:51+01:00,6.514425628,3.397457324,18.0,20.0,21.0,27.566,84.369,True,True,1.122
28,2026-09-26 08:06:52+01:00,6.514434911,3.39745829,17.0,18.0,19.0,27.566,84.369,True,True,1.038
28,2026-09-26 08:06:53+01:00,6.514444782,3.397461071,17.0,18.0,19.0,27.566,84.369,True,True,1.14
28,2026-09-26 08:06:54+01:00,6.514454248,3.397464766,17.0,18.0,19.0,27.566,84.369,True,True,1.129
28,2026-09-26 08:06:55+01:00,6.514470236,3.397466946,17.0,18.0,19.0,27.566,84.369,True,True,1.794
28,2026-09-26 08:06:56+01:00,6.51448151,3.397471601,18.0,20.0,21.0,27.566,84.369,True,True,1.355
28,2026-09-26 08:06:57+01:00,6.514492805,3.397477784,18.0,20.0,21.0,27.566,84.369,True,True,1.43
28,2026-09-26 08:06:58+01:00,6.514501207,3.397481127,18.0,20.0,21.0,27.566,84.369,True,True,1.005
28,2026-09-26 08:06:59+01:00,6.514510773,3.397485996,18.0,20.0,21.0,27.566,84.369,True,True,1.192
28,2026-09-26 08:07:00+01:00,6.51452238,3.397487797,18.0,20.0,21.0,27.566,84.369,True,True,1.306
28,2026-09-26 08:07:01+01:00,6.514533048,3.397488201,18.0,20.0,21.0,27.566,84.369,True,True,1.187
28,2026-09-26 08:07:02+01:00,6.514542253,3.397486563,18.0,20.0,21.0,27.566,84.369,True,True,1.039
28,2026-09-26 08:07:03+01:00,6.514552709,3.3974879,16.0,18.0,19.0,27.566,84.369,True,True,1.172
28,2026-09-26 08:07:04+01:00,6.514563096,3.397488308,17.0,18.0,19.0,27.566,84.369,True,True,1.156
28,2026-09-26 08:07:05+01:00,6.514571022,3.397491752,17.0,18.0,19.0,27.566,84.369,True,True,0.96
28,2026-09-26 08:07:06+01:00,6.51457982,3.397493826,19.0,21.0,22.0,27.566,84.369,True,True,1.005
28,2026-09-26 08:07:07+01:00,6.514590492,3.397497077,19.0,21.0,22.0,27.566,84.369,True,True,1.24
28,2026-09-26 08:07:08+01:00,6.514603011,3.39749732,19.0,21.0,22.0,27.566,84.369,True,True,1.392
28,2026-09-26 08:07:09+01:00,6.514610139,3.397499837,18.0,20.0,21.0,27.566,84.369,True,True,0.84
28,2026-09-26 08:07:10+01:00,6.514623091,3.397500983,18.0,20.0,21.0,27.566,84.369,True,True,1.446
28,2026-09-26 08:07:11+01:00,6.514631251,3.397502362,17.0,18.0,19.0,27.566,84.369,True,True,0.92
28,2026-09-26 08:07:12+01:00,6.514644931,3.39750479,17.0,18.0,19.0,27.566,84.369,True,True,1.545
28,2026-09-26 08:07:13+01:00,6.514657543,3.397508375,17.0,18.0,19.0,27.566,84.369,True,True,1.457
28,2026-09-26 08:07:14+01:00,6.514666718,3.397512287,17.0,18.0,19.0,27.566,84.369,True,True,1.108
28,2026-09-26 08:07:15+01:00,6.514673008,3.397512384,17.0,18.0,19.0,27.566,84.369,True,True,0.699
28,2026-09-26 08:07:16+01:00,6.514686129,3.397511191,17.0,18.0,19.0,27.566,84.369,True,True,1.465
28,2026-09-26 08:07:17+01:00,6.514696179,3.39751053,17.0,19.0,20.0,27.566,84.369,True,True,1.12
28,2026-09-26 08:07:18+01:00,6.514706013,3.39751618,18.0,20.0,21.0,27.566,84.369,True,True,1.259
28,2026-09-26 08:07:19+01:00,6.514716179,3.397517711,18.0,20.0,21.0,27.566,84.369,True,True,1.143
28,2026-09-26 08:07:20+01:00,6.514721586,3.397521026,18.0,20.0,21.0,27.566,84.369,True,True,0.704
28,2026-09-26 08:07:21+01:00,6.514728497,3.397522307,18.0,20.0,21.0,27.566,84.369,True,True,0.781
28,2026-09-26 08:07:22+01:00,6.514741476,3.39752157,17.0,18.0,19.0,27.566,84.369,True,True,1.445
28,2026-09-26 08:07:23+01:00,6.514752401,3.397521393,17.0,18.0,19.0,27.566,84.369,True,True,1.215
28,2026-09-26 08:07:24+01:00,6.514759185,3.397522836,18.0,20.0,21.0,27.566,84.369,True,True,0.771
28,2026-09-26 08:07:25+01:00,6.514769422,3.39752485,19.0,21.0,22.0,27.566,84.369,True,True,1.16
28,2026-09-26 08:07:26+01:00,6.514781565,3.397529545,19.0,21.0,22.0,27.566,84.369,True,True,1.446
28,2026-09-26 08:07:27+01:00,6.514791885,3.397532717,19.0,21.0,22.0,27.566,84.369,True,True,1.2
28,2026-09-26 08:07:28+01:00,6.514802284,3.397532904,19.0,21.0,22.0,27.566,84.369,True,True,1.157
28,2026-09-26 08:07:29+01:00,6.51481303,3.397535164,19.0,21.0,22.0,27.566,84.369,True,True,1.221
28,2026-09-26 08:07:30+01:00,6.514825585,3.397534572,19.0,21.0,22.0,27.566,84.369,True,True,1.398
28,2026-09-26 08:07:31+01:00,6.514831943,3.397537498,19.0,21.0,22.0,27.566,84.369,True,True,0.777
28,2026-09-26 08:07:32+01:00,6.514843914,3.397539368,17.0,18.0,19.0,27.566,83.822,True,True,1.347
28,2026-09-26 08:07:33+01:00,6.514854626,3.397543542,17.0,18.0,19.0,27.566,83.822,True,True,1.277
28,2026-09-26 08:07:34+01:00,6.514862489,3.397547469,17.0,18.0,19.0,27.566,83.822,True,True,0.976
28,2026-09-26 08:07:35+01:00,6.514873654,3.397552689,17.0,18.0,19.0,27.566,83.822,True,True,1.369
28,2026-09-26 08:07:36+01:00,6.514883132,3.397554318,19.0,21.0,22.0,27.566,83.822,True,True,1.069
28,2026-09-26 08:07:37+01:00,6.514889547,3.397553733,19.0,21.0,22.0,27.566,83.822,True,True,0.716
28,2026-09-26 08:07:38+01:00,6.514891984,3.397558403,19.0,21.0,22.0,27.566,83.822,True,True,0.583
28,2026-09-26 08:07:39+01:00,6.514895693,3.397561422,19.0,21.0,22.0,27.566,83.822,True,True,0.53
28,2026-09-26 08:07:40+01:00,6.514896696,3.397563404,19.0,21.0,22.0,27.566,83.822,True,True,0.246
28,2026-09-26 08:07:41+01:00,6.514900875,3.397572716,17.0,18.0,19.0,27.566,83.822,True,True,1.129
28,2026-09-26 08:07:42+01:00,6.514899865,3.397582242,16.0,17.0,18.0,27.566,83.822,True,True,1.058
28,2026-09-26 08:07:43+01:00,6.514905045,3.397591124,15.0,16.0,17.0,27.566,83.822,True,True,1.138
28,2026-09-26 08:07:44+01:00,6.514911951,3.397599928,15.0,16.0,17.0,27.566,83.822,True,True,1.239
28,2026-09-26 08:07:45+01:00,6.514918927,3.397604126,14.0,15.0,16.0,27.566,83.822,True,True,0.904
28,2026-09-26 08:07:46+01:00,6.514927895,3.397609235,15.0,16.0,17.0,27.566,83.822,True,True,1.146
28,2026-09-26 08:07:47+01:00,6.514934457,3.397608486,15.0,16.0,17.0,27.566,83.822,True,True,0.734
28,2026-09-26 08:07:48+01:00,6.514936379,3.397609781,16.0,17.0,18.0,27.566,83.822,True,True,0.257
28,2026-09-26 08:07:49+01:00,6.514942839,3.397616774,16.0,17.0,18.0,27.566,83.822,True,True,1.055
28,2026-09-26 08:07:50+01:00,6.514948031,3.397621798,16.0,17.0,18.0,27.566,83.822,True,True,0.801
28,2026-09-26 08:07:51+01:00,6.514953531,3.397625034,17.0,18.0,19.0,27.566,83.822,True,True,0.708
28,2026-09-26 08:07:52+01:00,6.514960131,3.397626383,17.0,18.0,19.0,27.566,83.822,True,True,0.749
28,2026-09-26 08:07:53+01:00,6.514959787,3.397623855,17.0,18.0,19.0,27.566,83.822,True,True,0.282
28,2026-09-26 08:07:54+01:00,6.514959787,3.397623855,17.0,18.0,19.0,27.566,83.822,True,True,0.0
28,2026-09-26 08:07:55+01:00,6.514966993,3.397625106,16.0,17.0,18.0,27.566,83.822,True,True,0.813
28,2026-09-26 08:07:56+01:00,6.514978571,3.397626227,16.0,17.0,18.0,27.566,83.822,True,True,1.293
28,2026-09-26 08:07:57+01:00,6.514988637,3.397630299,17.0,18.0,19.0,27.566,83.822,True,True,1.206
28,2026-09-26 08:07:58+01:00,6.514996793,3.397631945,17.0,18.0,19.0,27.566,83.822,True,True,0.925
28,2026-09-26 08:07:59+01:00,6.515004221,3.397633696,18.0,20.0,21.0,27.566,83.822,True,True,0.848
28,2026-09-26 08:08:00+01:00,6.515009961,3.397635965,18.0,20.0,21.0,27.566,83.822,True,True,0.686
28,2026-09-26 08:08:01+01:00,6.515019214,3.397638211,18.0,20.0,21.0,27.566,83.822,True,True,1.058
28,2026-09-26 08:08:02+01:00,6.51503003,3.397640679,18.0,20.0,21.0,27.566,83.822,True,True,1.233
28,2026-09-26 08:08:03+01:00,6.515037053,3.397643523,18.0,20.0,21.0,27.566,83.822,True,True,0.842
28,2026-09-26 08:08:04+01:00,6.515042975,3.397643612,17.0,18.0,19.0,27.566,83.822,True,True,0.659
28,2026-09-26 08:08:05+01:00,6.515047295,3.397642679,17.0,18.0,19.0,27.566,83.822,True,True,0.491
28,2026-09-26 08:08:06+01:00,6.515053357,3.397642551,17.0,18.0,19.0,27.566,83.822,True,True,0.674
28,2026-09-26 08:08:07+01:00,6.515061881,3.397645515,17.0,18.0,19.0,27.566,83.822,True,True,1.003
28,2026-09-26 08:08:08+01:00,6.515069782,3.397644189,17.0,18.0,19.0,27.566,83.822,True,True,0.891
28,2026-09-26 08:08:09+01:00,6.515079309,3.397645428,17.0,18.0,19.0,27.566,83.822,True,True,1.068
28,2026-09-26 08:08:10+01:00,6.515084835,3.397647372,17.0,18.0,19.0,27.566,83.822,True,True,0.651
28,2026-09-26 08:08:11+01:00,6.515092368,3.397648697,16.0,17.0,18.0,27.566,83.822,True,True,0.85
28,2026-09-26 08:08:12+01:00,6.515098169,3.397650903,16.0,17.0,18.0,27.566,83.822,True,True,0.69
28,2026-09-26 08:08:13+01:00,6.51510531,3.397648152,16.0,17.0,18.0,27.566,83.822,True,True,0.85
28,2026-09-26 08:08:14+01:00,6.515116259,3.397645936,17.0,18.0,19.0,27.566,83.822,True,True,1.242
28,2026-09-26 08:08:15+01:00,6.515123937,3.397644273,17.0,18.0,19.0,27.566,83.822,True,True,0.873
28,2026-09-26 08:08:16+01:00,6.515133282,3.397645609,17.0,18.0,19.0,27.566,83.822,True,True,1.05
28,2026-09-26 08:08:17+01:00,6.515144796,3.397645184,17.0,18.0,19.0,27.566,83.822,True,True,1.281
28,2026-09-26 08:08:18+01:00,6.515152589,3.397648857,17.0,18.0,19.0,27.566,83.822,True,True,0.957
28,2026-09-26 08:08:19+01:00,6.515161693,3.397653622,17.0,18.0,19.0,27.566,83.822,True,True,1.141
28,2026-09-26 08:08:20+01:00,6.515168662,3.397658639,17.0,18.0,19.0,27.566,83.822,True,True,0.953
28,2026-09-26 08:08:21+01:00,6.515174713,3.397661459,18.0,20.0,21.0,27.566,83.822,True,True,0.741
28,2026-09-26 08:08:22+01:00,6.515185515,3.397663621,18.0,20.0,21.0,27.566,83.822,True,True,1.225
28,2026-09-26 08:08:23+01:00,6.515195403,3.397663462,17.0,18.0,19.0,27.566,83.822,True,True,1.1
28,2026-09-26 08:08:24+01:00,6.515215624,3.397662808,17.0,18.0,19.0,27.566,83.822,True,True,2.25
28,2026-09-26 08:08:25+01:00,6.515231322,3.397664367,17.0,18.0,19.0,27.566,83.822,True,True,1.754
28,2026-09-26 08:08:26+01:00,6.51525149,3.397670667,16.0,17.0,18.0,27.566,83.822,True,True,2.348
28,2026-09-26 08:08:27+01:00,6.515264434,3.397674688,16.0,17.0,18.0,27.566,83.822,True,True,1.506
28,2026-09-26 08:08:28+01:00,6.515286633,3.397685585,16.0,17.0,18.0,27.566,83.822,True,True,2.746
28,2026-09-26 08:08:29+01:00,6.515300788,3.397676423,17.0,18.0,19.0,27.566,83.822,True,True,1.871
28,2026-09-26 08:08:30+01:00,6.515331515,3.397667319,17.0,18.0,19.0,27.566,83.822,True,True,3.562
28,2026-09-26 08:08:31+01:00,6.515340912,3.397666645,17.0,18.0,19.0,27.566,83.822,True,True,1.048
28,2026-09-26 08:08:32+01:00,6.515363375,3.397670504,17.0,18.0,19.0,27.566,84.369,True,True,2.534
28,2026-09-26 08:08:33+01:00,6.515376152,3.397666997,17.0,18.0,19.0,27.566,84.369,True,True,1.473
28,2026-09-26 08:08:34+01:00,6.51539889,3.397675186,17.0,18.0,19.0,27.566,84.369,True,True,2.685
28,2026-09-26 08:08:35+01:00,6.515415298,3.397670774,17.0,18.0,19.0,27.566,84.369,True,True,1.888
28,2026-09-26 08:08:36+01:00,6.515441655,3.397670358,17.0,18.0,19.0,27.566,84.369,True,True,2.931
28,2026-09-26 08:08:37+01:00,6.515459687,3.397666409,17.0,18.0,19.0,27.566,84.369,True,True,2.052
28,2026-09-26 08:08:38+01:00,6.515482409,3.397658189,17.0,18.0,19.0,27.566,84.369,True,True,2.685
28,2026-09-26 08:08:39+01:00,6.515502468,3.397660751,16.0,17.0,18.0,27.566,84.369,True,True,2.248
28,2026-09-26 08:08:40+01:00,6.515526844,3.397665198,16.0,17.0,18.0,27.566,84.369,True,True,2.755
28,2026-09-26 08:08:41+01:00,6.515538729,3.397663945,15.0,16.0,17.0,27.566,84.369,True,True,1.329
28,2026-09-26 08:08:42+01:00,6.515562075,3.397657305,15.0,17.0,18.0,27.566,84.369,True,True,2.698
28,2026-09-26 08:08:43+01:00,6.515592522,3.397658355,16.0,17.0,18.0,27.566,84.369,True,True,3.388
28,2026-09-26 08:08:44+01:00,6.515607137,3.397656586,16.0,17.0,18.0,27.566,84.369,True,True,1.637
28,2026-09-26 08:08:45+01:00,6.51562451,3.397652438,16.0,17.0,18.0,27.566,84.369,True,True,1.985
28,2026-09-26 08:08:46+01:00,6.515643517,3.397647364,16.0,17.0,18.0,27.566,84.369,True,True,2.187
28,2026-09-26 08:08:47+01:00,6.515659218,3.397633815,16.0,17.0,18.0,27.566,84.369,True,True,2.3
28,2026-09-26 08:08:48+01:00,6.515679199,3.397628797,15.0,16.0,17.0,27.566,84.369,True,True,2.29
28,2026-09-26 08:08:49+01:00,6.515699792,3.39761865,15.0,16.0,17.0,27.566,84.369,True,True,2.55
28,2026-09-26 08:08:50+01:00,6.5157244,3.397614953,15.0,16.0,17.0,27.566,84.369,True,True,2.767
28,2026-09-26 08:08:51+01:00,6.515742591,3.397605018,15.0,16.0,17.0,27.566,84.369,True,True,2.301
28,2026-09-26 08:08:52+01:00,6.515762123,3.397599256,15.0,16.0,17.0,27.566,84.369,True,True,2.263
28,2026-09-26 08:08:53+01:00,6.515781655,3.397598363,14.0,15.0,16.0,27.566,84.369,True,True,2.174
28,2026-09-26 08:08:54+01:00,6.515802152,3.397591306,14.0,15.0,16.0,27.566,84.369,True,True,2.409
28,2026-09-26 08:08:55+01:00,6.515824149,3.397576139,15.0,16.0,17.0,27.566,84.369,True,True,2.965
28,2026-09-26 08:08:56+01:00,6.515842608,3.397562297,15.0,17.0,18.0,27.566,84.369,True,True,2.56
28,2026-09-26 08:08:57+01:00,6.51586248,3.397559824,15.0,16.0,17.0,27.566,84.369,True,True,2.226
28,2026-09-26 08:08:58+01:00,6.51587916,3.397556891,16.0,17.0,18.0,27.566,84.369,True,True,1.883
28,2026-09-26 08:08:59+01:00,6.515898526,3.397546926,15.0,16.0,17.0,27.566,84.369,True,True,2.418
28,2026-09-26 08:09:00+01:00,6.51592021,3.397535803,15.0,16.0,17.0,27.566,84.369,True,True,2.706
28,2026-09-26 08:09:01+01:00,6.51594392,3.397529428,15.0,16.0,17.0,27.566,84.369,True,True,2.729
28,2026-09-26 08:09:02+01:00,6.515953324,3.397517134,16.0,17.0,18.0,27.566,84.369,True,True,1.714
28,2026-09-26 08:09:03+01:00,6.515971586,3.397511586,16.0,17.0,18.0,27.566,84.369,True,True,2.121
28,2026-09-26 08:09:04+01:00,6.515981304,3.39750613,15.0,16.0,17.0,27.566,84.369,True,True,1.237
28,2026-09-26 08:09:05+01:00,6.516003619,3.397497151,15.0,16.0,17.0,27.566,84.369,True,True,2.672
28,2026-09-26 08:09:06+01:00,6.516024161,3.3974872,15.0,16.0,17.0,27.566,84.369,True,True,2.535
28,2026-09-26 08:09:07+01:00,6.516047506,3.397482387,15.0,16.0,17.0,27.566,84.369,True,True,2.65
28,2026-09-26 08:09:08+01:00,6.51606527,3.397483358,16.0,17.0,18.0,27.566,84.369,True,True,1.978
28,2026-09-26 08:09:09+01:00,6.516081385,3.39747577,16.0,17.0,18.0,27.566,84.369,True,True,1.978
28,2026-09-26 08:09:10+01:00,6.516101601,3.397472218,16.0,17.0,18.0,27.566,84.369,True,True,2.282
28,2026-09-26 08:09:11+01:00,6.516121315,3.397464356,16.0,17.0,18.0,27.566,84.369,True,True,2.358
28,2026-09-26 08:09:12+01:00,6.516137924,3.397461061,15.0,16.0,17.0,27.566,84.369,True,True,1.882
28,2026-09-26 08:09:13+01:00,6.516160815,3.397458054,15.0,16.0,17.0,27.566,84.369,True,True,2.567
28,2026-09-26 08:09:14+01:00,6.516180028,3.397445321,14.0,15.0,16.0,27.566,84.369,True,True,2.558
28,2026-09-26 08:09:15+01:00,6.516203121,3.397438955,14.0,15.0,16.0,27.566,84.369,True,True,2.662
28,2026-09-26 08:09:16+01:00,6.516221209,3.397430566,15.0,16.0,17.0,27.566,84.369,True,True,2.215
28,2026-09-26 08:09:17+01:00,6.516238539,3.397428465,14.0,16.0,16.0,27.566,84.369,True,True,1.941
28,2026-09-26 08:09:18+01:00,6.516257587,3.397418335,14.0,15.0,16.0,27.566,84.369,True,True,2.396
28,2026-09-26 08:09:19+01:00,6.516273164,3.397406571,14.0,15.0,16.0,27.566,84.369,True,True,2.165
28,2026-09-26 08:09:20+01:00,6.516296333,3.397401663,14.0,15.0,16.0,27.566,84.369,True,True,2.633
28,2026-09-26 08:09:21+01:00,6.516313255,3.397399775,15.0,16.0,17.0,27.566,84.369,True,True,1.893
28,2026-09-26 08:09:22+01:00,6.516331911,3.397384475,14.0,15.0,16.0,27.566,84.369,True,True,2.676
28,2026-09-26 08:09:23+01:00,6.516352461,3.397370622,15.0,16.0,17.0,27.566,84.369,True,True,2.75
28,2026-09-26 08:09:24+01:00,6.516365037,3.397374323,15.0,16.0,17.0,27.566,84.369,True,True,1.457
28,2026-09-26 08:09:25+01:00,6.516388445,3.397372874,15.0,16.0,17.0,27.566,84.369,True,True,2.608
28,2026-09-26 08:09:26+01:00,6.516406621,3.397364061,15.0,16.0,17.0,27.566,84.369,True,True,2.243
28,2026-09-26 08:09:27+01:00,6.516428117,3.397360243,15.0,17.0,18.0,27.566,84.369,True,True,2.427
28,2026-09-26 08:09:28+01:00,6.516451513,3.397352698,16.0,17.0,18.0,27.566,84.369,True,True,2.732
28,2026-09-26 08:09:29+01:00,6.516465282,3.397347565,16.0,17.0,18.0,27.566,84.369,True,True,1.633
28,2026-09-26 08:09:30+01:00,6.516478539,3.397339157,16.0,17.0,18.0,27.566,84.369,True,True,1.742
28,2026-09-26 08:09:31+01:00,6.516485509,3.397335097,16.0,17.0,18.0,27.566,84.369,True,True,0.895
28,2026-09-26 08:09:32+01:00,6.516507125,3.397334972,16.0,17.0,18.0,27.066,84.914,True,True,2.404
28,2026-09-26 08:09:33+01:00,6.516524741,3.397326033,16.0,17.0,18.0,27.066,84.914,True,True,2.194
28,2026-09-26 08:09:34+01:00,6.516533897,3.397316052,17.0,18.0,19.0,27.066,84.914,True,True,1.501
28,2026-09-26 08:09:35+01:00,6.516546729,3.397312632,17.0,18.0,19.0,27.066,84.914,True,True,1.476
28,2026-09-26 08:09:36+01:00,6.516559437,3.397308399,17.0,18.0,19.0,27.066,84.914,True,True,1.488
28,2026-09-26 08:09:37+01:00,6.516571034,3.397307437,17.0,18.0,19.0,27.066,84.914,True,True,1.294
28,2026-09-26 08:09:38+01:00,6.516581761,3.397306889,17.0,18.0,19.0,27.066,84.914,True,True,1.194
28,2026-09-26 08:09:39+01:00,6.516588979,3.397302889,17.0,18.0,19.0,27.066,84.914,True,True,0.916
28,2026-09-26 08:09:40+01:00,6.516597898,3.397292167,17.0,18.0,19.0,27.066,84.914,True,True,1.545
28,2026-09-26 08:09:41+01:00,6.51659704,3.397298916,16.0,17.0,18.0,27.066,84.914,True,True,0.752
28,2026-09-26 08:09:42+01:00,6.516597859,3.397294515,16.0,18.0,19.0,27.066,84.914,True,True,0.495
28,2026-09-26 08:09:43+01:00,6.51660388,3.397292895,17.0,18.0,19.0,27.066,84.914,True,True,0.693
28,2026-09-26 08:09:44+01:00,6.516615181,3.39728432,17.0,18.0,19.0,27.066,84.914,True,True,1.574
28,2026-09-26 08:09:45+01:00,6.516624183,3.397279108,17.0,18.0,19.0,27.066,84.914,True,True,1.155
28,2026-09-26 08:09:46+01:00,6.516632857,3.397274434,17.0,18.0,19.0,27.066,84.914,True,True,1.094
28,2026-09-26 08:09:47+01:00,6.516635012,3.397273041,17.0,18.0,19.0,27.066,84.914,True,True,0.285
28,2026-09-26 08:09:48+01:00,6.516649116,3.397261455,17.0,18.0,19.0,27.066,84.914,True,True,2.024
28,2026-09-26 08:09:49+01:00,6.516655134,3.397259286,16.0,18.0,19.0,27.066,84.914,True,True,0.711
28,2026-09-26 08:09:50+01:00,6.516674668,3.397255451,16.0,17.0,18.0,27.066,84.914,True,True,2.213
28,2026-09-26 08:09:51+01:00,6.516689933,3.397261459,16.0,17.0,18.0,27.066,84.914,True,True,1.823
28,2026-09-26 08:09:52+01:00,6.516718346,3.397254832,16.0,17.0,18.0,27.066,84.914,True,True,3.243
28,2026-09-26 08:09:53+01:00,6.516738801,3.397250188,16.0,17.0,18.0,27.066,84.914,True,True,2.332
28,2026-09-26 08:09:54+01:00,6.516753706,3.39724674,16.0,17.0,18.0,27.066,84.914,True,True,1.701
28,2026-09-26 08:09:55+01:00,6.516761738,3.397246394,16.0,17.0,18.0,27.066,84.914,True,True,0.894
28,2026-09-26 08:09:56+01:00,6.516771827,3.397246356,16.0,18.0,19.0,27.066,84.914,True,True,1.122
28,2026-09-26 08:09:57+01:00,6.516779013,3.397242607,17.0,18.0,19.0,27.066,84.914,True,True,0.9
28,2026-09-26 08:09:58+01:00,6.516789116,3.397238542,17.0,18.0,19.0,27.066,84.914,True,True,1.21
28,2026-09-26 08:09:59+01:00,6.516794795,3.397240439,17.0,18.0,19.0,27.066,84.914,True,True,0.665
28,2026-09-26 08:10:00+01:00,6.516794504,3.397240481,17.0,18.0,19.0,27.066,84.914,True,True,0.033
28,2026-09-26 08:10:01+01:00,6.51679834,3.397242269,17.0,18.0,19.0,27.066,84.914,True,True,0.47
28,2026-09-26 08:10:02+01:00,6.516796295,3.397245062,17.0,18.0,19.0,27.066,84.914,True,True,0.383
28,2026-09-26 08:10:03+01:00,6.516798481,3.39724728,17.0,19.0,20.0,27.066,84.914,True,True,0.345
28,2026-09-26 08:10:04+01:00,6.516794643,3.397248799,18.0,20.0,21.0,27.066,84.914,True,True,0.459
28,2026-09-26 08:10:05+01:00,6.516799175,3.397253321,17.0,18.0,19.0,27.066,84.914,True,True,0.71
28,2026-09-26 08:10:06+01:00,6.516801278,3.397255051,17.0,18.0,19.0,27.066,84.914,True,True,0.302
28,2026-09-26 08:10:07+01:00,6.516808624,3.397257495,17.0,18.0,19.0,27.066,84.914,True,True,0.86
28,2026-09-26 08:10:08+01:00,6.516814584,3.397253635,17.0,18.0,19.0,27.066,84.914,True,True,0.788
28,2026-09-26 08:10:09+01:00,6.516817941,3.397254335,17.0,18.0,19.0,27.066,84.914,True,True,0.381
28,2026-09-26 08:10:10+01:00,6.516820929,3.397252495,17.0,18.0,19.0,27.066,84.914,True,True,0.39
28,2026-09-26 08:10:11+01:00,6.516823234,3.3972527,17.0,18.0,19.0,27.066,84.914,True,True,0.257
28,2026-09-26 08:10:12+01:00,6.516825821,3.397252201,18.0,20.0,21.0,27.066,84.914,True,True,0.293
28,2026-09-26 08:10:13+01:00,6.516828987,3.39725165,19.0,21.0,22.0,27.066,84.914,True,True,0.357
28,2026-09-26 08:10:14+01:00,6.51682887,3.397251455,18.0,20.0,21.0,27.066,84.914,True,True,0.025
28,2026-09-26 08:10:15+01:00,6.516828085,3.397250141,18.0,20.0,21.0,27.066,84.914,True,True,0.169
28,2026-09-26 08:10:16+01:00,6.516826688,3.397249073,18.0,20.0,21.0,27.066,84.914,True,True,0.195
28,2026-09-26 08:10:17+01:00,6.516822706,3.397249072,18.0,20.0,21.0,27.066,84.914,True,True,0.443
28,2026-09-26 08:10:18+01:00,6.516820084,3.3972502,18.0,20.0,21.0,27.066,84.914,True,True,0.317
28,2026-09-26 08:10:19+01:00,6.516817911,3.397251734,17.0,18.0,19.0,27.066,84.914,True,True,0.295
28,2026-09-26 08:10:20+01:00,6.516815233,3.397252239,17.0,18.0,19.0,27.066,84.914,True,True,0.303
28,2026-09-26 08:10:21+01:00,6.516816443,3.397252039,17.0,18.0,19.0,27.066,84.914,True,True,0.136
28,2026-09-26 08:10:22+01:00,6.516815668,3.397251855,17.0,18.0,19.0,27.066,84.914,True,True,0.089
28,2026-09-26 08:10:23+01:00,6.516817165,3.39725119,18.0,20.0,21.0,27.066,84.914,True,True,0.182
28,2026-09-26 08:10:24+01:00,6.516828563,3.397252536,17.0,19.0,20.0,27.066,84.914,True,True,1.276
28,2026-09-26 08:10:25+01:00,6.516848031,3.397253346,17.0,18.0,19.0,27.066,84.914,True,True,2.167
28,2026-09-26 08:10:26+01:00,6.51686723,3.397252685,17.0,18.0,19.0,27.066,84.914,True,True,2.136
28,2026-09-26 08:10:27+01:00,6.51689144,3.397250967,17.0,18.0,19.0,27.066,84.914,True,True,2.699
28,2026-09-26 08:10:28+01:00,6.516909601,3.39724626,18.0,20.0,21.0,27.066,84.914,True,True,2.085
28,2026-09-26 08:10:29+01:00,6.516927366,3.397243002,18.0,20.0,21.0,27.066,84.914,True,True,2.008
28,2026-09-26 08:10:30+01:00,6.516940192,3.397245485,18.0,20.0,21.0,27.066,84.914,True,True,1.452
28,2026-09-26 08:10:31+01:00,6.516941381,3.39725172,18.0,20.0,21.0,27.066,84.914,True,True,0.701
28,2026-09-26 08:10:32+01:00,6.516968235,3.397242684,18.0,20.0,21.0,27.066,85.998,True,True,3.148
28,2026-09-26 08:10:33+01:00,6.516984092,3.397238228,17.0,18.0,19.0,27.066,85.998,True,True,1.831
28,2026-09-26 08:10:34+01:00,6.51700371,3.397232349,17.0,18.0,19.0,27.066,85.998,True,True,2.276
28,2026-09-26 08:10:35+01:00,6.517020695,3.397228021,19.0,21.0,22.0,27.066,85.998,True,True,1.948
28,2026-09-26 08:10:36+01:00,6.517039722,3.397224569,19.0,21.0,22.0,27.066,85.998,True,True,2.15
28,2026-09-26 08:10:37+01:00,6.517055185,3.397223375,18.0,20.0,21.0,27.066,85.998,True,True,1.724
28,2026-09-26 08:10:38+01:00,6.517074114,3.39722162,18.0,20.0,21.0,27.066,85.998,True,True,2.114
28,2026-09-26 08:10:39+01:00,6.517091282,3.39722171,19.0,21.0,22.0,27.066,85.998,True,True,1.909
28,2026-09-26 08:10:40+01:00,6.517105708,3.397223313,18.0,20.0,21.0,27.066,85.998,True,True,1.614
28,2026-09-26 08:10:41+01:00,6.517118147,3.397220486,18.0,20.0,21.0,27.066,85.998,True,True,1.418
28,2026-09-26 08:10:42+01:00,6.517139614,3.397219208,18.0,20.0,21.0,27.066,85.998,True,True,2.391
28,2026-09-26 08:10:43+01:00,6.517152063,3.397218558,17.0,18.0,19.0,27.066,85.998,True,True,1.386
28,2026-09-26 08:10:44+01:00,6.517167229,3.397219054,16.0,17.0,18.0,27.066,85.998,True,True,1.687
28,2026-09-26 08:10:45+01:00,6.517186117,3.397218632,16.0,17.0,18.0,27.066,85.998,True,True,2.101
28,2026-09-26 08:10:46+01:00,6.517199118,3.397222933,16.0,17.0,18.0,27.066,85.998,True,True,1.522
28,2026-09-26 08:10:47+01:00,6.517217446,3.39722554,16.0,17.0,18.0,27.066,85.998,True,True,2.058
28,2026-09-26 08:10:48+01:00,6.517232973,3.397225326,16.0,17.0,18.0,27.066,85.998,True,True,1.727
28,2026-09-26 08:10:49+01:00,6.517247829,3.397224809,15.0,16.0,17.0,27.066,85.998,True,True,1.653
28,2026-09-26 08:10:50+01:00,6.517268333,3.3972306,16.0,17.0,18.0,27.066,85.998,True,True,2.368
28,2026-09-26 08:10:51+01:00,6.517280131,3.397231295,16.0,17.0,18.0,27.066,85.998,True,True,1.314
28,2026-09-26 08:10:52+01:00,6.517295938,3.397229195,17.0,18.0,19.0,27.066,85.998,True,True,1.773
28,2026-09-26 08:10:53+01:00,6.517311872,3.397229228,16.0,17.0,18.0,27.066,85.998,True,True,1.772
28,2026-09-26 08:10:54+01:00,6.517326418,3.39722507,17.0,18.0,19.0,27.066,85.998,True,True,1.681
28,2026-09-26 08:10:55+01:00,6.517346836,3.397224967,17.0,18.0,19.0,27.066,85.998,True,True,2.27
28,2026-09-26 08:10:56+01:00,6.517362867,3.397222872,17.0,19.0,20.0,27.066,85.998,True,True,1.798
28,2026-09-26 08:10:57+01:00,6.517390068,3.397221457,18.0,20.0,21.0,27.066,85.998,True,True,3.029
28,2026-09-26 08:10:58+01:00,6.517407157,3.397222513,18.0,20.0,21.0,27.066,85.998,True,True,1.904
28,2026-09-26 08:10:59+01:00,6.517425032,3.397216978,18.0,20.0,21.0,27.066,85.998,True,True,2.08
28,2026-09-26 08:11:00+01:00,6.517448194,3.39721313,19.0,21.0,22.0,27.066,85.998,True,True,2.61
28,2026-09-26 08:11:01+01:00,6.517448194,3.39721313,19.0,21.0,22.0,27.066,85.998,True,True,0.0
28,2026-09-26 08:11:02+01:00,6.517448194,3.39721313,19.0,21.0,22.0,27.066,85.998,True,True,0.0
28,2026-09-26 08:11:03+01:00,6.517504169,3.397214624,19.0,21.0,22.0,27.066,85.998,False,True,6.226
28,2026-09-26 08:11:04+01:00,6.517522947,3.397215764,19.0,21.0,22.0,27.066,85.998,True,True,2.092
28,2026-09-26 08:11:05+01:00,6.517543423,3.397219575,20.0,22.0,25.0,27.066,85.998,True,True,2.315
28,2026-09-26 08:11:06+01:00,6.517556233,3.397216167,20.0,22.0,25.0,27.066,85.998,True,True,1.473
28,2026-09-26 08:11:07+01:00,6.517566117,3.397218902,21.0,23.0,27.0,27.066,85.998,True,True,1.14
28,2026-09-26 08:11:08+01:00,6.517579666,3.397218635,21.0,23.0,27.0,27.066,85.998,True,True,1.507
28,2026-09-26 08:11:09+01:00,6.517594071,3.397216632,21.0,23.0,27.0,27.066,85.998,True,True,1.617
28,2026-09-26 08:11:10+01:00,6.517609887,3.397215721,20.0,22.0,25.0,27.066,85.998,True,True,1.762
28,2026-09-26 08:11:11+01:00,6.517625622,3.397216487,20.0,22.0,25.0,27.066,85.998,True,True,1.752
28,2026-09-26 08:11:12+01:00,6.517637359,3.397222942,20.0,22.0,25.0,27.066,85.998,True,True,1.487
28,2026-09-26 08:11:13+01:00,6.517651513,3.39722448,20.0,22.0,25.0,27.066,85.998,True,True,1.583
28,2026-09-26 08:11:14+01:00,6.517664534,3.397222763,19.0,21.0,22.0,27.066,85.998,True,True,1.46
28,2026-09-26 08:11:15+01:00,6.517676469,3.397224398,19.0,21.0,22.0,27.066,85.998,True,True,1.339
28,2026-09-26 08:11:17+01:00,6.517690256,3.397227827,19.0,21.0,22.0,27.066,85.998,True,True,0.79
28,2026-09-26 08:11:18+01:00,6.517721098,3.397227608,20.0,22.0,25.0,27.066,85.998,True,True,3.43
28,2026-09-26 08:11:19+01:00,6.517734281,3.397232553,19.0,21.0,22.0,27.066,85.998,True,True,1.564
28,2026-09-26 08:11:20+01:00,6.517749185,3.397237476,19.0,21.0,22.0,27.066,85.998,True,True,1.744
28,2026-09-26 08:11:21+01:00,6.517761221,3.397247101,19.0,21.0,22.0,27.066,85.998,True,True,1.709
28,2026-09-26 08:11:22+01:00,6.517772814,3.397246716,19.0,21.0,22.0,27.066,85.998,True,True,1.29
28,2026-09-26 08:11:23+01:00,6.517789993,3.397244405,19.0,21.0,22.0,27.066,85.998,True,True,1.927
28,2026-09-26 08:11:24+01:00,6.517798185,3.397240241,18.0,20.0,21.0,27.066,85.998,True,True,1.02
28,2026-09-26 08:11:25+01:00,6.517808367,3.397242899,18.0,20.0,21.0,27.066,85.998,True,True,1.17
28,2026-09-26 08:11:26+01:00,6.51781839,3.397244516,17.0,18.0,19.0,27.066,85.998,True,True,1.129
28,2026-09-26 08:11:27+01:00,6.517826825,3.397249553,17.0,18.0,19.0,27.066,85.998,True,True,1.091
28,2026-09-26 08:11:28+01:00,6.517837455,3.397252044,17.0,18.0,19.0,27.066,85.998,True,True,1.214
28,2026-09-26 08:11:29+01:00,6.517847443,3.397251373,17.0,18.0,19.0,27.066,85.998,True,True,1.113
28,2026-09-26 08:11:30+01:00,6.517854312,3.39725187,16.0,17.0,18.0,27.066,85.998,True,True,0.766
28,2026-09-26 08:11:31+01:00,6.51786895,3.397252295,16.0,17.0,18.0,27.066,85.998,True,True,1.628
28,2026-09-26 08:11:32+01:00,6.517882013,3.397252182,16.0,17.0,18.0,27.066,84.914,True,True,1.453
28,2026-09-26 08:11:33+01:00,6.517893398,3.39725233,17.0,18.0,19.0,27.066,84.914,True,True,1.266
28,2026-09-26 08:11:34+01:00,6.517902223,3.397251695,17.0,18.0,19.0,27.066,84.914,True,True,0.984
28,2026-09-26 08:11:35+01:00,6.517912737,3.397251335,18.0,20.0,21.0,27.066,84.914,True,True,1.17
28,2026-09-26 08:11:36+01:00,6.517922205,3.397252461,18.0,20.0,21.0,27.066,84.914,True,True,1.06
28,2026-09-26 08:11:37+01:00,6.517933603,3.397253805,18.0,20.0,21.0,27.066,84.914,True,True,1.276
28,2026-09-26 08:11:38+01:00,6.5179439,3.397250938,18.0,20.0,21.0,27.066,84.914,True,True,1.188
28,2026-09-26 08:11:39+01:00,6.517954358,3.397249588,18.0,20.0,21.0,27.066,84.914,True,True,1.172
28,2026-09-26 08:11:40+01:00,6.517965062,3.397250109,18.0,20.0,21.0,27.066,84.914,True,True,1.192
28,2026-09-26 08:11:41+01:00,6.517979413,3.397248944,18.0,20.0,21.0,27.066,84.914,True,True,1.601
28,2026-09-26 08:11:42+01:00,6.517987827,3.397247725,18.0,20.0,21.0,27.066,84.914,True,True,0.945
28,2026-09-26 08:11:43+01:00,6.51799956,3.397245382,18.0,20.0,21.0,27.066,84.914,True,True,1.33
28,2026-09-26 08:11:44+01:00,6.518005454,3.397243693,18.0,20.0,21.0,27.066,84.914,True,True,0.681
28,2026-09-26 08:11:45+01:00,6.518009647,3.397243267,18.0,20.0,21.0,27.066,84.914,True,True,0.469
28,2026-09-26 08:11:46+01:00,6.518020522,3.397242812,18.0,20.0,21.0,27.066,84.914,True,True,1.21
28,2026-09-26 08:11:47+01:00,6.518030039,3.397246499,19.0,21.0,22.0,27.066,84.914,True,True,1.134
28,2026-09-26 08:11:48+01:00,6.518037054,3.397245307,19.0,21.0,22.0,27.066,84.914,True,True,0.791
28,2026-09-26 08:11:49+01:00,6.518055124,3.397246103,18.0,20.0,21.0,27.066,84.914,True,True,2.011
28,2026-09-26 08:11:50+01:00,6.518067251,3.397244337,18.0,20.0,21.0,27.066,84.914,True,True,1.363
28,2026-09-26 08:11:51+01:00,6.518081768,3.397241296,18.0,20.0,21.0,27.066,84.914,True,True,1.649
28,2026-09-26 08:11:52+01:00,6.518096496,3.39723588,18.0,20.0,21.0,27.066,84.914,True,True,1.744
28,2026-09-26 08:11:53+01:00,6.518109017,3.397233126,17.0,18.0,19.0,27.066,84.914,True,True,1.425
28,2026-09-26 08:11:54+01:00,6.518127995,3.39722947,18.0,20.0,21.0,27.066,84.914,True,True,2.149
28,2026-09-26 08:11:55+01:00,6.518141318,3.397225913,18.0,20.0,21.0,27.066,84.914,True,True,1.533
28,2026-09-26 08:11:56+01:00,6.518153335,3.397221317,18.0,20.0,21.0,27.066,84.914,True,True,1.429
28,2026-09-26 08:11:57+01:00,6.518166927,3.397208474,18.0,20.0,21.0,27.066,84.914,True,True,2.073
28,2026-09-26 08:11:58+01:00,6.518178904,3.397205004,17.0,18.0,19.0,27.066,84.914,True,True,1.386
28,2026-09-26 08:11:59+01:00,6.518190333,3.397196791,17.0,18.0,19.0,27.066,84.914,True,True,1.562
28,2026-09-26 08:12:00+01:00,6.518201953,3.397186424,18.0,20.0,21.0,27.066,84.914,True,True,1.727
28,2026-09-26 08:12:01+01:00,6.518212899,3.397175871,18.0,20.0,21.0,27.066,84.914,True,True,1.685
28,2026-09-26 08:12:02+01:00,6.518224873,3.397176209,18.0,20.0,21.0,27.066,84.914,True,True,1.332
28,2026-09-26 08:12:03+01:00,6.518239925,3.397172693,18.0,20.0,21.0,27.066,84.914,True,True,1.718
28,2026-09-26 08:12:04+01:00,6.518250211,3.397170124,18.0,20.0,21.0,27.066,84.914,True,True,1.178
28,2026-09-26 08:12:05+01:00,6.518267421,3.397165773,18.0,20.0,21.0,27.066,84.914,True,True,1.973
28,2026-09-26 08:12:06+01:00,6.518274875,3.397162652,18.0,20.0,21.0,27.066,84.914,True,True,0.898
28,2026-09-26 08:12:07+01:00,6.518285092,3.397155867,18.0,20.0,21.0,27.066,84.914,True,True,1.361
28,2026-09-26 08:12:08+01:00,6.518293349,3.397151291,17.0,18.0,19.0,27.066,84.914,True,True,1.048
28,2026-09-26 08:12:09+01:00,6.518304296,3.397146923,17.0,18.0,19.0,27.066,84.914,True,True,1.309
28,2026-09-26 08:12:10+01:00,6.518319346,3.397144464,18.0,20.0,21.0,27.066,84.914,True,True,1.695
28,2026-09-26 08:12:11+01:00,6.518336008,3.397143822,18.0,20.0,21.0,27.066,84.914,True,True,1.854
28,2026-09-26 08:12:12+01:00,6.518348901,3.397140688,18.0,20.0,21.0,27.066,84.914,True,True,1.475
28,2026-09-26 08:12:13+01:00,6.518361096,3.397138507,18.0,20.0,21.0,27.066,84.914,True,True,1.377
28,2026-09-26 08:12:14+01:00,6.518369579,3.397132604,17.0,18.0,19.0,27.066,84.914,True,True,1.147
28,2026-09-26 08:12:15+01:00,6.518367794,3.397131809,17.0,18.0,19.0,27.066,84.914,True,True,0.217
28,2026-09-26 08:12:16+01:00,6.51838624,3.397123748,17.0,18.0,19.0,27.066,84.914,True,True,2.236
28,2026-09-26 08:12:17+01:00,6.518394692,3.397119939,18.0,20.0,21.0,27.066,84.914,True,True,1.03
28,2026-09-26 08:12:18+01:00,6.51840925,3.397116499,17.0,18.0,19.0,27.066,84.914,True,True,1.663
28,2026-09-26 08:12:19+01:00,6.518417003,3.397115765,17.0,18.0,19.0,27.066,84.914,True,True,0.866
28,2026-09-26 08:12:20+01:00,6.518423027,3.397112571,17.0,18.0,19.0,27.066,84.914,True,True,0.757
28,2026-09-26 08:12:21+01:00,6.518438981,3.397105679,16.0,17.0,18.0,27.066,84.914,True,True,1.93
28,2026-09-26 08:12:22+01:00,6.518445107,3.397105574,16.0,17.0,18.0,27.066,84.914,True,True,0.681
28,2026-09-26 08:12:23+01:00,6.51845739,3.397102956,16.0,17.0,18.0,27.066,84.914,True,True,1.396
28,2026-09-26 08:12:24+01:00,6.518473357,3.397099563,16.0,17.0,18.0,27.066,84.914,True,True,1.815
28,2026-09-26 08:12:25+01:00,6.518484541,3.39709516,16.0,17.0,18.0,27.066,84.914,True,True,1.335
28,2026-09-26 08:12:26+01:00,6.518498487,3.397087746,16.0,17.0,18.0,27.066,84.914,True,True,1.754
28,2026-09-26 08:12:27+01:00,6.518508099,3.397080496,16.0,17.0,18.0,27.066,84.914,True,True,1.336
28,2026-09-26 08:12:28+01:00,6.518516772,3.39707043,16.0,17.0,18.0,27.066,84.914,True,True,1.472
28,2026-09-26 08:12:29+01:00,6.518534377,3.397066128,17.0,18.0,19.0,27.066,84.914,True,True,2.014
28,2026-09-26 08:12:30+01:00,6.518543577,3.397064171,17.0,18.0,19.0,27.066,84.914,True,True,1.046
28,2026-09-26 08:12:31+01:00,6.518559001,3.397055924,17.0,18.0,19.0,27.066,84.914,True,True,1.942
28,2026-09-26 08:12:32+01:00,6.518577059,3.397046571,17.0,18.0,19.0,27.066,85.457,True,True,2.258
28,2026-09-26 08:12:33+01:00,6.518590841,3.397040563,17.0,18.0,19.0,27.066,85.457,True,True,1.67
28,2026-09-26 08:12:34+01:00,6.518603584,3.397040795,17.0,18.0,19.0,27.066,85.457,True,True,1.417
28,2026-09-26 08:12:35+01:00,6.518617862,3.397036573,17.0,18.0,19.0,27.066,85.457,True,True,1.655
28,2026-09-26 08:12:36+01:00,6.518630803,3.397031384,17.0,18.0,19.0,27.066,85.457,True,True,1.549
28,2026-09-26 08:12:37+01:00,6.51864415,3.397022297,17.0,18.0,19.0,27.066,85.457,True,True,1.792
28,2026-09-26 08:12:38+01:00,6.518651034,3.397013703,16.0,17.0,18.0,27.066,85.457,True,True,1.22
28,2026-09-26 08:12:39+01:00,6.518662636,3.39700646,16.0,17.0,18.0,27.066,85.457,True,True,1.518
28,2026-09-26 08:12:40+01:00,6.518669658,3.397003939,16.0,17.0,18.0,27.066,85.457,True,True,0.829
28,2026-09-26 08:12:41+01:00,6.518674978,3.397001629,16.0,17.0,18.0,27.066,85.457,True,True,0.644
28,2026-09-26 08:12:42+01:00,6.518686195,3.396993782,17.0,18.0,19.0,27.066,85.457,True,True,1.519
28,2026-09-26 08:12:43+01:00,6.518693606,3.396993124,17.0,18.0,19.0,27.066,85.457,True,True,0.827
28,2026-09-26 08:12:44+01:00,6.518702609,3.396985191,17.0,18.0,19.0,27.066,85.457,True,True,1.331
28,2026-09-26 08:12:45+01:00,6.518710203,3.396980375,16.0,17.0,18.0,27.066,85.457,True,True,0.998
28,2026-09-26 08:12:46+01:00,6.51871879,3.396977021,16.0,17.0,18.0,27.066,85.457,True,True,1.024
28,2026-09-26 08:12:47+01:00,6.518729217,3.396974653,16.0,17.0,18.0,27.066,85.457,True,True,1.189
28,2026-09-26 08:12:48+01:00,6.518739669,3.396968092,16.0,17.0,18.0,27.066,85.457,True,True,1.37
28,2026-09-26 08:12:49+01:00,6.518749288,3.396960895,17.0,18.0,19.0,27.066,85.457,True,True,1.333
28,2026-09-26 08:12:50+01:00,6.518753614,3.396959027,17.0,18.0,19.0,27.066,85.457,True,True,0.523
28,2026-09-26 08:12:51+01:00,6.518763249,3.396954623,17.0,18.0,19.0,27.066,85.457,True,True,1.177
28,2026-09-26 08:12:52+01:00,6.518776577,3.396945661,17.0,18.0,19.0,27.066,85.457,True,True,1.782
28,2026-09-26 08:12:53+01:00,6.518786048,3.396937769,17.0,18.0,19.0,27.066,85.457,True,True,1.367
28,2026-09-26 08:12:54+01:00,6.518797875,3.396927738,17.0,18.0,19.0,27.066,85.457,True,True,1.72
28,2026-09-26 08:12:55+01:00,6.518806403,3.396920507,17.0,18.0,19.0,27.066,85.457,True,True,1.24
28,2026-09-26 08:12:56+01:00,6.518811932,3.396910627,18.0,20.0,21.0,27.066,85.457,True,True,1.253
28,2026-09-26 08:12:57+01:00,6.518817783,3.396901914,18.0,20.0,21.0,27.066,85.457,True,True,1.162
28,2026-09-26 08:12:58+01:00,6.518824318,3.396890761,18.0,20.0,21.0,27.066,85.457,True,True,1.43
28,2026-09-26 08:12:59+01:00,6.518824879,3.396884679,17.0,18.0,19.0,27.066,85.457,True,True,0.675
28,2026-09-26 08:13:00+01:00,6.518826681,3.39687698,17.0,18.0,19.0,27.066,85.457,True,True,0.874
28,2026-09-26 08:13:01+01:00,6.518828949,3.396866721,17.0,18.0,19.0,27.066,85.457,True,True,1.161
28,2026-09-26 08:13:02+01:00,6.518829285,3.396855682,17.0,18.0,19.0,27.066,85.457,True,True,1.22
28,2026-09-26 08:13:03+01:00,6.518822798,3.396843368,18.0,20.0,21.0,27.066,85.457,True,True,1.54
28,2026-09-26 08:13:04+01:00,6.518820067,3.396834204,18.0,20.0,21.0,27.066,85.457,True,True,1.057
28,2026-09-26 08:13:05+01:00,6.518815375,3.396823675,18.0,20.0,21.0,27.066,85.457,True,True,1.275
28,2026-09-26 08:13:06+01:00,6.518814798,3.396812372,18.0,20.0,21.0,27.066,85.457,True,True,1.25
28,2026-09-26 08:13:07+01:00,6.518811239,3.396796651,18.0,20.0,21.0,27.066,85.457,True,True,1.781
28,2026-09-26 08:13:08+01:00,6.518804214,3.396790254,18.0,20.0,21.0,27.066,85.457,True,True,1.053
28,2026-09-26 08:13:09+01:00,6.518795108,3.396777056,18.0,20.0,21.0,27.066,85.457,True,True,1.775
28,2026-09-26 08:13:10+01:00,6.518791944,3.396768871,17.0,18.0,19.0,27.066,85.457,True,True,0.97
28,2026-09-26 08:13:11+01:00,6.518784806,3.396755688,17.0,18.0,19.0,27.066,85.457,True,True,1.659
28,2026-09-26 08:13:12+01:00,6.518780485,3.396745602,17.0,18.0,19.0,27.066,85.457,True,True,1.213
28,2026-09-26 08:13:13+01:00,6.518769538,3.396734904,16.0,17.0,18.0,27.066,85.457,True,True,1.697
28,2026-09-26 08:13:14+01:00,6.518764816,3.396725018,16.0,17.0,18.0,27.066,85.457,True,True,1.212
28,2026-09-26 08:13:15+01:00,6.518762981,3.396716526,16.0,17.0,18.0,27.066,85.457,True,True,0.96
28,2026-09-26 08:13:16+01:00,6.518758071,3.396703667,16.0,17.0,18.0,27.066,85.457,True,True,1.522
28,2026-09-26 08:13:17+01:00,6.518754257,3.396691521,15.0,16.0,17.0,27.066,85.457,True,True,1.407
28,2026-09-26 08:13:18+01:00,6.518752117,3.396679346,15.0,16.0,17.0,27.066,85.457,True,True,1.366
28,2026-09-26 08:13:19+01:00,6.518752279,3.396666225,15.0,16.0,17.0,27.066,85.457,True,True,1.45
28,2026-09-26 08:13:20+01:00,6.518746115,3.396648307,15.0,16.0,17.0,27.066,85.457,True,True,2.095
28,2026-09-26 08:13:21+01:00,6.518737837,3.396645669,15.0,16.0,17.0,27.066,85.457,True,True,0.966
28,2026-09-26 08:13:22+01:00,6.51873516,3.39664,16.0,17.0,18.0,27.066,85.457,True,True,0.693
28,2026-09-26 08:13:23+01:00,6.518718394,3.396645874,16.0,17.0,18.0,27.066,85.457,True,True,1.974
28,2026-09-26 08:13:24+01:00,6.518720477,3.396631793,16.0,17.0,18.0,27.066,85.457,True,True,1.573
28,2026-09-26 08:13:25+01:00,6.518717725,3.396626414,16.0,17.0,18.0,27.066,85.457,True,True,0.668
28,2026-09-26 08:13:26+01:00,6.518706138,3.396609316,16.0,17.0,18.0,27.066,85.457,True,True,2.286
28,2026-09-26 08:13:27+01:00,6.518705042,3.396595953,17.0,18.0,19.0,27.066,85.457,True,True,1.481
28,2026-09-26 08:13:28+01:00,6.518698651,3.396585735,17.0,18.0,19.0,27.066,85.457,True,True,1.334
28,2026-09-26 08:13:29+01:00,6.518686061,3.396571643,18.0,20.0,21.0,27.066,85.457,True,True,2.094
28,2026-09-26 08:13:30+01:00,6.518682214,3.39655877,18.0,20.0,21.0,27.066,85.457,True,True,1.485
28,2026-09-26 08:13:31+01:00,6.518679981,3.396548014,18.0,20.0,21.0,27.066,85.457,True,True,1.214
28,2026-09-26 08:13:32+01:00,6.518677983,3.396541196,18.0,20.0,21.0,27.066,84.914,True,True,0.785
28,2026-09-26 08:13:33+01:00,6.518678423,3.396531296,18.0,20.0,21.0,27.066,84.914,True,True,1.095
28,2026-09-26 08:13:34+01:00,6.51867435,3.396521714,18.0,20.0,21.0,27.066,84.914,True,True,1.151
28,2026-09-26 08:13:35+01:00,6.518668157,3.396507633,18.0,20.0,21.0,27.066,84.914,True,True,1.701
28,2026-09-26 08:13:36+01:00,6.518664335,3.396498037,18.0,20.0,21.0,27.066,84.914,True,True,1.142
28,2026-09-26 08:13:37+01:00,6.51865459,3.39648875,18.0,20.0,21.0,27.066,84.914,True,True,1.492
28,2026-09-26 08:13:38+01:00,6.518649333,3.396490989,18.0,20.0,21.0,27.066,84.914,True,True,0.635
28,2026-09-26 08:13:39+01:00,6.518645009,3.396472908,17.0,19.0,20.0,27.066,84.914,True,True,2.055
28,2026-09-26 08:13:40+01:00,6.518642745,3.396457097,17.0,18.0,19.0,27.066,84.914,True,True,1.765
28,2026-09-26 08:13:41+01:00,6.518636599,3.396441704,17.0,18.0,19.0,27.066,84.914,True,True,1.833
28,2026-09-26 08:13:42+01:00,6.518631036,3.396429351,17.0,18.0,19.0,27.066,84.914,True,True,1.498
28,2026-09-26 08:13:43+01:00,6.518625335,3.39642195,17.0,18.0,19.0,27.066,84.914,True,True,1.035
28,2026-09-26 08:13:44+01:00,6.518620042,3.396410347,17.0,18.0,19.0,27.066,84.914,True,True,1.411
28,2026-09-26 08:13:45+01:00,6.518614118,3.396406373,16.0,17.0,18.0,27.066,84.914,True,True,0.792
28,2026-09-26 08:13:46+01:00,6.518608469,3.396391016,17.0,18.0,19.0,27.066,84.914,True,True,1.809
28,2026-09-26 08:13:47+01:00,6.518604523,3.396376738,17.0,18.0,19.0,27.066,84.914,True,True,1.637
28,2026-09-26 08:13:48+01:00,6.518601996,3.396365949,17.0,18.0,19.0,27.066,84.914,True,True,1.225
28,2026-09-26 08:13:49+01:00,6.518600402,3.396360104,17.0,18.0,19.0,27.066,84.914,True,True,0.67
28,2026-09-26 08:13:50+01:00,6.518594481,3.396347167,17.0,18.0,19.0,27.066,84.914,True,True,1.574
28,2026-09-26 08:13:51+01:00,6.518591183,3.396329028,17.0,18.0,19.0,27.066,84.914,True,True,2.037
28,2026-09-26 08:13:52+01:00,6.518589887,3.396318672,17.0,18.0,19.0,27.066,84.914,True,True,1.153
28,2026-09-26 08:13:53+01:00,6.518587383,3.396310578,19.0,21.0,22.0,27.066,84.914,True,True,0.937
28,2026-09-26 08:13:54+01:00,6.518585312,3.396298388,19.0,21.0,22.0,27.066,84.914,True,True,1.366
28,2026-09-26 08:13:55+01:00,6.518579075,3.396289712,19.0,21.0,22.0,27.066,84.914,True,True,1.183
28,2026-09-26 08:13:56+01:00,6.518575727,3.396277907,19.0,21.0,22.0,27.066,84.914,True,True,1.356
28,2026-09-26 08:13:57+01:00,6.518571532,3.396266029,19.0,21.0,22.0,27.066,84.914,True,True,1.393
28,2026-09-26 08:13:58+01:00,6.518568376,3.396254148,19.0,21.0,22.0,27.066,84.914,True,True,1.359
28,2026-09-26 08:13:59+01:00,6.518564314,3.39624197,18.0,20.0,21.0,27.066,84.914,True,True,1.419
28,2026-09-26 08:14:00+01:00,6.518560094,3.396233001,18.0,20.0,21.0,27.066,84.914,True,True,1.096
28,2026-09-26 08:14:01+01:00,6.518559284,3.39622321,19.0,21.0,22.0,27.066,84.914,True,True,1.085
28,2026-09-26 08:14:02+01:00,6.518555137,3.396209252,18.0,20.0,21.0,27.066,84.914,True,True,1.609
28,2026-09-26 08:14:03+01:00,6.518553122,3.396197468,18.0,20.0,21.0,27.066,84.914,True,True,1.321
28,2026-09-26 08:14:04+01:00,6.51855726,3.396185524,18.0,20.0,21.0,27.066,84.914,True,True,1.397
28,2026-09-26 08:14:05+01:00,6.518549083,3.396173183,18.0,20.0,21.0,27.066,84.914,True,True,1.639
28,2026-09-26 08:14:06+01:00,6.518545036,3.396166357,18.0,20.0,21.0,27.066,84.914,True,True,0.878
28,2026-09-26 08:14:07+01:00,6.518543219,3.396150462,18.0,20.0,21.0,27.066,84.914,True,True,1.768
28,2026-09-26 08:14:08+01:00,6.518539504,3.396134845,18.0,20.0,21.0,27.066,84.914,True,True,1.774
28,2026-09-26 08:14:09+01:00,6.518539541,3.396126716,18.0,20.0,21.0,27.066,84.914,True,True,0.898
28,2026-09-26 08:14:10+01:00,6.518538154,3.396115883,18.0,20.0,21.0,27.066,84.914,True,True,1.207
28,2026-09-26 08:14:11+01:00,6.518536673,3.396096066,17.0,18.0,19.0,27.066,84.914,True,True,2.195
28,2026-09-26 08:14:12+01:00,6.518533606,3.396085173,17.0,18.0,19.0,27.066,84.914,True,True,1.251
28,2026-09-26 08:14:13+01:00,6.51853777,3.396069002,18.0,20.0,21.0,27.066,84.914,True,True,1.846
28,2026-09-26 08:14:14+01:00,6.518533388,3.39605981,18.0,20.0,21.0,27.066,84.914,True,True,1.126
28,2026-09-26 08:14:15+01:00,6.518529784,3.396046584,18.0,20.0,21.0,27.066,84.914,True,True,1.515
28,2026-09-26 08:14:16+01:00,6.5185284,3.396032135,18.0,20.0,21.0,27.066,84.914,True,True,1.604
28,2026-09-26 08:14:17+01:00,6.518527348,3.396023405,18.0,20.0,21.0,27.066,84.914,True,True,0.972
28,2026-09-26 08:14:18+01:00,6.518526152,3.396013916,19.0,21.0,22.0,27.066,84.914,True,True,1.057
28,2026-09-26 08:14:19+01:00,6.518519868,3.396002758,19.0,21.0,22.0,27.066,84.914,True,True,1.417
28,2026-09-26 08:14:20+01:00,6.518518635,3.395991291,19.0,21.0,22.0,27.066,84.914,True,True,1.274
28,2026-09-26 08:14:21+01:00,6.518518393,3.395975692,19.0,21.0,22.0,27.066,84.914,True,True,1.724
28,2026-09-26 08:14:22+01:00,6.518516236,3.395962973,20.0,21.0,24.0,27.066,84.914,True,True,1.425
28,2026-09-26 08:14:23+01:00,6.518513093,3.395948737,19.0,21.0,22.0,27.066,84.914,True,True,1.611
28,2026-09-26 08:14:24+01:00,6.518512645,3.395935511,19.0,21.0,22.0,27.066,84.914,True,True,1.462
28,2026-09-26 08:14:25+01:00,6.518509007,3.395922638,19.0,21.0,22.0,27.066,84.914,True,True,1.479
28,2026-09-26 08:14:26+01:00,6.518506522,3.395911674,19.0,21.0,22.0,27.066,84.914,True,True,1.242
28,2026-09-26 08:14:27+01:00,6.518505896,3.395902334,19.0,21.0,22.0,27.066,84.914,True,True,1.034
28,2026-09-26 08:14:28+01:00,6.518503716,3.395889836,19.0,21.0,22.0,27.066,84.914,True,True,1.402
28,2026-09-26 08:14:29+01:00,6.518499812,3.395879886,19.0,21.0,22.0,27.066,84.914,True,True,1.182
28,2026-09-26 08:14:30+01:00,6.518498472,3.395868849,19.0,21.0,22.0,27.066,84.914,True,True,1.228
28,2026-09-26 08:14:31+01:00,6.518496126,3.395856438,19.0,21.0,22.0,27.066,84.914,True,True,1.396
28,2026-09-26 08:14:32+01:00,6.518494712,3.395848265,19.0,21.0,22.0,27.066,84.914,True,True,0.917
28,2026-09-26 08:14:33+01:00,6.518490852,3.395836196,19.0,21.0,22.0,27.066,84.914,True,True,1.401
28,2026-09-26 08:14:34+01:00,6.518487281,3.395824399,20.0,22.0,25.0,27.066,84.914,True,True,1.362
28,2026-09-26 08:14:35+01:00,6.518485644,3.395814718,20.0,22.0,25.0,27.066,84.914,True,True,1.085
28,2026-09-26 08:14:36+01:00,6.518486187,3.395803152,21.0,23.0,27.0,27.066,84.914,True,True,1.279
28,2026-09-26 08:14:37+01:00,6.518486687,3.395789859,21.0,23.0,27.0,27.066,84.914,True,True,1.47
28,2026-09-26 08:14:38+01:00,6.518485059,3.395779384,21.0,23.0,27.0,27.066,84.914,True,True,1.171
28,2026-09-26 08:14:39+01:00,6.518483131,3.395768533,21.0,23.0,27.0,27.066,84.914,True,True,1.218
28,2026-09-26 08:14:40+01:00,6.518482085,3.395760375,21.0,23.0,27.0,27.066,84.914,True,True,0.909
28,2026-09-26 08:14:41+01:00,6.518481485,3.395746203,20.0,22.0,25.0,27.066,84.914,True,True,1.567
28,2026-09-26 08:14:42+01:00,6.518484432,3.395732672,20.0,22.0,25.0,27.066,84.914,True,True,1.53
28,2026-09-26 08:14:43+01:00,6.518487992,3.395725503,20.0,22.0,25.0,27.066,84.914,True,True,0.885
28,2026-09-26 08:14:44+01:00,6.518488515,3.395712193,20.0,22.0,25.0,27.066,84.914,True,True,1.472
28,2026-09-26 08:14:45+01:00,6.518488713,3.395699209,19.0,21.0,22.0,27.066,84.914,True,True,1.435
28,2026-09-26 08:14:46+01:00,6.518488625,3.395690396,18.0,20.0,21.0,27.066,84.914,True,True,0.974
28,2026-09-26 08:14:47+01:00,6.518487305,3.395674487,18.0,20.0,21.0,27.066,84.914,True,True,1.764
28,2026-09-26 08:14:48+01:00,6.518487763,3.395662551,18.0,20.0,21.0,27.066,84.914,True,True,1.32
28,2026-09-26 08:14:49+01:00,6.518489044,3.395647451,18.0,20.0,21.0,27.066,84.914,True,True,1.674
28,2026-09-26 08:14:50+01:00,6.51848915,3.395641763,18.0,20.0,21.0,27.066,84.914,True,True,0.628
28,2026-09-26 08:14:51+01:00,6.518495932,3.39562635,18.0,20.0,21.0,27.066,84.914,True,True,1.862
28,2026-09-26 08:14:52+01:00,6.518499436,3.395605327,17.0,18.0,19.0,27.066,84.914,True,True,2.355
28,2026-09-26 08:14:53+01:00,6.518510459,3.39559672,16.0,17.0,18.0,27.066,84.914,True,True,1.551
28,2026-09-26 08:14:54+01:00,6.518511297,3.395580154,16.0,17.0,18.0,27.066,84.914,True,True,1.833
28,2026-09-26 08:14:55+01:00,6.518510307,3.395560341,16.0,17.0,18.0,27.066,84.914,True,True,2.192
28,2026-09-26 08:14:56+01:00,6.518511454,3.395543905,16.0,17.0,18.0,27.066,84.914,True,True,1.82
28,2026-09-26 08:14:57+01:00,6.518512009,3.395519955,15.0,16.0,17.0,27.066,84.914,True,True,2.647
28,2026-09-26 08:14:58+01:00,6.518514817,3.395505935,15.0,16.0,17.0,27.066,84.914,True,True,1.58
28,2026-09-26 08:14:59+01:00,6.518516026,3.395489066,15.0,16.0,17.0,27.066,84.914,True,True,1.868
28,2026-09-26 08:15:00+01:00,6.518517815,3.395472787,15.0,17.0,18.0,27.066,84.914,True,True,1.809
28,2026-09-26 08:15:01+01:00,6.51851718,3.395453279,16.0,17.0,18.0,27.066,84.914,True,True,2.156
28,2026-09-26 08:15:02+01:00,6.518516647,3.395436426,16.0,17.0,18.0,27.066,84.914,True,True,1.863
28,2026-09-26 08:15:03+01:00,6.518521649,3.395418776,16.0,17.0,18.0,27.066,84.914,True,True,2.028
28,2026-09-26 08:15:04+01:00,6.518520201,3.395395521,16.0,17.0,18.0,27.066,84.914,True,True,2.574
28,2026-09-26 08:15:05+01:00,6.518522534,3.395378595,16.0,17.0,18.0,27.066,84.914,True,True,1.888
28,2026-09-26 08:15:06+01:00,6.518525021,3.39535512,17.0,18.0,19.0,27.066,84.914,True,True,2.608
28,2026-09-26 08:15:07+01:00,6.51852805,3.395334095,16.0,18.0,19.0,27.066,84.914,True,True,2.347
28,2026-09-26 08:15:08+01:00,6.518529074,3.395306923,16.0,17.0,18.0,27.066,84.914,True,True,3.004
28,2026-09-26 08:15:09+01:00,6.518530247,3.395291507,17.0,18.0,19.0,27.066,84.914,True,True,1.708
28,2026-09-26 08:15:10+01:00,6.518532056,3.395271769,17.0,18.0,19.0,27.066,84.914,True,True,2.19
28,2026-09-26 08:15:11+01:00,6.518524617,3.395249326,17.0,18.0,19.0,27.066,84.914,True,True,2.614
28,2026-09-26 08:15:12+01:00,6.518526363,3.395231352,17.0,18.0,19.0,27.066,84.914,True,True,1.995
28,2026-09-26 08:15:13+01:00,6.518521057,3.3952167,18.0,20.0,21.0,27.066,84.914,True,True,1.723
28,2026-09-26 08:15:14+01:00,6.518510843,3.395204524,17.0,19.0,20.0,27.066,84.914,True,True,1.761
28,2026-09-26 08:15:15+01:00,6.518499819,3.39519483,17.0,18.0,19.0,27.066,84.914,True,True,1.628
28,2026-09-26 08:15:16+01:00,6.518485876,3.395187393,17.0,18.0,19.0,27.066,84.914,True,True,1.755
28,2026-09-26 08:15:17+01:00,6.518477383,3.3951675,17.0,18.0,19.0,27.066,84.914,True,True,2.392
28,2026-09-26 08:15:18+01:00,6.518461664,3.395157357,17.0,18.0,19.0,27.066,84.914,True,True,2.076
28,2026-09-26 08:15:19+01:00,6.518450964,3.395155159,18.0,20.0,21.0,27.066,84.914,True,True,1.214
28,2026-09-26 08:15:20+01:00,6.518435298,3.395151989,18.0,20.0,21.0,27.066,84.914,True,True,1.777
28,2026-09-26 08:15:21+01:00,6.518420254,3.395152645,18.0,20.0,21.0,27.066,84.914,True,True,1.674
28,2026-09-26 08:15:22+01:00,6.518402509,3.395150619,18.0,20.0,21.0,27.066,84.914,True,True,1.986
28,2026-09-26 08:15:23+01:00,6.51838946,3.395152844,17.0,18.0,19.0,27.066,84.914,True,True,1.472
28,2026-09-26 08:15:24+01:00,6.518378346,3.395145073,17.0,18.0,19.0,27.066,84.914,True,True,1.505
28,2026-09-26 08:15:25+01:00,6.51836143,3.395146658,17.0,18.0,19.0,27.066,84.914,True,True,1.889
28,2026-09-26 08:15:26+01:00,6.518347653,3.395145026,17.0,18.0,19.0,27.066,84.914,True,True,1.543
28,2026-09-26 08:15:27+01:00,6.518336147,3.395143021,17.0,18.0,19.0,27.066,84.914,True,True,1.298
28,2026-09-26 08:15:28+01:00,6.518322826,3.395139619,15.0,17.0,18.0,27.066,84.914,True,True,1.528
28,2026-09-26 08:15:29+01:00,6.518309693,3.395135999,15.0,16.0,17.0,27.066,84.914,True,True,1.514
28,2026-09-26 08:15:30+01:00,6.518299099,3.395133751,16.0,17.0,18.0,27.066,84.914,True,True,1.204
28,2026-09-26 08:15:31+01:00,6.51828716,3.395130216,16.0,17.0,18.0,27.066,84.914,True,True,1.384
28,2026-09-26 08:15:32+01:00,6.518274722,3.395127628,16.0,17.0,18.0,27.066,85.457,True,True,1.412
28,2026-09-26 08:15:33+01:00,6.518263926,3.395121317,16.0,17.0,18.0,27.066,85.457,True,True,1.388
28,2026-09-26 08:15:34+01:00,6.518252478,3.395119805,17.0,18.0,19.0,27.066,85.457,True,True,1.284
28,2026-09-26 08:15:35+01:00,6.518245953,3.395116185,17.0,18.0,19.0,27.066,85.457,True,True,0.828
28,2026-09-26 08:15:36+01:00,6.518230679,3.395112296,17.0,18.0,19.0,27.066,85.457,True,True,1.752
28,2026-09-26 08:15:37+01:00,6.518217722,3.395106343,17.0,18.0,19.0,27.066,85.457,True,True,1.584
28,2026-09-26 08:15:38+01:00,6.518202033,3.395098579,17.0,18.0,19.0,27.066,85.457,True,True,1.944
28,2026-09-26 08:15:39+01:00,6.518184769,3.395091351,17.0,18.0,19.0,27.066,85.457,True,True,2.079
28,2026-09-26 08:15:40+01:00,6.518170461,3.395085017,16.0,17.0,18.0,27.066,85.457,True,True,1.738
28,2026-09-26 08:15:41+01:00,6.518154395,3.395077697,17.0,18.0,19.0,27.066,85.457,True,True,1.961
28,2026-09-26 08:15:42+01:00,6.518136609,3.395073969,17.0,19.0,20.0,27.066,85.457,True,True,2.02
28,2026-09-26 08:15:43+01:00,6.518120596,3.395063948,18.0,20.0,21.0,27.066,85.457,True,True,2.097
28,2026-09-26 08:15:44+01:00,6.518103211,3.395056511,18.0,20.0,21.0,27.066,85.457,True,True,2.1
28,2026-09-26 08:15:45+01:00,6.518085663,3.395046182,17.0,18.0,19.0,27.066,85.457,True,True,2.26
28,2026-09-26 08:15:46+01:00,6.518065724,3.395027759,17.0,18.0,19.0,27.066,85.457,True,True,3.01
28,2026-09-26 08:15:47+01:00,6.518051621,3.395015856,17.0,18.0,19.0,27.066,85.457,True,True,2.047
28,2026-09-26 08:15:48+01:00,6.518039819,3.395012047,16.0,17.0,18.0,27.066,85.457,True,True,1.378
28,2026-09-26 08:15:49+01:00,6.518027648,3.394994582,16.0,17.0,18.0,27.066,85.457,True,True,2.357
28,2026-09-26 08:15:50+01:00,6.518014002,3.394991398,16.0,17.0,18.0,27.066,85.457,True,True,1.558
28,2026-09-26 08:15:51+01:00,6.517994166,3.394991073,16.0,17.0,18.0,27.066,85.457,True,True,2.206
28,2026-09-26 08:15:52+01:00,6.517979476,3.394986316,16.0,17.0,18.0,27.066,85.457,True,True,1.716
28,2026-09-26 08:15:53+01:00,6.517960905,3.394975951,17.0,18.0,19.0,27.066,85.457,True,True,2.361
28,2026-09-26 08:15:54+01:00,6.517950944,3.394959931,17.0,18.0,19.0,27.066,85.457,True,True,2.088
28,2026-09-26 08:15:55+01:00,6.517930136,3.394960207,17.0,18.0,19.0,27.066,85.457,True,True,2.314
28,2026-09-26 08:15:56+01:00,6.517916556,3.39494885,17.0,18.0,19.0,27.066,85.457,True,True,1.963
28,2026-09-26 08:15:57+01:00,6.517899055,3.394946297,17.0,18.0,19.0,27.066,85.457,True,True,1.966
28,2026-09-26 08:15:58+01:00,6.517880565,3.394940906,16.0,17.0,18.0,27.066,85.457,True,True,2.141
28,2026-09-26 08:15:59+01:00,6.517861696,3.394938185,16.0,17.0,18.0,27.066,85.457,True,True,2.12
28,2026-09-26 08:16:00+01:00,6.517845077,3.394930284,16.0,17.0,18.0,27.066,85.457,True,True,2.044
28,2026-09-26 08:16:01+01:00,6.517833705,3.394906461,16.0,17.0,18.0,27.066,85.457,True,True,2.92
28,2026-09-26 08:16:02+01:00,6.517814018,3.394904271,16.0,17.0,18.0,27.066,85.457,True,True,2.202
28,2026-09-26 08:16:03+01:00,6.517791497,3.394904762,16.0,17.0,18.0,27.066,85.457,True,True,2.505
28,2026-09-26 08:16:04+01:00,6.51777482,3.39490369,17.0,18.0,19.0,27.066,85.457,True,True,1.858
28,2026-09-26 08:16:05+01:00,6.517761119,3.394895544,17.0,18.0,19.0,27.066,85.457,True,True,1.769
28,2026-09-26 08:16:06+01:00,6.5177417,3.394892052,16.0,17.0,18.0,27.066,85.457,True,True,2.193
28,2026-09-26 08:16:07+01:00,6.517728422,3.394886452,15.0,16.0,17.0,27.066,85.457,True,True,1.601
28,2026-09-26 08:16:08+01:00,6.51771331,3.394873636,15.0,16.0,17.0,27.066,85.457,True,True,2.197
28,2026-09-26 08:16:09+01:00,6.517678856,3.394850283,16.0,17.0,18.0,27.066,85.457,False,True,4.619
28,2026-09-26 08:16:10+01:00,6.517667217,3.394851912,15.0,17.0,18.0,27.066,85.457,True,True,1.307
28,2026-09-26 08:16:11+01:00,6.517649595,3.394851334,15.0,16.0,17.0,27.066,85.457,True,True,1.961
28,2026-09-26 08:16:12+01:00,6.517631335,3.394841291,16.0,17.0,18.0,27.066,85.457,True,True,2.314
28,2026-09-26 08:16:13+01:00,6.517615792,3.394822285,16.0,17.0,18.0,27.066,85.457,True,True,2.72
28,2026-09-26 08:16:14+01:00,6.517600488,3.394808105,16.0,17.0,18.0,27.066,85.457,True,True,2.313
28,2026-09-26 08:16:15+01:00,6.517580237,3.394802941,16.0,17.0,18.0,27.066,85.457,True,True,2.323
28,2026-09-26 08:16:16+01:00,6.517560312,3.394798137,17.0,18.0,19.0,27.066,85.457,True,True,2.278
28,2026-09-26 08:16:17+01:00,6.517545417,3.394788645,17.0,18.0,19.0,27.066,85.457,True,True,1.96
28,2026-09-26 08:16:18+01:00,6.517531177,3.394783663,17.0,18.0,19.0,27.066,85.457,True,True,1.676
28,2026-09-26 08:16:19+01:00,6.517518937,3.394778547,17.0,18.0,19.0,27.066,85.457,True,True,1.474
28,2026-09-26 08:16:20+01:00,6.517503483,3.394779645,17.0,18.0,19.0,27.066,85.457,True,True,1.723
28,2026-09-26 08:16:21+01:00,6.517492304,3.394772977,17.0,18.0,19.0,27.066,85.457,True,True,1.445
28,2026-09-26 08:16:22+01:00,6.517483489,3.394777195,17.0,18.0,19.0,27.066,85.457,True,True,1.085
28,2026-09-26 08:16:23+01:00,6.517484841,3.394770946,17.0,18.0,19.0,27.066,85.457,True,True,0.707
28,2026-09-26 08:16:24+01:00,6.517481048,3.394770077,17.0,18.0,19.0,27.066,85.457,True,True,0.433
28,2026-09-26 08:16:25+01:00,6.517475674,3.39477359,17.0,18.0,19.0,27.066,85.457,True,True,0.713
28,2026-09-26 08:16:26+01:00,6.517474124,3.394771972,17.0,18.0,19.0,27.066,85.457,True,True,0.248
28,2026-09-26 08:16:27+01:00,6.51747318,3.394773177,17.0,18.0,19.0,27.066,85.457,True,True,0.17
28,2026-09-26 08:16:28+01:00,6.517472674,3.394771007,17.0,18.0,19.0,27.066,85.457,True,True,0.246
28,2026-09-26 08:16:29+01:00,6.517467511,3.394768938,17.0,18.0,19.0,27.066,85.457,True,True,0.618
28,2026-09-26 08:16:30+01:00,6.517451492,3.394764741,17.0,18.0,19.0,27.066,85.457,True,True,1.841
28,2026-09-26 08:16:31+01:00,6.51743569,3.394761674,17.0,18.0,19.0,27.066,85.457,True,True,1.789
28,2026-09-26 08:16:32+01:00,6.517421805,3.39475472,17.0,18.0,19.0,27.066,85.457,True,True,1.725
28,2026-09-26 08:16:33+01:00,6.51739895,3.394749137,17.0,18.0,19.0,27.066,85.457,True,True,2.615
28,2026-09-26 08:16:34+01:00,6.517383605,3.394745836,17.0,18.0,19.0,27.066,85.457,True,True,1.745
28,2026-09-26 08:16:35+01:00,6.517366617,3.394747905,18.0,20.0,21.0,27.066,85.457,True,True,1.903
28,2026-09-26 08:16:36+01:00,6.517344146,3.394748237,18.0,20.0,21.0,27.066,85.457,True,True,2.499
28,2026-09-26 08:16:37+01:00,6.517332472,3.39474526,18.0,20.0,21.0,27.066,85.457,True,True,1.339
28,2026-09-26 08:16:38+01:00,6.517304732,3.394739387,18.0,20.0,21.0,27.066,85.457,True,True,3.152
28,2026-09-26 08:16:39+01:00,6.517277975,3.39473724,18.0,20.0,21.0,27.066,85.457,True,True,2.985
28,2026-09-26 08:16:40+01:00,6.517260979,3.39472708,18.0,20.0,21.0,27.066,85.457,True,True,2.198
28,2026-09-26 08:16:41+01:00,6.517260698,3.394708303,18.0,20.0,21.0,27.066,85.457,True,True,2.075
28,2026-09-26 08:16:42+01:00,6.51724997,3.394708605,18.0,20.0,21.0,27.066,85.457,True,True,1.193
28,2026-09-26 08:16:43+01:00,6.517234797,3.394711287,18.0,20.0,21.0,27.066,85.457,True,True,1.713
28,2026-09-26 08:16:44+01:00,6.517208054,3.394716917,18.0,20.0,21.0,27.066,85.457,True,True,3.038
28,2026-09-26 08:16:45+01:00,6.517187697,3.394716783,18.0,20.0,21.0,27.066,85.457,True,True,2.264
28,2026-09-26 08:16:46+01:00,6.517169729,3.394718514,17.0,18.0,19.0,27.066,85.457,True,True,2.007
28,2026-09-26 08:16:47+01:00,6.517154351,3.39472176,17.0,18.0,19.0,27.066,85.457,True,True,1.747
28,2026-09-26 08:16:48+01:00,6.517135002,3.394722395,17.0,18.0,19.0,27.066,85.457,True,True,2.153
28,2026-09-26 08:16:49+01:00,6.517117833,3.394709329,17.0,18.0,19.0,27.066,85.457,True,True,2.393
28,2026-09-26 08:16:50+01:00,6.517131902,3.394714124,17.0,18.0,19.0,27.066,85.457,True,True,1.652
28,2026-09-26 08:16:51+01:00,6.51716213,3.394724637,17.0,18.0,19.0,27.066,85.457,True,True,3.556
28,2026-09-26 08:16:52+01:00,6.517184401,3.394723311,17.0,18.0,19.0,27.066,85.457,True,True,2.481
28,2026-09-26 08:16:53+01:00,6.517195524,3.394727921,16.0,17.0,18.0,27.066,85.457,True,True,1.338
28,2026-09-26 08:16:54+01:00,6.517184449,3.394728905,16.0,17.0,18.0,27.066,85.457,True,True,1.236
28,2026-09-26 08:16:55+01:00,6.517155655,3.394729634,16.0,17.0,18.0,27.066,85.457,True,True,3.203
28,2026-09-26 08:16:56+01:00,6.517128229,3.394719595,17.0,18.0,19.0,27.066,85.457,True,True,3.245
28,2026-09-26 08:16:57+01:00,6.517100207,3.394717558,17.0,18.0,19.0,27.066,85.457,True,True,3.124
28,2026-09-26 08:16:58+01:00,6.517087956,3.394713047,16.0,17.0,18.0,27.066,85.457,True,True,1.451
28,2026-09-26 08:16:59+01:00,6.51707036,3.394708124,16.0,17.0,18.0,27.066,85.457,True,True,2.031
28,2026-09-26 08:17:00+01:00,6.517049626,3.39470843,16.0,17.0,18.0,27.066,85.457,True,True,2.306
28,2026-09-26 08:17:01+01:00,6.517028339,3.394708009,17.0,18.0,19.0,27.066,85.457,True,True,2.367
28,2026-09-26 08:17:02+01:00,6.517022307,3.394704566,17.0,18.0,19.0,27.066,85.457,True,True,0.771
28,2026-09-26 08:17:03+01:00,6.51699802,3.394703936,16.0,17.0,18.0,27.066,85.457,True,True,2.701
28,2026-09-26 08:17:04+01:00,6.516987662,3.394708445,16.0,17.0,18.0,27.066,85.457,True,True,1.255
28,2026-09-26 08:17:05+01:00,6.516971035,3.394714368,16.0,17.0,18.0,27.066,85.457,True,True,1.961
28,2026-09-26 08:17:06+01:00,6.516950875,3.394704412,16.0,17.0,18.0,27.066,85.457,True,True,2.497
28,2026-09-26 08:17:07+01:00,6.516934176,3.394703626,16.0,17.0,18.0,27.066,85.457,True,True,1.859
28,2026-09-26 08:17:08+01:00,6.516910055,3.394703259,17.0,18.0,19.0,27.066,85.457,True,True,2.682
28,2026-09-26 08:17:09+01:00,6.51689998,3.394697479,17.0,18.0,19.0,27.066,85.457,True,True,1.289
28,2026-09-26 08:17:10+01:00,6.516876567,3.394689527,17.0,18.0,19.0,27.066,85.457,True,True,2.748
28,2026-09-26 08:17:11+01:00,6.516868784,3.394684589,17.0,18.0,19.0,27.066,85.457,True,True,1.023
28,2026-09-26 08:17:12+01:00,6.516847084,3.394682223,16.0,17.0,18.0,27.066,85.457,True,True,2.427
28,2026-09-26 08:17:13+01:00,6.51683259,3.394681525,16.0,17.0,18.0,27.066,85.457,True,True,1.614
28,2026-09-26 08:17:14+01:00,6.516818898,3.394678889,16.0,17.0,18.0,27.066,85.457,True,True,1.55
28,2026-09-26 08:17:15+01:00,6.516805256,3.39468048,16.0,17.0,18.0,27.066,85.457,True,True,1.527
28,2026-09-26 08:17:16+01:00,6.51679474,3.39467863,16.0,17.0,18.0,27.066,85.457,True,True,1.187
28,2026-09-26 08:17:17+01:00,6.516784164,3.394683388,15.0,16.0,17.0,27.066,85.457,True,True,1.288
28,2026-09-26 08:17:18+01:00,6.516768978,3.394683796,15.0,16.0,17.0,27.066,85.457,True,True,1.689
28,2026-09-26 08:17:19+01:00,6.516758567,3.394685541,15.0,16.0,17.0,27.066,85.457,True,True,1.174
28,2026-09-26 08:17:20+01:00,6.516746322,3.394689015,15.0,16.0,17.0,27.066,85.457,True,True,1.415
28,2026-09-26 08:17:21+01:00,6.516730392,3.394687221,17.0,18.0,19.0,27.066,85.457,True,True,1.782
28,2026-09-26 08:17:22+01:00,6.516714934,3.394687485,16.0,17.0,18.0,27.066,85.457,True,True,1.719
28,2026-09-26 08:17:23+01:00,6.516690207,3.394688967,16.0,17.0,18.0,27.066,85.457,True,True,2.754
28,2026-09-26 08:17:24+01:00,6.51667779,3.394685333,17.0,18.0,19.0,27.066,85.457,True,True,1.438
28,2026-09-26 08:17:25+01:00,6.516662224,3.394686952,17.0,18.0,19.0,27.066,85.457,True,True,1.74
28,2026-09-26 08:17:26+01:00,6.516636309,3.394682776,16.0,17.0,18.0,27.066,85.457,True,True,2.918
28,2026-09-26 08:17:27+01:00,6.516620599,3.394681097,16.0,17.0,18.0,27.066,85.457,True,True,1.757
28,2026-09-26 08:17:28+01:00,6.516604382,3.394681331,16.0,17.0,18.0,27.066,85.457,True,True,1.803
28,2026-09-26 08:17:29+01:00,6.516585673,3.394678116,16.0,17.0,18.0,27.066,85.457,True,True,2.11
28,2026-09-26 08:17:30+01:00,6.516566669,3.39467556,16.0,17.0,18.0,27.066,85.457,True,True,2.132
28,2026-09-26 08:17:31+01:00,6.516549387,3.394674006,16.0,17.0,18.0,27.066,85.457,True,True,1.929
28,2026-09-26 08:17:32+01:00,6.516532407,3.394671745,16.0,17.0,18.0,27.066,85.998,True,True,1.905
28,2026-09-26 08:17:33+01:00,6.516528367,3.394662762,17.0,18.0,19.0,27.066,85.998,True,True,1.089
28,2026-09-26 08:17:34+01:00,6.516551461,3.394663412,17.0,18.0,19.0,27.066,85.998,True,True,2.569
28,2026-09-26 08:17:35+01:00,6.516569159,3.394660735,16.0,17.0,18.0,27.066,85.998,True,True,1.99
28,2026-09-26 08:17:36+01:00,6.516577618,3.394661877,16.0,17.0,18.0,27.066,85.998,True,True,0.949
28,2026-09-26 08:17:37+01:00,6.516573138,3.394667645,16.0,17.0,18.0,27.066,85.998,True,True,0.809
28,2026-09-26 08:17:38+01:00,6.516564392,3.394666789,15.0,16.0,17.0,27.066,85.998,True,True,0.977
28,2026-09-26 08:17:39+01:00,6.516552922,3.394665719,15.0,16.0,17.0,27.066,85.998,True,True,1.281
28,2026-09-26 08:17:40+01:00,6.51653584,3.394659363,16.0,17.0,18.0,27.066,85.998,True,True,2.025
28,2026-09-26 08:17:41+01:00,6.516518654,3.394659628,16.0,17.0,18.0,27.066,85.998,True,True,1.911
28,2026-09-26 08:17:42+01:00,6.51650784,3.394661347,14.0,15.0,16.0,27.066,85.998,True,True,1.217
28,2026-09-26 08:17:43+01:00,6.516499554,3.394662107,14.0,15.0,16.0,27.066,85.998,True,True,0.925
28,2026-09-26 08:17:44+01:00,6.516488807,3.394661618,15.0,16.0,17.0,27.066,85.998,True,True,1.196
28,2026-09-26 08:17:45+01:00,6.51647601,3.394660067,15.0,16.0,17.0,27.066,85.998,True,True,1.433
28,2026-09-26 08:17:46+01:00,6.516462338,3.394659262,15.0,16.0,17.0,27.066,85.998,True,True,1.523
28,2026-09-26 08:17:47+01:00,6.516449948,3.394658828,14.0,15.0,16.0,27.066,85.998,True,True,1.379
28,2026-09-26 08:17:48+01:00,6.516439462,3.394657139,14.0,15.0,16.0,27.066,85.998,True,True,1.181
28,2026-09-26 08:17:49+01:00,6.51642516,3.394653406,15.0,16.0,17.0,27.066,85.998,True,True,1.643
28,2026-09-26 08:17:50+01:00,6.516415693,3.394646566,15.0,16.0,17.0,27.066,85.998,True,True,1.296
28,2026-09-26 08:17:51+01:00,6.516405383,3.394640374,15.0,16.0,17.0,27.066,85.998,True,True,1.335
28,2026-09-26 08:17:52+01:00,6.516388511,3.394641014,15.0,16.0,17.0,27.066,85.998,True,True,1.877
28,2026-09-26 08:17:53+01:00,6.516371089,3.394642526,15.0,16.0,17.0,27.066,85.998,True,True,1.944
28,2026-09-26 08:17:54+01:00,6.516345242,3.394646433,16.0,17.0,18.0,27.066,85.998,True,True,2.906
28,2026-09-26 08:17:55+01:00,6.516322254,3.394647375,16.0,17.0,18.0,27.066,85.998,True,True,2.558
28,2026-09-26 08:17:56+01:00,6.516304601,3.394646693,16.0,17.0,18.0,27.066,85.998,True,True,1.964
28,2026-09-26 08:17:57+01:00,6.516286312,3.394646088,16.0,17.0,18.0,27.066,85.998,True,True,2.035
28,2026-09-26 08:17:58+01:00,6.516267234,3.394646606,16.0,17.0,18.0,27.066,85.998,True,True,2.122
28,2026-09-26 08:17:59+01:00,6.516243876,3.394649425,17.0,18.0,19.0,27.066,85.998,True,True,2.616
28,2026-09-26 08:18:00+01:00,6.516227361,3.394642437,17.0,18.0,19.0,27.066,85.998,True,True,1.992
28,2026-09-26 08:18:01+01:00,6.516214991,3.394632904,18.0,20.0,21.0,27.066,85.998,True,True,1.732
28,2026-09-26 08:18:02+01:00,6.516199522,3.394625884,18.0,20.0,21.0,27.066,85.998,True,True,1.887
28,2026-09-26 08:18:03+01:00,6.516182341,3.394626239,19.0,21.0,22.0,27.066,85.998,True,True,1.911
28,2026-09-26 08:18:04+01:00,6.516166445,3.394620685,19.0,21.0,22.0,27.066,85.998,True,True,1.871
28,2026-09-26 08:18:05+01:00,6.516148891,3.394619951,19.0,21.0,22.0,27.066,85.998,True,True,1.954
28,2026-09-26 08:18:06+01:00,6.516127036,3.394623191,18.0,20.0,21.0,27.066,85.998,True,True,2.456
28,2026-09-26 08:18:07+01:00,6.516107911,3.394617927,18.0,20.0,21.0,27.066,85.998,True,True,2.205
28,2026-09-26 08:18:08+01:00,6.516093395,3.394615644,18.0,20.0,21.0,27.066,85.998,True,True,1.634
28,2026-09-26 08:18:09+01:00,6.516077295,3.394611513,18.0,20.0,21.0,27.066,85.998,True,True,1.847
28,2026-09-26 08:18:10+01:00,6.516062129,3.394603888,16.0,18.0,19.0,27.066,85.998,True,True,1.885
28,2026-09-26 08:18:11+01:00,6.516045842,3.394598181,16.0,17.0,18.0,27.066,85.998,True,True,1.918
28,2026-09-26 08:18:12+01:00,6.516033831,3.394592698,16.0,17.0,18.0,27.066,85.998,True,True,1.467
28,2026-09-26 08:18:13+01:00,6.516018458,3.394590882,16.0,17.0,18.0,27.066,85.998,True,True,1.721
28,2026-09-26 08:18:14+01:00,6.516002913,3.394587348,17.0,18.0,19.0,27.066,85.998,True,True,1.772
28,2026-09-26 08:18:15+01:00,6.515990759,3.394582718,17.0,18.0,19.0,27.066,85.998,True,True,1.445
28,2026-09-26 08:18:16+01:00,6.515976658,3.394577323,17.0,18.0,19.0,27.066,85.998,True,True,1.677
28,2026-09-26 08:18:17+01:00,6.515963925,3.394578258,17.0,18.0,19.0,27.066,85.998,True,True,1.42
28,2026-09-26 08:18:18+01:00,6.51595257,3.394571928,17.0,18.0,19.0,27.066,85.998,True,True,1.443
28,2026-09-26 08:18:19+01:00,6.515946651,3.394561521,17.0,18.0,19.0,27.066,85.998,True,True,1.325
28,2026-09-26 08:18:20+01:00,6.515935232,3.394555452,17.0,18.0,19.0,27.066,85.998,True,True,1.436
28,2026-09-26 08:18:21+01:00,6.515929539,3.394551734,17.0,18.0,19.0,27.066,85.998,True,True,0.755
28,2026-09-26 08:18:22+01:00,6.515926089,3.394551729,17.0,18.0,19.0,27.066,85.998,True,True,0.384
28,2026-09-26 08:18:23+01:00,6.51591909,3.394549222,16.0,17.0,18.0,27.066,85.998,True,True,0.826
28,2026-09-26 08:18:24+01:00,6.515911941,3.394538816,15.0,16.0,17.0,27.066,85.998,True,True,1.398
28,2026-09-26 08:18:25+01:00,6.515901488,3.394533137,15.0,17.0,18.0,27.066,85.998,True,True,1.321
28,2026-09-26 08:18:26+01:00,6.515891816,3.394526686,16.0,17.0,18.0,27.066,85.998,True,True,1.29
28,2026-09-26 08:18:27+01:00,6.515886804,3.394517455,16.0,17.0,18.0,27.066,85.998,True,True,1.162
28,2026-09-26 08:18:28+01:00,6.515879403,3.394504641,16.0,17.0,18.0,27.066,85.998,True,True,1.637
28,2026-09-26 08:18:29+01:00,6.515880055,3.394495941,14.0,15.0,16.0,27.066,85.998,True,True,0.964
28,2026-09-26 08:18:30+01:00,6.51586196,3.394481683,14.0,15.0,16.0,27.066,85.998,True,True,2.555
28,2026-09-26 08:18:31+01:00,6.515849738,3.394471557,14.0,15.0,16.0,27.066,85.998,True,True,1.76
28,2026-09-26 08:18:32+01:00,6.515843966,3.394458952,15.0,16.0,17.0,27.066,87.612,True,True,1.533
28,2026-09-26 08:18:33+01:00,6.515839661,3.394445283,15.0,17.0,18.0,27.066,87.612,True,True,1.584
28,2026-09-26 08:18:34+01:00,6.515837945,3.394431648,14.0,15.0,16.0,27.066,87.612,True,True,1.518
28,2026-09-26 08:18:35+01:00,6.51584141,3.394416595,14.0,15.0,16.0,27.066,87.612,True,True,1.707
28,2026-09-26 08:18:36+01:00,6.515833543,3.394402717,15.0,16.0,17.0,27.066,87.612,True,True,1.765
28,2026-09-26 08:18:37+01:00,6.515836827,3.394386072,15.0,16.0,17.0,27.066,87.612,True,True,1.875
28,2026-09-26 08:18:38+01:00,6.515841988,3.394371983,16.0,17.0,18.0,27.066,87.612,True,True,1.659
28,2026-09-26 08:18:39+01:00,6.515843018,3.394359212,17.0,18.0,19.0,27.066,87.612,True,True,1.416
28,2026-09-26 08:18:40+01:00,6.51584586,3.394347335,16.0,17.0,18.0,27.066,87.612,True,True,1.35
28,2026-09-26 08:18:41+01:00,6.51584333,3.394332981,17.0,18.0,19.0,27.066,87.612,True,True,1.611
28,2026-09-26 08:18:42+01:00,6.515841328,3.394319131,17.0,18.0,19.0,27.066,87.612,True,True,1.546
28,2026-09-26 08:18:43+01:00,6.515840521,3.394307435,17.0,18.0,19.0,27.066,87.612,True,True,1.295
28,2026-09-26 08:18:44+01:00,6.515839216,3.394295213,17.0,18.0,19.0,27.066,87.612,True,True,1.358
28,2026-09-26 08:18:45+01:00,6.515838038,3.394282675,17.0,18.0,19.0,27.066,87.612,True,True,1.391
28,2026-09-26 08:18:46+01:00,6.515836461,3.394269612,17.0,18.0,19.0,27.066,87.612,True,True,1.454
28,2026-09-26 08:18:47+01:00,6.515837064,3.394257681,17.0,18.0,19.0,27.066,87.612,True,True,1.32
28,2026-09-26 08:18:48+01:00,6.515841068,3.394245232,17.0,18.0,19.0,27.066,87.612,True,True,1.446
28,2026-09-26 08:18:49+01:00,6.515846276,3.394233239,16.0,17.0,18.0,27.066,87.612,True,True,1.446
28,2026-09-26 08:18:50+01:00,6.515852074,3.394221462,16.0,17.0,18.0,27.066,87.612,True,True,1.452
28,2026-09-26 08:18:51+01:00,6.515846715,3.394208064,16.0,17.0,18.0,27.066,87.612,True,True,1.596
28,2026-09-26 08:18:52+01:00,6.515847062,3.394194286,16.0,17.0,18.0,27.066,87.612,True,True,1.523
28,2026-09-26 08:18:53+01:00,6.515850527,3.39417839,16.0,17.0,18.0,27.066,87.612,True,True,1.798
28,2026-09-26 08:18:54+01:00,6.515853852,3.39416458,15.0,16.0,17.0,27.066,87.612,True,True,1.57
28,2026-09-26 08:18:55+01:00,6.515853645,3.394150491,15.0,16.0,17.0,27.066,87.612,True,True,1.557
28,2026-09-26 08:18:56+01:00,6.515855026,3.394137546,16.0,17.0,18.0,27.066,87.612,True,True,1.438
28,2026-09-26 08:18:57+01:00,6.515856799,3.394122781,16.0,17.0,18.0,27.066,87.612,True,True,1.643
28,2026-09-26 08:18:58+01:00,6.515864525,3.394108503,16.0,17.0,18.0,27.066,87.612,True,True,1.796
28,2026-09-26 08:18:59+01:00,6.51586651,3.394090631,17.0,18.0,19.0,27.066,87.612,True,True,1.987
28,2026-09-26 08:19:00+01:00,6.51586755,3.394076412,17.0,18.0,19.0,27.066,87.612,True,True,1.575
28,2026-09-26 08:19:01+01:00,6.515864163,3.394070167,17.0,18.0,19.0,27.066,87.612,True,True,0.786
28,2026-09-26 08:19:02+01:00,6.515864868,3.394075832,17.0,18.0,19.0,27.066,87.612,True,True,0.631
28,2026-09-26 08:19:03+01:00,6.515874613,3.394064792,17.0,18.0,19.0,27.066,87.612,True,True,1.631
28,2026-09-26 08:19:04+01:00,6.515876511,3.394042041,16.0,18.0,19.0,27.066,87.612,True,True,2.522
28,2026-09-26 08:19:05+01:00,6.515878756,3.394028801,16.0,17.0,18.0,27.066,87.612,True,True,1.484
28,2026-09-26 08:19:06+01:00,6.515887128,3.394018958,17.0,18.0,19.0,27.066,87.612,True,True,1.431
28,2026-09-26 08:19:07+01:00,6.515897562,3.394006226,18.0,20.0,21.0,27.066,87.612,True,True,1.823
28,2026-09-26 08:19:08+01:00,6.515886366,3.393987448,17.0,18.0,19.0,27.066,87.612,True,True,2.419
28,2026-09-26 08:19:09+01:00,6.515886167,3.393972359,17.0,18.0,19.0,27.066,87.612,True,True,1.667
28,2026-09-26 08:19:10+01:00,6.515886409,3.393957572,18.0,20.0,21.0,27.066,87.612,True,True,1.634
28,2026-09-26 08:19:11+01:00,6.515895823,3.393948246,18.0,20.0,21.0,27.066,87.612,True,True,1.469
28,2026-09-26 08:19:12+01:00,6.51589847,3.393934276,18.0,20.0,21.0,27.066,87.612,True,True,1.571
28,2026-09-26 08:19:13+01:00,6.515903676,3.393917765,18.0,20.0,21.0,27.066,87.612,True,True,1.914
28,2026-09-26 08:19:14+01:00,6.515908311,3.39390464,18.0,20.0,21.0,27.066,87.612,True,True,1.539
28,2026-09-26 08:19:15+01:00,6.515916215,3.393890711,17.0,18.0,19.0,27.066,87.612,True,True,1.772
28,2026-09-26 08:19:16+01:00,6.515926835,3.393880667,17.0,18.0,19.0,27.066,87.612,True,True,1.62
28,2026-09-26 08:19:17+01:00,6.515937447,3.393875725,17.0,18.0,19.0,27.066,87.612,True,True,1.3
28,2026-09-26 08:19:18+01:00,6.51594467,3.393866583,17.0,18.0,19.0,27.066,87.612,True,True,1.29
28,2026-09-26 08:19:19+01:00,6.515954065,3.393857738,17.0,18.0,19.0,27.066,87.612,True,True,1.43
28,2026-09-26 08:19:20+01:00,6.515959928,3.393846496,16.0,17.0,18.0,27.066,87.612,True,True,1.403
28,2026-09-26 08:19:21+01:00,6.515969072,3.393836045,16.0,17.0,18.0,27.066,87.612,True,True,1.538
28,2026-09-26 08:19:22+01:00,6.515977005,3.393829432,16.0,17.0,18.0,27.066,87.612,True,True,1.145
28,2026-09-26 08:19:23+01:00,6.515983751,3.39382176,16.0,17.0,18.0,27.066,87.612,True,True,1.132
28,2026-09-26 08:19:24+01:00,6.515988483,3.393817817,16.0,17.0,18.0,27.066,87.612,True,True,0.683
28,2026-09-26 08:19:25+01:00,6.516000373,3.393804509,16.0,18.0,19.0,27.066,87.612,True,True,1.977
28,2026-09-26 08:19:26+01:00,6.516013923,3.393796679,17.0,18.0,19.0,27.066,87.612,True,True,1.737
28,2026-09-26 08:19:27+01:00,6.516029312,3.393787754,18.0,20.0,21.0,27.066,87.612,True,True,1.975
28,2026-09-26 08:19:28+01:00,6.516046009,3.393779663,18.0,20.0,21.0,27.066,87.612,True,True,2.061
28,2026-09-26 08:19:29+01:00,6.51605033,3.393763904,17.0,18.0,19.0,27.066,87.612,True,True,1.806
28,2026-09-26 08:19:30+01:00,6.516060807,3.393755036,17.0,18.0,19.0,27.066,87.612,True,True,1.522
28,2026-09-26 08:19:31+01:00,6.516080451,3.393749342,17.0,18.0,19.0,27.066,87.612,True,True,2.273
28,2026-09-26 08:19:32+01:00,6.516095666,3.393755297,17.0,18.0,19.0,27.066,88.147,True,True,1.815
28,2026-09-26 08:19:33+01:00,6.516105889,3.393751575,17.0,18.0,19.0,27.066,88.147,True,True,1.209
28,2026-09-26 08:19:34+01:00,6.516117838,3.393746784,17.0,18.0,19.0,27.066,88.147,True,True,1.43
28,2026-09-26 08:19:35+01:00,6.51612561,3.393736774,17.0,18.0,19.0,27.066,88.147,True,True,1.403
28,2026-09-26 08:19:36+01:00,6.516141534,3.393736196,17.0,18.0,19.0,27.066,88.147,True,True,1.772
28,2026-09-26 08:19:37+01:00,6.51614295,3.393735186,17.0,18.0,19.0,27.066,88.147,True,True,0.193
28,2026-09-26 08:19:38+01:00,6.516158108,3.393731014,18.0,20.0,21.0,27.066,88.147,True,True,1.747
28,2026-09-26 08:19:39+01:00,6.516175696,3.393729007,17.0,19.0,20.0,27.066,88.147,True,True,1.968
28,2026-09-26 08:19:40+01:00,6.516195387,3.393734449,17.0,18.0,19.0,27.066,88.147,True,True,2.271
28,2026-09-26 08:19:41+01:00,6.516211545,3.393735727,16.0,17.0,18.0,27.066,88.147,True,True,1.802
28,2026-09-26 08:19:42+01:00,6.516229074,3.393738419,16.0,17.0,18.0,27.066,88.147,True,True,1.972
28,2026-09-26 08:19:43+01:00,6.516231744,3.393738644,17.0,18.0,19.0,27.066,88.147,True,True,0.298
28,2026-09-26 08:19:44+01:00,6.516247316,3.393740378,17.0,18.0,19.0,27.066,88.147,True,True,1.742
28,2026-09-26 08:19:45+01:00,6.516257323,3.393744232,17.0,18.0,19.0,27.066,88.147,True,True,1.191
28,2026-09-26 08:19:46+01:00,6.516268063,3.39374517,17.0,18.0,19.0,27.066,88.147,True,True,1.199
28,2026-09-26 08:19:47+01:00,6.516284331,3.393745675,17.0,18.0,19.0,27.066,88.147,True,True,1.81
28,2026-09-26 08:19:48+01:00,6.516295687,3.393744004,18.0,20.0,21.0,27.066,88.147,True,True,1.276
28,2026-09-26 08:19:49+01:00,6.516308534,3.39375067,18.0,20.0,21.0,27.066,88.147,True,True,1.607
28,2026-09-26 08:19:50+01:00,6.516328219,3.393761255,18.0,20.0,21.0,27.066,88.147,True,True,2.482
28,2026-09-26 08:19:51+01:00,6.516338544,3.393765114,18.0,20.0,21.0,27.066,88.147,True,True,1.225
28,2026-09-26 08:19:52+01:00,6.516360982,3.393777718,18.0,20.0,21.0,27.066,88.147,True,True,2.857
28,2026-09-26 08:19:53+01:00,6.516369705,3.393784114,18.0,20.0,21.0,27.066,88.147,True,True,1.2
28,2026-09-26 08:19:54+01:00,6.516388495,3.393800484,19.0,21.0,22.0,27.066,88.147,True,True,2.763
28,2026-09-26 08:19:55+01:00,6.516399339,3.393809332,18.0,20.0,21.0,27.066,88.147,True,True,1.552
28,2026-09-26 08:19:56+01:00,6.51641302,3.393817747,18.0,20.0,21.0,27.066,88.147,True,True,1.783
28,2026-09-26 08:19:57+01:00,6.516423575,3.3938284,18.0,20.0,21.0,27.066,88.147,True,True,1.662
28,2026-09-26 08:19:58+01:00,6.516444281,3.393845395,19.0,21.0,22.0,27.066,88.147,True,True,2.971
28,2026-09-26 08:19:59+01:00,6.516462082,3.393859743,19.0,21.0,22.0,27.066,88.147,True,True,2.536
28,2026-09-26 08:20:00+01:00,6.516468463,3.393871744,20.0,21.0,24.0,27.066,88.147,True,True,1.504
28,2026-09-26 08:20:01+01:00,6.516473773,3.393877804,20.0,22.0,25.0,27.066,88.147,True,True,0.893
28,2026-09-26 08:20:02+01:00,6.516489448,3.393890033,19.0,21.0,22.0,27.066,88.147,True,True,2.205
28,2026-09-26 08:20:03+01:00,6.516508343,3.393904349,19.0,21.0,22.0,27.066,88.147,True,True,2.63
28,2026-09-26 08:20:04+01:00,6.516522559,3.393920458,19.0,21.0,22.0,27.066,88.147,True,True,2.38
28,2026-09-26 08:20:05+01:00,6.516540367,3.393935443,20.0,22.0,25.0,27.066,88.147,True,True,2.581
28,2026-09-26 08:20:06+01:00,6.516553733,3.393947147,19.0,21.0,22.0,27.066,88.147,True,True,1.97
28,2026-09-26 08:20:07+01:00,6.516564218,3.393959178,18.0,20.0,21.0,27.066,88.147,True,True,1.768
28,2026-09-26 08:20:08+01:00,6.516580183,3.393964582,18.0,20.0,21.0,27.066,88.147,True,True,1.873
28,2026-09-26 08:20:09+01:00,6.51659537,3.393976683,18.0,20.0,21.0,27.066,88.147,True,True,2.154
28,2026-09-26 08:20:10+01:00,6.516602882,3.393983608,19.0,21.0,22.0,27.066,88.147,True,True,1.133
28,2026-09-26 08:20:11+01:00,6.516607085,3.393998414,19.0,21.0,22.0,27.066,88.147,True,True,1.701
28,2026-09-26 08:20:12+01:00,6.516619833,3.394004006,19.0,21.0,22.0,27.066,88.147,True,True,1.546
28,2026-09-26 08:20:13+01:00,6.516632589,3.394017042,18.0,20.0,21.0,27.066,88.147,True,True,2.021
28,2026-09-26 08:20:14+01:00,6.51664635,3.394035833,18.0,20.0,21.0,27.066,88.147,True,True,2.579
28,2026-09-26 08:20:15+01:00,6.51665922,3.394044442,16.0,17.0,18.0,27.066,88.147,True,True,1.718
28,2026-09-26 08:20:16+01:00,6.516668931,3.394055963,16.0,17.0,18.0,27.066,88.147,True,True,1.669
28,2026-09-26 08:20:17+01:00,6.516678629,3.394070367,17.0,18.0,19.0,27.066,88.147,True,True,1.922
28,2026-09-26 08:20:18+01:00,6.5166924,3.394079369,17.0,18.0,19.0,27.066,88.147,True,True,1.826
28,2026-09-26 08:20:19+01:00,6.516705185,3.394089043,17.0,18.0,19.0,27.066,88.147,True,True,1.779
28,2026-09-26 08:20:20+01:00,6.516716853,3.394097977,17.0,18.0,19.0,27.066,88.147,True,True,1.63
28,2026-09-26 08:20:21+01:00,6.516725944,3.394108628,17.0,18.0,19.0,27.066,88.147,True,True,1.551
28,2026-09-26 08:20:22+01:00,6.51673295,3.39411718,17.0,18.0,19.0,27.066,88.147,True,True,1.225
28,2026-09-26 08:20:23+01:00,6.516741629,3.394127424,16.0,17.0,18.0,27.066,88.147,True,True,1.487
28,2026-09-26 08:20:24+01:00,6.516751408,3.394133471,16.0,17.0,18.0,27.066,88.147,True,True,1.276
28,2026-09-26 08:20:25+01:00,6.516759919,3.394142166,17.0,18.0,19.0,27.066,88.147,True,True,1.348
28,2026-09-26 08:20:26+01:00,6.516769365,3.394145181,17.0,18.0,19.0,27.066,88.147,True,True,1.102
28,2026-09-26 08:20:27+01:00,6.516770829,3.394149782,17.0,18.0,19.0,27.066,88.147,True,True,0.534
28,2026-09-26 08:20:28+01:00,6.516775376,3.394157006,17.0,18.0,19.0,27.066,88.147,True,True,0.945
28,2026-09-26 08:20:29+01:00,6.516784858,3.394167204,17.0,18.0,19.0,27.066,88.147,True,True,1.543
28,2026-09-26 08:20:30+01:00,6.516794269,3.394178059,16.0,17.0,18.0,27.066,88.147,True,True,1.592
28,2026-09-26 08:20:31+01:00,6.516802561,3.394187331,17.0,18.0,19.0,27.066,88.147,True,True,1.378
28,2026-09-26 08:20:32+01:00,6.516811774,3.39419544,17.0,18.0,19.0,27.066,87.612,True,True,1.361
28,2026-09-26 08:20:33+01:00,6.516821003,3.394201795,17.0,18.0,19.0,27.066,87.612,True,True,1.243
28,2026-09-26 08:20:34+01:00,6.5168286,3.394208486,17.0,18.0,19.0,27.066,87.612,True,True,1.123
28,2026-09-26 08:20:35+01:00,6.516832234,3.394210439,17.0,18.0,19.0,27.066,87.612,True,True,0.458
28,2026-09-26 08:20:36+01:00,6.51684632,3.394222412,17.0,18.0,19.0,27.066,87.612,True,True,2.05
28,2026-09-26 08:20:37+01:00,6.516858023,3.394232079,17.0,18.0,19.0,27.066,87.612,True,True,1.683
28,2026-09-26 08:20:38+01:00,6.516868434,3.394241228,17.0,18.0,19.0,27.066,87.612,True,True,1.537
28,2026-09-26 08:20:39+01:00,6.51687679,3.394247876,17.0,18.0,19.0,27.066,87.612,True,True,1.184
28,2026-09-26 08:20:40+01:00,6.516875144,3.394248663,17.0,18.0,19.0,27.066,87.612,True,True,0.203
28,2026-09-26 08:20:41+01:00,6.51688523,3.394262571,17.0,18.0,19.0,27.066,87.612,True,True,1.902
28,2026-09-26 08:20:42+01:00,6.51689348,3.394268925,17.0,18.0,19.0,27.066,87.612,True,True,1.155
28,2026-09-26 08:20:43+01:00,6.516900941,3.394279884,17.0,18.0,19.0,27.066,87.612,True,True,1.468
28,2026-09-26 08:20:44+01:00,6.516908205,3.39428558,17.0,18.0,19.0,27.066,87.612,True,True,1.024
28,2026-09-26 08:20:45+01:00,6.516918336,3.394296176,18.0,20.0,21.0,27.066,87.612,True,True,1.625
28,2026-09-26 08:20:46+01:00,6.516924309,3.394307319,18.0,20.0,21.0,27.066,87.612,True,True,1.399
28,2026-09-26 08:20:47+01:00,6.516940499,3.39431473,18.0,20.0,21.0,27.066,87.612,True,True,1.978
28,2026-09-26 08:20:48+01:00,6.516952764,3.394325076,18.0,20.0,21.0,27.066,87.612,True,True,1.779
28,2026-09-26 08:20:49+01:00,6.516968098,3.394331567,18.0,20.0,21.0,27.066,87.612,True,True,1.85
28,2026-09-26 08:20:50+01:00,6.516981291,3.39433974,18.0,20.0,21.0,27.066,87.612,True,True,1.723
28,2026-09-26 08:20:51+01:00,6.516992476,3.39434785,18.0,20.0,21.0,27.066,87.612,True,True,1.533
28,2026-09-26 08:20:52+01:00,6.517003712,3.394355754,18.0,20.0,21.0,27.066,87.612,True,True,1.524
28,2026-09-26 08:20:53+01:00,6.517015876,3.394364521,18.0,20.0,21.0,27.066,87.612,True,True,1.664
28,2026-09-26 08:20:54+01:00,6.517027417,3.394371851,18.0,20.0,21.0,27.066,87.612,True,True,1.517
28,2026-09-26 08:20:55+01:00,6.517038467,3.394379895,18.0,20.0,21.0,27.066,87.612,True,True,1.516
28,2026-09-26 08:20:56+01:00,6.517042944,3.394392809,18.0,20.0,21.0,27.066,87.612,True,True,1.511
28,2026-09-26 08:20:57+01:00,6.517045946,3.394402163,18.0,20.0,21.0,27.066,87.612,True,True,1.086
28,2026-09-26 08:20:58+01:00,6.517048243,3.394409792,18.0,20.0,21.0,27.066,87.612,True,True,0.881
28,2026-09-26 08:20:59+01:00,6.517047677,3.394422246,18.0,20.0,21.0,27.066,87.612,True,True,1.377
28,2026-09-26 08:21:00+01:00,6.51704626,3.394433272,18.0,20.0,21.0,27.066,87.612,True,True,1.228
28,2026-09-26 08:21:01+01:00,6.517042974,3.394445613,18.0,20.0,21.0,27.066,87.612,True,True,1.412
28,2026-09-26 08:21:02+01:00,6.517041945,3.394462217,18.0,20.0,21.0,27.066,87.612,True,True,1.838
28,2026-09-26 08:21:03+01:00,6.517042883,3.394478057,17.0,18.0,19.0,27.066,87.612,True,True,1.753
28,2026-09-26 08:21:04+01:00,6.517041457,3.394490504,17.0,18.0,19.0,27.066,87.612,True,True,1.384
28,2026-09-26 08:21:05+01:00,6.517034869,3.394503169,17.0,18.0,19.0,27.066,87.612,True,True,1.579
28,2026-09-26 08:21:06+01:00,6.51703986,3.394516671,17.0,18.0,19.0,27.066,87.612,True,True,1.592
28,2026-09-26 08:21:07+01:00,6.517034289,3.394529734,17.0,18.0,19.0,27.066,87.612,True,True,1.57
28,2026-09-26 08:21:08+01:00,6.517032655,3.394543187,16.0,17.0,18.0,27.066,87.612,True,True,1.497
28,2026-09-26 08:21:09+01:00,6.517028475,3.394555731,16.0,17.0,18.0,27.066,87.612,True,True,1.462
28,2026-09-26 08:21:10+01:00,6.51702103,3.394564688,17.0,18.0,19.0,27.066,87.612,True,True,1.29
28,2026-09-26 08:21:11+01:00,6.517017012,3.394574573,16.0,18.0,19.0,27.066,87.612,True,True,1.18
28,2026-09-26 08:21:12+01:00,6.517013163,3.394586666,16.0,17.0,18.0,27.066,87.612,True,True,1.403
28,2026-09-26 08:21:13+01:00,6.517008587,3.394596307,17.0,18.0,19.0,27.066,87.612,True,True,1.18
28,2026-09-26 08:21:14+01:00,6.517001863,3.394606244,17.0,18.0,19.0,27.066,87.612,True,True,1.328
28,2026-09-26 08:21:15+01:00,6.516994596,3.394616157,16.0,17.0,18.0,27.066,87.612,True,True,1.361
28,2026-09-26 08:21:16+01:00,6.516989037,3.394628496,16.0,17.0,18.0,27.066,87.612,True,True,1.497
28,2026-09-26 08:21:17+01:00,6.516985345,3.394639892,17.0,18.0,19.0,27.066,87.612,True,True,1.324
28,2026-09-26 08:21:18+01:00,6.516985073,3.394646601,17.0,18.0,19.0,27.066,87.612,True,True,0.742
28,2026-09-26 08:21:19+01:00,6.51697325,3.394658363,17.0,18.0,19.0,27.066,87.612,True,True,1.848
28,2026-09-26 08:21:20+01:00,6.516965876,3.394665651,17.0,18.0,19.0,27.066,87.612,True,True,1.149
28,2026-09-26 08:21:21+01:00,6.516953008,3.394671467,17.0,18.0,19.0,27.066,87.612,True,True,1.569
28,2026-09-26 08:21:22+01:00,6.516941016,3.394675488,17.0,18.0,19.0,27.066,87.612,True,True,1.405
28,2026-09-26 08:21:23+01:00,6.516932033,3.394680789,17.0,18.0,19.0,27.066,87.612,True,True,1.158
28,2026-09-26 08:21:24+01:00,6.516921261,3.394687994,18.0,20.0,21.0,27.066,87.612,True,True,1.438
28,2026-09-26 08:21:25+01:00,6.516908427,3.394694814,18.0,20.0,21.0,27.066,87.612,True,True,1.614
28,2026-09-26 08:21:26+01:00,6.516899853,3.394695558,18.0,20.0,21.0,27.066,87.612,True,True,0.957
28,2026-09-26 08:21:27+01:00,6.5168851,3.394693041,18.0,20.0,21.0,27.066,87.612,True,True,1.664
28,2026-09-26 08:21:28+01:00,6.516875758,3.394685203,18.0,20.0,21.0,27.066,87.612,True,True,1.352
28,2026-09-26 08:21:29+01:00,6.51686293,3.39468195,18.0,20.0,21.0,27.066,87.612,True,True,1.471
28,2026-09-26 08:21:30+01:00,6.516853935,3.394680084,18.0,20.0,21.0,27.066,87.612,True,True,1.021
28,2026-09-26 08:21:31+01:00,6.516856113,3.394682072,17.0,18.0,19.0,27.066,87.612,True,True,0.327
28,2026-09-26 08:21:32+01:00,6.516830386,3.394677701,17.0,18.0,19.0,27.066,85.998,True,True,2.901
28,2026-09-26 08:21:33+01:00,6.516821578,3.394679243,17.0,18.0,19.0,27.066,85.998,True,True,0.994
28,2026-09-26 08:21:34+01:00,6.516810066,3.394672676,17.0,18.0,19.0,27.066,85.998,True,True,1.471
28,2026-09-26 08:21:35+01:00,6.516796201,3.394664544,17.0,18.0,19.0,27.066,85.998,True,True,1.784
28,2026-09-26 08:21:36+01:00,6.516786313,3.394671646,17.0,18.0,19.0,27.066,85.998,True,True,1.351
28,2026-09-26 08:21:37+01:00,6.516770085,3.3946718,16.0,17.0,18.0,27.066,85.998,True,True,1.805
28,2026-09-26 08:21:38+01:00,6.516754911,3.394668915,15.0,16.0,17.0,27.066,85.998,True,True,1.717
28,2026-09-26 08:21:39+01:00,6.516750731,3.39466691,16.0,17.0,18.0,27.066,85.998,True,True,0.515
28,2026-09-26 08:21:40+01:00,6.516731496,3.394663735,15.0,16.0,17.0,27.066,85.998,True,True,2.167
28,2026-09-26 08:21:41+01:00,6.516717581,3.394658714,16.0,17.0,18.0,27.066,85.998,True,True,1.644
28,2026-09-26 08:21:42+01:00,6.516711517,3.394657058,16.0,17.0,18.0,27.066,85.998,True,True,0.699
28,2026-09-26 08:21:43+01:00,6.516698922,3.394651523,15.0,16.0,17.0,27.066,85.998,True,True,1.528
28,2026-09-26 08:21:44+01:00,6.516685181,3.394653231,14.0,15.0,16.0,27.066,85.998,True,True,1.54
28,2026-09-26 08:21:45+01:00,6.51667654,3.394652308,13.0,14.0,14.0,27.066,85.998,True,True,0.966
28,2026-09-26 08:21:46+01:00,6.516662706,3.394652734,13.0,14.0,14.0,27.066,85.998,True,True,1.539
28,2026-09-26 08:21:47+01:00,6.516654475,3.394650143,14.0,15.0,16.0,27.066,85.998,True,True,0.959
28,2026-09-26 08:21:48+01:00,6.516647479,3.394648499,15.0,16.0,17.0,27.066,85.998,True,True,0.799
28,2026-09-26 08:21:49+01:00,6.516643005,3.394645482,16.0,17.0,18.0,27.066,85.998,True,True,0.599
28,2026-09-26 08:21:50+01:00,6.516631159,3.394643223,15.0,17.0,18.0,27.066,85.998,True,True,1.341
28,2026-09-26 08:21:51+01:00,6.516617179,3.394643549,15.0,16.0,17.0,27.066,85.998,True,True,1.555
28,2026-09-26 08:21:52+01:00,6.516606625,3.394641028,15.0,16.0,17.0,27.066,85.998,True,True,1.206
28,2026-09-26 08:21:53+01:00,6.516595677,3.394648868,15.0,16.0,17.0,27.066,85.998,True,True,1.494
28,2026-09-26 08:21:54+01:00,6.516585814,3.394664172,14.0,15.0,16.0,27.066,85.998,True,True,2.015
28,2026-09-26 08:21:55+01:00,6.516573883,3.394666438,14.0,15.0,16.0,27.066,85.998,True,True,1.35
28,2026-09-26 08:21:56+01:00,6.516559546,3.394666288,14.0,15.0,16.0,27.066,85.998,True,True,1.594
28,2026-09-26 08:21:57+01:00,6.516549795,3.394661904,14.0,16.0,16.0,27.066,85.998,True,True,1.188
28,2026-09-26 08:21:58+01:00,6.516538267,3.394657467,15.0,16.0,17.0,27.066,85.998,True,True,1.372
28,2026-09-26 08:21:59+01:00,6.5165244,3.394652247,15.0,16.0,17.0,27.066,85.998,True,True,1.646
28,2026-09-26 08:22:00+01:00,6.516512418,3.394650478,15.0,16.0,17.0,27.066,85.998,True,True,1.347
28,2026-09-26 08:22:01+01:00,6.516500207,3.394648369,16.0,17.0,18.0,27.066,85.998,True,True,1.378
28,2026-09-26 08:22:02+01:00,6.516485679,3.394647875,16.0,17.0,18.0,27.066,85.998,True,True,1.616
28,2026-09-26 08:22:03+01:00,6.516472922,3.394646641,16.0,17.0,18.0,27.066,85.998,True,True,1.425
28,2026-09-26 08:22:04+01:00,6.516464203,3.394644671,16.0,17.0,18.0,27.066,85.998,True,True,0.994
28,2026-09-26 08:22:05+01:00,6.516454156,3.394641402,16.0,17.0,18.0,27.066,85.998,True,True,1.174
28,2026-09-26 08:22:06+01:00,6.516442531,3.394639339,16.0,17.0,18.0,27.066,85.998,True,True,1.313
28,2026-09-26 08:22:07+01:00,6.516433783,3.394637795,16.0,17.0,18.0,27.066,85.998,True,True,0.988
28,2026-09-26 08:22:08+01:00,6.516425587,3.394634622,17.0,18.0,19.0,27.066,85.998,True,True,0.976
28,2026-09-26 08:22:09+01:00,6.516416468,3.394634188,17.0,18.0,19.0,27.066,85.998,True,True,1.015
28,2026-09-26 08:22:10+01:00,6.516407249,3.394633907,16.0,17.0,18.0,27.066,85.998,True,True,1.026
28,2026-09-26 08:22:11+01:00,6.516396292,3.394633905,17.0,18.0,19.0,27.066,85.998,True,True,1.218
28,2026-09-26 08:22:12+01:00,6.516385429,3.394634086,17.0,18.0,19.0,27.066,85.998,True,True,1.208
28,2026-09-26 08:22:13+01:00,6.516376591,3.394636972,16.0,17.0,18.0,27.066,85.998,True,True,1.033
28,2026-09-26 08:22:14+01:00,6.516368847,3.394636212,16.0,17.0,18.0,27.066,85.998,True,True,0.865
28,2026-09-26 08:22:15+01:00,6.516359741,3.39463648,16.0,17.0,18.0,27.066,85.998,True,True,1.013
28,2026-09-26 08:22:16+01:00,6.516347457,3.39463659,16.0,17.0,18.0,27.066,85.998,True,True,1.366
28,2026-09-26 08:22:17+01:00,6.516338584,3.394635886,16.0,17.0,18.0,27.066,85.998,True,True,0.99
28,2026-09-26 08:22:18+01:00,6.516334828,3.394638719,15.0,17.0,18.0,27.066,85.998,True,True,0.522
28,2026-09-26 08:22:19+01:00,6.516337483,3.394642565,15.0,16.0,17.0,27.066,85.998,True,True,0.517
28,2026-09-26 08:22:20+01:00,6.516336733,3.394642798,13.0,14.0,14.0,27.066,85.998,True,True,0.087
28,2026-09-26 08:22:21+01:00,6.516326179,3.394642038,13.0,14.0,14.0,27.066,85.998,True,True,1.177
28,2026-09-26 08:22:22+01:00,6.516309029,3.394640066,15.0,16.0,17.0,27.066,85.998,True,True,1.919
28,2026-09-26 08:22:23+01:00,6.516300131,3.394641502,15.0,16.0,17.0,27.066,85.998,True,True,1.002
28,2026-09-26 08:22:24+01:00,6.516289287,3.394644547,15.0,16.0,17.0,27.066,85.998,True,True,1.252
28,2026-09-26 08:22:25+01:00,6.516281943,3.394646651,15.0,16.0,17.0,27.066,85.998,True,True,0.849
28,2026-09-26 08:22:26+01:00,6.516275002,3.39464791,15.0,16.0,17.0,27.066,85.998,True,True,0.784
28,2026-09-26 08:22:27+01:00,6.516262989,3.394646233,15.0,16.0,17.0,27.066,85.998,True,True,1.349
28,2026-09-26 08:22:28+01:00,6.516253442,3.394642695,15.0,16.0,17.0,27.066,85.998,True,True,1.131
28,2026-09-26 08:22:29+01:00,6.516244783,3.394641259,16.0,17.0,18.0,27.066,85.998,True,True,0.976
28,2026-09-26 08:22:30+01:00,6.516233661,3.394640951,16.0,17.0,18.0,27.066,85.998,True,True,1.237
28,2026-09-26 08:22:31+01:00,6.51622383,3.394639398,15.0,16.0,17.0,27.066,85.998,True,True,1.107
28,2026-09-26 08:22:32+01:00,6.516214765,3.394637887,15.0,16.0,17.0,27.066,86.538,True,True,1.022
28,2026-09-26 08:22:33+01:00,6.51620437,3.394636314,14.0,15.0,16.0,27.066,86.538,True,True,1.169
28,2026-09-26 08:22:34+01:00,6.516194728,3.394636292,14.0,15.0,16.0,27.066,86.538,True,True,1.072
28,2026-09-26 08:22:35+01:00,6.516186621,3.394633354,14.0,15.0,16.0,27.066,86.538,True,True,0.958
28,2026-09-26 08:22:36+01:00,6.516178002,3.394631778,14.0,15.0,16.0,27.066,86.538,True,True,0.974
28,2026-09-26 08:22:37+01:00,6.516169031,3.39462751,14.0,15.0,16.0,27.066,86.538,True,True,1.103
28,2026-09-26 08:22:38+01:00,6.51616275,3.39462624,14.0,15.0,16.0,27.066,86.538,True,True,0.712
28,2026-09-26 08:22:39+01:00,6.516153599,3.394624376,14.0,15.0,16.0,27.066,86.538,True,True,1.038
28,2026-09-26 08:22:40+01:00,6.516141876,3.394622752,15.0,16.0,17.0,27.066,86.538,True,True,1.316
28,2026-09-26 08:22:41+01:00,6.516135132,3.394619553,15.0,16.0,17.0,27.066,86.538,True,True,0.829
28,2026-09-26 08:22:42+01:00,6.516126315,3.394618578,15.0,16.0,17.0,27.066,86.538,True,True,0.986
28,2026-09-26 08:22:43+01:00,6.516117202,3.394618319,16.0,17.0,18.0,27.066,86.538,True,True,1.014
28,2026-09-26 08:22:44+01:00,6.516119343,3.394617293,16.0,17.0,18.0,27.066,86.538,True,True,0.264
28,2026-09-26 08:22:45+01:00,6.51611706,3.394611989,16.0,17.0,18.0,27.066,86.538,True,True,0.639
28,2026-09-26 08:22:46+01:00,6.516129362,3.394612701,16.0,17.0,18.0,27.066,86.538,True,True,1.37
28,2026-09-26 08:22:47+01:00,6.516135616,3.39461966,17.0,18.0,19.0,27.066,86.538,True,True,1.037
28,2026-09-26 08:22:48+01:00,6.516135497,3.394619587,17.0,18.0,19.0,27.066,86.538,True,True,0.015
28,2026-09-26 08:22:49+01:00,6.516139746,3.394630464,16.0,18.0,19.0,27.066,86.538,True,True,1.291
28,2026-09-26 08:22:50+01:00,6.516137701,3.39463,16.0,17.0,18.0,27.066,86.538,True,True,0.233
28,2026-09-26 08:22:51+01:00,6.516135584,3.394626641,16.0,17.0,18.0,27.066,86.538,True,True,0.439
28,2026-09-26 08:22:52+01:00,6.516125012,3.394620316,17.0,18.0,19.0,27.066,86.538,True,True,1.368
28,2026-09-26 08:22:53+01:00,6.516111934,3.394616651,17.0,18.0,19.0,27.066,86.538,True,True,1.51
28,2026-09-26 08:22:54+01:00,6.516100599,3.394619127,17.0,18.0,19.0,27.066,86.538,True,True,1.29
28,2026-09-26 08:22:55+01:00,6.516092781,3.394619501,17.0,18.0,19.0,27.066,86.538,True,True,0.87
28,2026-09-26 08:22:56+01:00,6.516084364,3.39461745,18.0,20.0,21.0,27.066,86.538,True,True,0.963
28,2026-09-26 08:22:57+01:00,6.516080106,3.394610436,17.0,18.0,19.0,27.066,86.538,True,True,0.908
28,2026-09-26 08:22:58+01:00,6.516069443,3.394606416,17.0,18.0,19.0,27.066,86.538,True,True,1.266
28,2026-09-26 08:22:59+01:00,6.516060631,3.394606499,18.0,20.0,21.0,27.066,86.538,True,True,0.98
28,2026-09-26 08:23:00+01:00,6.516050048,3.394606065,18.0,20.0,21.0,27.066,86.538,True,True,1.178
28,2026-09-26 08:23:01+01:00,6.516043994,3.394601972,16.0,17.0,18.0,27.066,86.538,True,True,0.811
28,2026-09-26 08:23:02+01:00,6.516035115,3.394602548,16.0,17.0,18.0,27.066,86.538,True,True,0.989
28,2026-09-26 08:23:03+01:00,6.51602152,3.394601432,16.0,17.0,18.0,27.066,86.538,True,True,1.517
28,2026-09-26 08:23:04+01:00,6.516014051,3.39460034,15.0,17.0,18.0,27.066,86.538,True,True,0.839
28,2026-09-26 08:23:05+01:00,6.516005722,3.394597992,15.0,16.0,17.0,27.066,86.538,True,True,0.962
28,2026-09-26 08:23:06+01:00,6.515996422,3.394594479,14.0,15.0,16.0,27.066,86.538,True,True,1.105
28,2026-09-26 08:23:07+01:00,6.51598616,3.394590291,14.0,15.0,16.0,27.066,86.538,True,True,1.231
28,2026-09-26 08:23:08+01:00,6.515978582,3.394587622,15.0,16.0,17.0,27.066,86.538,True,True,0.893
28,2026-09-26 08:23:09+01:00,6.515970008,3.394592576,15.0,16.0,17.0,27.066,86.538,True,True,1.099
28,2026-09-26 08:23:10+01:00,6.515960326,3.394589423,15.0,16.0,17.0,27.066,86.538,True,True,1.132
28,2026-09-26 08:23:11+01:00,6.515958788,3.39458395,15.0,16.0,17.0,27.066,86.538,True,True,0.628
28,2026-09-26 08:23:12+01:00,6.515952867,3.39457992,15.0,16.0,17.0,27.066,86.538,True,True,0.795
28,2026-09-26 08:23:13+01:00,6.515953065,3.39457742,15.0,16.0,17.0,27.066,86.538,True,True,0.277
28,2026-09-26 08:23:14+01:00,6.515955164,3.394575449,14.0,15.0,16.0,27.066,86.538,True,True,0.319
28,2026-09-26 08:23:15+01:00,6.51595625,3.394578674,14.0,15.0,16.0,27.066,86.538,True,True,0.376
28,2026-09-26 08:23:16+01:00,6.515957998,3.394576459,14.0,15.0,16.0,27.066,86.538,True,True,0.313
28,2026-09-26 08:23:17+01:00,6.515960018,3.394575414,14.0,15.0,16.0,27.066,86.538,True,True,0.253
28,2026-09-26 08:23:18+01:00,6.515959692,3.39457563,14.0,16.0,16.0,27.066,86.538,True,True,0.043
28,2026-09-26 08:23:19+01:00,6.515953052,3.394570416,15.0,16.0,17.0,27.066,86.538,True,True,0.936
28,2026-09-26 08:23:20+01:00,6.515941148,3.394563034,15.0,16.0,17.0,27.066,86.538,True,True,1.555
28,2026-09-26 08:23:21+01:00,6.515931655,3.394556578,15.0,16.0,17.0,27.066,86.538,True,True,1.274
28,2026-09-26 08:23:22+01:00,6.515922875,3.394546722,14.0,15.0,16.0,27.066,86.538,True,True,1.462
28,2026-09-26 08:23:23+01:00,6.515914453,3.394539527,15.0,16.0,17.0,27.066,86.538,True,True,1.228
28,2026-09-26 08:23:24+01:00,6.515908308,3.39453186,14.0,15.0,16.0,27.066,86.538,True,True,1.088
28,2026-09-26 08:23:25+01:00,6.515899255,3.394527124,14.0,15.0,16.0,27.066,86.538,True,True,1.135
28,2026-09-26 08:23:26+01:00,6.515881147,3.394508455,14.0,16.0,16.0,27.066,86.538,True,True,2.882
28,2026-09-26 08:23:27+01:00,6.515873707,3.394496591,15.0,16.0,17.0,27.066,86.538,True,True,1.55
28,2026-09-26 08:23:28+01:00,6.515870515,3.394485002,15.0,16.0,17.0,27.066,86.538,True,True,1.329
28,2026-09-26 08:23:29+01:00,6.515870136,3.394465899,16.0,17.0,18.0,27.066,86.538,True,True,2.111
28,2026-09-26 08:23:30+01:00,6.515859243,3.394435504,16.0,17.0,18.0,27.066,86.538,True,True,3.57
28,2026-09-26 08:23:31+01:00,6.515870321,3.394416426,16.0,17.0,18.0,27.066,86.538,True,True,2.441
28,2026-09-26 08:23:32+01:00,6.51587384,3.394389963,16.0,17.0,18.0,27.066,86.538,True,True,2.95
28,2026-09-26 08:23:33+01:00,6.515881695,3.394369485,16.0,17.0,18.0,27.066,86.538,True,True,2.425
28,2026-09-26 08:23:34+01:00,6.515875747,3.394349507,16.0,17.0,18.0,27.066,86.538,True,True,2.304
28,2026-09-26 08:23:35+01:00,6.515886138,3.394322486,16.0,17.0,18.0,27.066,86.538,True,True,3.201
28,2026-09-26 08:23:36+01:00,6.515888146,3.394293347,17.0,18.0,19.0,27.066,86.538,True,True,3.227
28,2026-09-26 08:23:37+01:00,6.515885881,3.394274338,17.0,18.0,19.0,27.066,86.538,True,True,2.115
28,2026-09-26 08:23:38+01:00,6.515896302,3.394254924,17.0,18.0,19.0,27.066,86.538,True,True,2.438
28,2026-09-26 08:23:39+01:00,6.515902615,3.394236504,17.0,18.0,19.0,27.066,86.538,True,True,2.153
28,2026-09-26 08:23:40+01:00,6.515895448,3.394220224,16.0,17.0,18.0,27.066,86.538,True,True,1.967
28,2026-09-26 08:23:41+01:00,6.515892165,3.39420691,16.0,17.0,18.0,27.066,86.538,True,True,1.516
28,2026-09-26 08:23:42+01:00,6.515887987,3.394191262,16.0,17.0,18.0,27.066,86.538,True,True,1.79
28,2026-09-26 08:23:43+01:00,6.51589311,3.394179234,16.0,17.0,18.0,27.066,86.538,True,True,1.446
28,2026-09-26 08:23:44+01:00,6.515893897,3.394166539,16.0,17.0,18.0,27.066,86.538,True,True,1.405
28,2026-09-26 08:23:45+01:00,6.515892431,3.394157312,16.0,17.0,18.0,27.066,86.538,True,True,1.032
28,2026-09-26 08:23:46+01:00,6.515891913,3.394144838,16.0,17.0,18.0,27.066,86.538,True,True,1.379
28,2026-09-26 08:23:47+01:00,6.515892866,3.394134265,16.0,17.0,18.0,27.066,86.538,True,True,1.173
28,2026-09-26 08:23:48+01:00,6.515896397,3.394113618,16.0,17.0,18.0,27.066,86.538,True,True,2.315
28,2026-09-26 08:23:49+01:00,6.515894691,3.394097278,17.0,18.0,19.0,27.066,86.538,True,True,1.815
28,2026-09-26 08:23:50+01:00,6.515894864,3.394086905,16.0,17.0,18.0,27.066,86.538,True,True,1.146
28,2026-09-26 08:23:51+01:00,6.515899189,3.394072943,16.0,17.0,18.0,27.066,86.538,True,True,1.616
28,2026-09-26 08:23:52+01:00,6.51590258,3.394065703,17.0,18.0,19.0,27.066,86.538,True,True,0.884
28,2026-09-26 08:23:53+01:00,6.515899347,3.394060174,17.0,18.0,19.0,27.066,86.538,True,True,0.709
28,2026-09-26 08:23:54+01:00,6.515898031,3.394051141,16.0,17.0,18.0,27.066,86.538,True,True,1.009
28,2026-09-26 08:23:55+01:00,6.515896916,3.394036761,16.0,17.0,18.0,27.066,86.538,True,True,1.593
28,2026-09-26 08:23:56+01:00,6.515902352,3.394024253,16.0,17.0,18.0,27.066,86.538,True,True,1.508
28,2026-09-26 08:23:57+01:00,6.51590293,3.39401513,16.0,17.0,18.0,27.066,86.538,True,True,1.01
28,2026-09-26 08:23:58+01:00,6.515910519,3.393993775,16.0,17.0,18.0,27.066,86.538,True,True,2.506
28,2026-09-26 08:23:59+01:00,6.515907824,3.393979927,16.0,17.0,18.0,27.066,86.538,True,True,1.559
28,2026-09-26 08:24:00+01:00,6.51590794,3.393967528,16.0,17.0,18.0,27.066,86.538,True,True,1.37
28,2026-09-26 08:24:01+01:00,6.515917556,3.39395949,17.0,18.0,19.0,27.066,86.538,True,True,1.39
28,2026-09-26 08:24:02+01:00,6.5159127,3.393962787,16.0,17.0,18.0,27.066,86.538,True,True,0.651
28,2026-09-26 08:24:03+01:00,6.515906501,3.39397441,16.0,17.0,18.0,27.066,86.538,True,True,1.457
28,2026-09-26 08:24:04+01:00,6.515906463,3.39397307,15.0,16.0,17.0,27.066,86.538,True,True,0.148
28,2026-09-26 08:24:05+01:00,6.515904449,3.393971445,15.0,16.0,17.0,27.066,86.538,True,True,0.287
28,2026-09-26 08:24:06+01:00,6.515904645,3.393971363,15.0,16.0,17.0,27.066,86.538,True,True,0.024
28,2026-09-26 08:24:07+01:00,6.515914252,3.393964416,15.0,17.0,18.0,27.066,86.538,True,True,1.315
28,2026-09-26 08:24:08+01:00,6.515923364,3.393947717,16.0,17.0,18.0,27.066,86.538,True,True,2.105
28,2026-09-26 08:24:09+01:00,6.515926633,3.393932153,16.0,17.0,18.0,27.066,86.538,True,True,1.757
28,2026-09-26 08:24:10+01:00,6.515916297,3.393913204,14.0,15.0,16.0,27.066,86.538,True,True,2.388
28,2026-09-26 08:24:11+01:00,6.515920183,3.393904385,14.0,15.0,16.0,27.066,86.538,True,True,1.066
28,2026-09-26 08:24:12+01:00,6.515924881,3.393891739,14.0,15.0,16.0,27.066,86.538,True,True,1.492
28,2026-09-26 08:24:13+01:00,6.515937077,3.393877495,15.0,16.0,17.0,27.066,86.538,True,True,2.077
28,2026-09-26 08:24:14+01:00,6.515938454,3.393865042,16.0,17.0,18.0,27.066,86.538,True,True,1.384
28,2026-09-26 08:24:15+01:00,6.515961026,3.393855973,17.0,18.0,19.0,27.066,86.538,True,True,2.702
28,2026-09-26 08:24:16+01:00,6.515972133,3.393850181,17.0,18.0,19.0,27.066,86.538,True,True,1.391
28,2026-09-26 08:24:17+01:00,6.515983417,3.393837331,17.0,18.0,19.0,27.066,86.538,True,True,1.895
28,2026-09-26 08:24:18+01:00,6.515989293,3.393826721,17.0,18.0,19.0,27.066,86.538,True,True,1.342
28,2026-09-26 08:24:19+01:00,6.515999528,3.393814431,16.0,17.0,18.0,27.066,86.538,True,True,1.772
28,2026-09-26 08:24:20+01:00,6.516008933,3.393808856,16.0,17.0,18.0,27.066,86.538,True,True,1.214
28,2026-09-26 08:24:21+01:00,6.516020335,3.393797253,15.0,16.0,17.0,27.066,86.538,True,True,1.803
28,2026-09-26 08:24:22+01:00,6.516031641,3.393789777,16.0,17.0,18.0,27.066,86.538,True,True,1.504
28,2026-09-26 08:24:23+01:00,6.516041779,3.393781338,16.0,17.0,18.0,27.066,86.538,True,True,1.463
28,2026-09-26 08:24:24+01:00,6.516052046,3.393769254,16.0,17.0,18.0,27.066,86.538,True,True,1.757
28,2026-09-26 08:24:25+01:00,6.516065277,3.393761149,17.0,18.0,19.0,27.066,86.538,True,True,1.722
28,2026-09-26 08:24:26+01:00,6.516077871,3.393756638,16.0,17.0,18.0,27.066,86.538,True,True,1.486
28,2026-09-26 08:24:27+01:00,6.516089557,3.393744253,16.0,17.0,18.0,27.066,86.538,True,True,1.887
28,2026-09-26 08:24:28+01:00,6.516102973,3.393740518,17.0,18.0,19.0,27.066,86.538,True,True,1.548
28,2026-09-26 08:24:29+01:00,6.516117571,3.393734922,17.0,18.0,19.0,27.066,86.538,True,True,1.737
28,2026-09-26 08:24:30+01:00,6.516128754,3.393730553,17.0,18.0,19.0,27.066,86.538,True,True,1.334
28,2026-09-26 08:24:31+01:00,6.516143367,3.393727463,17.0,18.0,19.0,27.066,86.538,True,True,1.66
28,2026-09-26 08:24:32+01:00,6.516156302,3.393723707,17.0,18.0,19.0,27.066,85.998,True,True,1.497
28,2026-09-26 08:24:33+01:00,6.516168954,3.393721951,17.0,18.0,19.0,27.066,85.998,True,True,1.42
28,2026-09-26 08:24:34+01:00,6.516180993,3.393719394,17.0,18.0,19.0,27.066,85.998,True,True,1.368
28,2026-09-26 08:24:35+01:00,6.516192577,3.393718433,17.0,18.0,19.0,27.066,85.998,True,True,1.292
28,2026-09-26 08:24:36+01:00,6.516207642,3.393720284,16.0,17.0,18.0,27.066,85.998,True,True,1.688
28,2026-09-26 08:24:37+01:00,6.516224073,3.39372135,16.0,17.0,18.0,27.066,85.998,True,True,1.831
28,2026-09-26 08:24:38+01:00,6.516234922,3.393722977,17.0,18.0,19.0,27.066,85.998,True,True,1.22
28,2026-09-26 08:24:39+01:00,6.516245271,3.39372644,17.0,18.0,19.0,27.066,85.998,True,True,1.213
28,2026-09-26 08:24:40+01:00,6.516259641,3.393727569,18.0,20.0,21.0,27.066,85.998,True,True,1.603
28,2026-09-26 08:24:41+01:00,6.516271393,3.393730619,18.0,20.0,21.0,27.066,85.998,True,True,1.35
28,2026-09-26 08:24:42+01:00,6.516286384,3.393735418,18.0,20.0,21.0,27.066,85.998,True,True,1.749
28,2026-09-26 08:24:43+01:00,6.516299307,3.393738783,18.0,20.0,21.0,27.066,85.998,True,True,1.484
28,2026-09-26 08:24:44+01:00,6.516310715,3.393742592,18.0,20.0,21.0,27.066,85.998,True,True,1.336
28,2026-09-26 08:24:45+01:00,6.516322672,3.39374642,18.0,20.0,21.0,27.066,85.998,True,True,1.395
28,2026-09-26 08:24:46+01:00,6.516333771,3.393755283,18.0,20.0,21.0,27.066,85.998,True,True,1.575
28,2026-09-26 08:24:47+01:00,6.516343982,3.393763186,18.0,20.0,21.0,27.066,85.998,True,True,1.432
28,2026-09-26 08:24:48+01:00,6.516353852,3.393772091,18.0,20.0,21.0,27.066,85.998,True,True,1.474
28,2026-09-26 08:24:49+01:00,6.516365398,3.393779264,18.0,20.0,21.0,27.066,85.998,True,True,1.509
28,2026-09-26 08:24:50+01:00,6.51637873,3.393784748,17.0,18.0,19.0,27.066,85.998,True,True,1.601
28,2026-09-26 08:24:51+01:00,6.516390962,3.39379284,17.0,18.0,19.0,27.066,85.998,True,True,1.628
28,2026-09-26 08:24:52+01:00,6.516402617,3.393800165,17.0,18.0,19.0,27.066,85.998,True,True,1.528
28,2026-09-26 08:24:53+01:00,6.516412519,3.393808137,17.0,18.0,19.0,27.066,85.998,True,True,1.41
28,2026-09-26 08:24:54+01:00,6.516421411,3.393818286,16.0,17.0,18.0,27.066,85.998,True,True,1.495
28,2026-09-26 08:24:55+01:00,6.516433612,3.393827934,16.0,17.0,18.0,27.066,85.998,True,True,1.725
28,2026-09-26 08:24:56+01:00,6.51644306,3.393837901,16.0,17.0,18.0,27.066,85.998,True,True,1.522
28,2026-09-26 08:24:57+01:00,6.51645274,3.39384688,16.0,17.0,18.0,27.066,85.998,True,True,1.464
28,2026-09-26 08:24:58+01:00,6.516462773,3.393857068,16.0,17.0,18.0,27.066,85.998,True,True,1.585
28,2026-09-26 08:24:59+01:00,6.51647334,3.393866502,16.0,17.0,18.0,27.066,85.998,True,True,1.571
28,2026-09-26 08:25:00+01:00,6.516483747,3.393877109,16.0,17.0,18.0,27.066,85.998,True,True,1.647
28,2026-09-26 08:25:01+01:00,6.51649569,3.393886679,16.0,17.0,18.0,27.066,85.998,True,True,1.697
28,2026-09-26 08:25:02+01:00,6.516507538,3.39389597,16.0,17.0,18.0,27.066,85.998,True,True,1.67
28,2026-09-26 08:25:03+01:00,6.516516305,3.393906447,15.0,16.0,17.0,27.066,85.998,True,True,1.513
28,2026-09-26 08:25:04+01:00,6.516525935,3.393916872,15.0,16.0,17.0,27.066,85.998,True,True,1.573
28,2026-09-26 08:25:05+01:00,6.516536685,3.393926054,15.0,16.0,17.0,27.066,85.998,True,True,1.568
28,2026-09-26 08:25:06+01:00,6.51654861,3.393933869,15.0,16.0,17.0,27.066,85.998,True,True,1.582
28,2026-09-26 08:25:07+01:00,6.516557714,3.393944265,15.0,16.0,17.0,27.066,85.998,True,True,1.531
28,2026-09-26 08:25:08+01:00,6.516567182,3.393952635,16.0,17.0,18.0,27.066,85.998,True,True,1.401
28,2026-09-26 08:25:09+01:00,6.516575624,3.393961105,16.0,17.0,18.0,27.066,85.998,True,True,1.325
28,2026-09-26 08:25:10+01:00,6.516585388,3.393969573,16.0,17.0,18.0,27.066,85.998,True,True,1.433
28,2026-09-26 08:25:11+01:00,6.516596891,3.393978774,16.0,17.0,18.0,27.066,85.998,True,True,1.634
28,2026-09-26 08:25:12+01:00,6.51660844,3.393988515,16.0,17.0,18.0,27.066,85.998,True,True,1.675
28,2026-09-26 08:25:13+01:00,6.516620604,3.393997865,16.0,17.0,18.0,27.066,85.998,True,True,1.702
28,2026-09-26 08:25:14+01:00,6.51662991,3.394006626,16.0,17.0,18.0,27.066,85.998,True,True,1.417
28,2026-09-26 08:25:15+01:00,6.516640538,3.394016891,17.0,18.0,19.0,27.066,85.998,True,True,1.638
28,2026-09-26 08:25:16+01:00,6.51665186,3.394026032,17.0,18.0,19.0,27.066,85.998,True,True,1.614
28,2026-09-26 08:25:17+01:00,6.516662754,3.394036372,17.0,18.0,19.0,27.066,85.998,True,True,1.665
28,2026-09-26 08:25:18+01:00,6.516671779,3.394046347,17.0,19.0,20.0,27.066,85.998,True,True,1.49
28,2026-09-26 08:25:19+01:00,6.516680404,3.394056345,18.0,20.0,21.0,27.066,85.998,True,True,1.463
28,2026-09-26 08:25:20+01:00,6.516692008,3.394064356,18.0,20.0,21.0,27.066,85.998,True,True,1.565
28,2026-09-26 08:25:21+01:00,6.516700124,3.39407483,18.0,20.0,21.0,27.066,85.998,True,True,1.467
28,2026-09-26 08:25:22+01:00,6.516708238,3.394085342,19.0,21.0,22.0,27.066,85.998,True,True,1.471
28,2026-09-26 08:25:23+01:00,6.51671853,3.394094447,19.0,21.0,22.0,27.066,85.998,True,True,1.524
28,2026-09-26 08:25:24+01:00,6.516727856,3.394103394,20.0,22.0,25.0,27.066,85.998,True,True,1.433
28,2026-09-26 08:25:25+01:00,6.516739782,3.394112487,20.0,22.0,25.0,27.066,85.998,True,True,1.664
28,2026-09-26 08:25:26+01:00,6.51674993,3.394120251,20.0,22.0,25.0,27.066,85.998,True,True,1.417
28,2026-09-26 08:25:27+01:00,6.516758994,3.394128949,20.0,22.0,25.0,27.066,85.998,True,True,1.393
28,2026-09-26 08:25:28+01:00,6.516767799,3.394137723,20.0,22.0,25.0,27.066,85.998,True,True,1.378
28,2026-09-26 08:25:29+01:00,6.516777462,3.394147576,20.0,22.0,25.0,27.066,85.998,True,True,1.53
28,2026-09-26 08:25:30+01:00,6.516785545,3.394158352,20.0,22.0,25.0,27.066,85.998,True,True,1.492
28,2026-09-26 08:25:31+01:00,6.516794167,3.394167715,20.0,22.0,25.0,27.066,85.998,True,True,1.41
28,2026-09-26 08:25:32+01:00,6.516804898,3.394175739,20.0,21.0,24.0,27.066,87.076,True,True,1.486
28,2026-09-26 08:25:33+01:00,6.516815587,3.394184888,19.0,21.0,22.0,27.066,87.076,True,True,1.56
28,2026-09-26 08:25:34+01:00,6.516825768,3.39419368,19.0,21.0,22.0,27.066,87.076,True,True,1.492
28,2026-09-26 08:25:35+01:00,6.516834478,3.394204099,19.0,21.0,22.0,27.066,87.076,True,True,1.504
28,2026-09-26 08:25:36+01:00,6.51684452,3.394213688,18.0,20.0,21.0,27.066,87.076,True,True,1.539
28,2026-09-26 08:25:37+01:00,6.516853463,3.394221479,18.0,20.0,21.0,27.066,87.076,True,True,1.315
28,2026-09-26 08:25:38+01:00,6.516857885,3.39422926,18.0,20.0,21.0,27.066,87.076,True,True,0.99
28,2026-09-26 08:25:39+01:00,6.51686643,3.394236269,17.0,19.0,20.0,27.066,87.076,True,True,1.226
28,2026-09-26 08:25:40+01:00,6.516873234,3.394243186,17.0,18.0,19.0,27.066,87.076,True,True,1.075
28,2026-09-26 08:25:41+01:00,6.516878626,3.394250548,17.0,18.0,19.0,27.066,87.076,True,True,1.01
28,2026-09-26 08:25:42+01:00,6.516887754,3.394259367,17.0,18.0,19.0,27.066,87.076,True,True,1.407
28,2026-09-26 08:25:43+01:00,6.516894682,3.394263341,17.0,18.0,19.0,27.066,87.076,True,True,0.887
28,2026-09-26 08:25:44+01:00,6.516902974,3.394266435,17.0,18.0,19.0,27.066,87.076,True,True,0.983
28,2026-09-26 08:25:45+01:00,6.516913905,3.394271347,17.0,18.0,19.0,27.066,87.076,True,True,1.331
28,2026-09-26 08:25:46+01:00,6.516921957,3.394275253,17.0,18.0,19.0,27.066,87.076,True,True,0.994
28,2026-09-26 08:25:47+01:00,6.516932326,3.394275371,17.0,18.0,19.0,27.066,87.076,True,True,1.153
28,2026-09-26 08:25:48+01:00,6.516941837,3.394277722,17.0,18.0,19.0,27.066,87.076,True,True,1.089
28,2026-09-26 08:25:49+01:00,6.516943435,3.394270334,17.0,18.0,19.0,27.066,87.076,True,True,0.835
28,2026-09-26 08:25:50+01:00,6.516944283,3.394267501,17.0,18.0,19.0,27.066,87.076,True,True,0.327
28,2026-09-26 08:25:51+01:00,6.516941992,3.394268333,17.0,18.0,19.0,27.066,87.076,True,True,0.271
28,2026-09-26 08:25:52+01:00,6.516944364,3.394267828,18.0,20.0,21.0,27.066,87.076,True,True,0.27
28,2026-09-26 08:25:53+01:00,6.516946831,3.394268727,18.0,20.0,21.0,27.066,87.076,True,True,0.292
28,2026-09-26 08:25:54+01:00,6.516944572,3.394265938,18.0,20.0,21.0,27.066,87.076,True,True,0.398
28,2026-09-26 08:25:55+01:00,6.516945002,3.394268624,18.0,20.0,21.0,27.066,87.076,True,True,0.301
28,2026-09-26 08:25:56+01:00,6.516944682,3.394269917,18.0,20.0,21.0,27.066,87.076,True,True,0.147
28,2026-09-26 08:25:57+01:00,6.516945155,3.394269382,18.0,20.0,21.0,27.066,87.076,True,True,0.079
28,2026-09-26 08:25:58+01:00,6.516945421,3.394271528,18.0,20.0,21.0,27.066,87.076,True,True,0.239
28,2026-09-26 08:25:59+01:00,6.516946542,3.39426923,18.0,20.0,21.0,27.066,87.076,True,True,0.283
28,2026-09-26 08:26:00+01:00,6.516947433,3.39426759,18.0,20.0,21.0,27.066,87.076,True,True,0.207
28,2026-09-26 08:26:01+01:00,6.516946077,3.394271489,18.0,20.0,21.0,27.066,87.076,True,True,0.456
28,2026-09-26 08:26:02+01:00,6.51694739,3.394277642,18.0,20.0,21.0,27.066,87.076,True,True,0.695
28,2026-09-26 08:26:03+01:00,6.516960467,3.394291307,18.0,20.0,21.0,27.066,87.076,True,True,2.096
28,2026-09-26 08:26:04+01:00,6.516965228,3.39430966,19.0,21.0,22.0,27.066,87.076,True,True,2.096
28,2026-09-26 08:26:05+01:00,6.516977282,3.394317465,19.0,21.0,22.0,27.066,87.076,True,True,1.594
28,2026-09-26 08:26:06+01:00,6.516989585,3.394328854,18.0,20.0,21.0,27.066,87.076,True,True,1.859
28,2026-09-26 08:26:07+01:00,6.516999812,3.394338843,18.0,20.0,21.0,27.066,87.076,True,True,1.585
28,2026-09-26 08:26:08+01:00,6.517010198,3.394350979,19.0,21.0,22.0,27.066,87.076,True,True,1.77
28,2026-09-26 08:26:09+01:00,6.517019298,3.394359388,17.0,18.0,19.0,27.066,87.076,True,True,1.374
28,2026-09-26 08:26:10+01:00,6.517029414,3.394366912,17.0,18.0,19.0,27.066,87.076,True,True,1.399
28,2026-09-26 08:26:11+01:00,6.517042741,3.394377248,17.0,18.0,19.0,27.066,87.076,True,True,1.871
28,2026-09-26 08:26:12+01:00,6.517050493,3.394388147,18.0,20.0,21.0,27.066,87.076,True,True,1.481
28,2026-09-26 08:26:13+01:00,6.517056473,3.394400815,19.0,21.0,22.0,27.066,87.076,True,True,1.549
28,2026-09-26 08:26:14+01:00,6.51705268,3.394417361,19.0,21.0,22.0,27.066,87.076,True,True,1.876
28,2026-09-26 08:26:15+01:00,6.517051942,3.394428227,19.0,21.0,22.0,27.066,87.076,True,True,1.203
28,2026-09-26 08:26:16+01:00,6.517055329,3.394433514,20.0,22.0,25.0,27.066,87.076,True,True,0.695
28,2026-09-26 08:26:17+01:00,6.517053701,3.394449175,20.0,22.0,25.0,27.066,87.076,True,True,1.74
28,2026-09-26 08:26:18+01:00,6.517051482,3.394461566,19.0,21.0,22.0,27.066,87.076,True,True,1.391
28,2026-09-26 08:26:19+01:00,6.517046501,3.394474437,19.0,21.0,22.0,27.066,87.076,True,True,1.526
28,2026-09-26 08:26:20+01:00,6.517047437,3.394493974,20.0,22.0,25.0,27.066,87.076,True,True,2.161
28,2026-09-26 08:26:21+01:00,6.517047153,3.39450203,20.0,21.0,24.0,27.066,87.076,True,True,0.891
28,2026-09-26 08:26:22+01:00,6.517044362,3.394512212,19.0,21.0,22.0,27.066,87.076,True,True,1.167
28,2026-09-26 08:26:23+01:00,6.517037619,3.394522719,18.0,20.0,21.0,27.066,87.076,True,True,1.382
28,2026-09-26 08:26:24+01:00,6.517033753,3.394532917,18.0,20.0,21.0,27.066,87.076,True,True,1.206
28,2026-09-26 08:26:25+01:00,6.517028481,3.394543198,18.0,20.0,21.0,27.066,87.076,True,True,1.278
28,2026-09-26 08:26:26+01:00,6.517028481,3.394543198,18.0,20.0,21.0,27.066,87.076,True,True,0.0
28,2026-09-26 08:26:27+01:00,6.517028481,3.394543198,19.0,21.0,22.0,27.066,87.076,True,True,0.0
28,2026-09-26 08:26:28+01:00,6.517028481,3.394543198,19.0,21.0,22.0,27.066,87.076,True,True,0.0
28,2026-09-26 08:26:29+01:00,6.517028481,3.394543198,19.0,21.0,22.0,27.066,87.076,True,True,0.0
28,2026-09-26 08:26:30+01:00,6.517028481,3.394543198,18.0,20.0,21.0,27.066,87.076,True,True,0.0
28,2026-09-26 08:26:31+01:00,6.517028481,3.394543198,18.0,20.0,21.0,27.066,87.076,True,True,0.0
28,2026-09-26 08:26:32+01:00,6.517028481,3.394543198,18.0,20.0,21.0,27.566,85.998,True,True,0.0
28,2026-09-26 08:26:33+01:00,6.517028481,3.394543198,18.0,20.0,21.0,27.566,85.998,True,True,0.0
28,2026-09-26 08:26:34+01:00,6.517028481,3.394543198,17.0,18.0,19.0,27.566,85.998,True,True,0.0
28,2026-09-26 08:26:35+01:00,6.517028481,3.394543198,17.0,18.0,19.0,27.566,85.998,True,True,0.0
28,2026-09-26 08:26:36+01:00,6.517028481,3.394543198,18.0,20.0,21.0,27.566,85.998,True,True,0.0
28,2026-09-26 08:26:37+01:00,6.517028481,3.394543198,18.0,20.0,21.0,27.566,85.998,True,True,0.0
28,2026-09-26 08:26:38+01:00,6.517028481,3.394543198,18.0,20.0,21.0,27.566,85.998,True,True,0.0
28,2026-09-26 08:26:39+01:00,6.517028481,3.394543198,19.0,21.0,22.0,27.566,85.998,True,True,0.0
28,2026-09-26 08:26:40+01:00,6.517028481,3.394543198,19.0,21.0,22.0,27.566,85.998,True,True,0.0
28,2026-09-26 08:26:41+01:00,6.517028481,3.394543198,18.0,20.0,21.0,27.566,85.998,True,True,0.0
28,2026-09-26 08:26:42+01:00,6.517028481,3.394543198,18.0,20.0,21.0,27.566,85.998,True,True,0.0
28,2026-09-26 08:26:43+01:00,6.517028481,3.394543198,18.0,20.0,21.0,27.566,85.998,True,True,0.0
28,2026-09-26 08:26:44+01:00,6.517028481,3.394543198,18.0,20.0,21.0,27.566,85.998,True,True,0.0
28,2026-09-26 08:26:45+01:00,6.517028481,3.394543198,18.0,20.0,21.0,27.566,85.998,True,True,0.0
28,2026-09-26 08:26:46+01:00,6.517028481,3.394543198,18.0,20.0,21.0,27.566,85.998,True,True,0.0
28,2026-09-26 08:26:47+01:00,6.517028481,3.394543198,18.0,20.0,21.0,27.566,85.998,True,True,0.0
28,2026-09-26 08:26:48+01:00,6.516818182,3.394671339,18.0,20.0,21.0,27.566,85.998,False,True,27.335
28,2026-09-26 08:26:49+01:00,6.51680073,3.394673438,18.0,20.0,21.0,27.566,85.998,True,True,1.954
28,2026-09-26 08:26:50+01:00,6.516785492,3.394672858,18.0,20.0,21.0,27.566,85.998,True,True,1.696
28,2026-09-26 08:26:51+01:00,6.516780947,3.394673288,18.0,20.0,21.0,27.566,85.998,True,True,0.508
28,2026-09-26 08:26:52+01:00,6.516768016,3.394670914,18.0,20.0,21.0,27.566,85.998,True,True,1.462
28,2026-09-26 08:26:53+01:00,6.516758179,3.394666134,16.0,17.0,18.0,27.566,85.998,True,True,1.215
28,2026-09-26 08:26:54+01:00,6.516745811,3.394663456,16.0,17.0,18.0,27.566,85.998,True,True,1.407
28,2026-09-26 08:26:55+01:00,6.51672856,3.394662158,16.0,17.0,18.0,27.566,85.998,True,True,1.924
28,2026-09-26 08:26:56+01:00,6.516717774,3.394663568,16.0,17.0,18.0,27.566,85.998,True,True,1.209
28,2026-09-26 08:26:57+01:00,6.5167054,3.39466404,15.0,16.0,17.0,27.566,85.998,True,True,1.377
28,2026-09-26 08:26:58+01:00,6.516693326,3.39466446,15.0,16.0,17.0,27.566,85.998,True,True,1.343
28,2026-09-26 08:26:59+01:00,6.516681973,3.394662429,15.0,16.0,17.0,27.566,85.998,True,True,1.282
28,2026-09-26 08:27:00+01:00,6.516667352,3.394664269,15.0,16.0,17.0,27.566,85.998,True,True,1.638
28,2026-09-26 08:27:01+01:00,6.516655277,3.394664021,15.0,16.0,17.0,27.566,85.998,True,True,1.343
28,2026-09-26 08:27:02+01:00,6.516641217,3.39466418,15.0,16.0,17.0,27.566,85.998,True,True,1.563
28,2026-09-26 08:27:03+01:00,6.516630937,3.394666001,15.0,16.0,17.0,27.566,85.998,True,True,1.161
28,2026-09-26 08:27:04+01:00,6.516616425,3.394665153,15.0,16.0,17.0,27.566,85.998,True,True,1.616
28,2026-09-26 08:27:05+01:00,6.5166062,3.394660787,15.0,16.0,17.0,27.566,85.998,True,True,1.235
28,2026-09-26 08:27:06+01:00,6.516591497,3.394658096,15.0,16.0,17.0,27.566,85.998,True,True,1.662
28,2026-09-26 08:27:07+01:00,6.516579051,3.394658011,15.0,16.0,17.0,27.566,85.998,True,True,1.384
28,2026-09-26 08:27:08+01:00,6.516568664,3.394655243,15.0,16.0,17.0,27.566,85.998,True,True,1.195
28,2026-09-26 08:27:09+01:00,6.516557403,3.394650844,15.0,16.0,17.0,27.566,85.998,True,True,1.343
28,2026-09-26 08:27:10+01:00,6.516546023,3.394642498,15.0,16.0,17.0,27.566,85.998,True,True,1.566
28,2026-09-26 08:27:11+01:00,6.516537437,3.394636546,16.0,17.0,18.0,27.566,85.998,True,True,1.159
28,2026-09-26 08:27:12+01:00,6.51652686,3.39463673,16.0,17.0,18.0,27.566,85.998,True,True,1.176
28,2026-09-26 08:27:13+01:00,6.516512634,3.394638745,16.0,17.0,18.0,27.566,85.998,True,True,1.597
28,2026-09-26 08:27:14+01:00,6.516502664,3.394641969,16.0,17.0,18.0,27.566,85.998,True,True,1.164
28,2026-09-26 08:27:15+01:00,6.516487129,3.394640369,16.0,17.0,18.0,27.566,85.998,True,True,1.736
28,2026-09-26 08:27:16+01:00,6.516469257,3.394642921,17.0,18.0,19.0,27.566,85.998,True,True,2.007
28,2026-09-26 08:27:17+01:00,6.516456886,3.394643624,17.0,18.0,19.0,27.566,85.998,True,True,1.378
28,2026-09-26 08:27:18+01:00,6.51644338,3.394642285,17.0,18.0,19.0,27.566,85.998,True,True,1.509
28,2026-09-26 08:27:19+01:00,6.516430059,3.394642712,17.0,18.0,19.0,27.566,85.998,True,True,1.482
28,2026-09-26 08:27:20+01:00,6.516415423,3.394645581,17.0,18.0,19.0,27.566,85.998,True,True,1.658
28,2026-09-26 08:27:21+01:00,6.516406393,3.394645725,18.0,20.0,21.0,27.566,85.998,True,True,1.004
28,2026-09-26 08:27:22+01:00,6.516397013,3.394645139,18.0,20.0,21.0,27.566,85.998,True,True,1.045
28,2026-09-26 08:27:23+01:00,6.516385512,3.394643572,17.0,18.0,19.0,27.566,85.998,True,True,1.291
28,2026-09-26 08:27:24+01:00,6.516370124,3.394643396,17.0,18.0,19.0,27.566,85.998,True,True,1.711
28,2026-09-26 08:27:25+01:00,6.516357265,3.394638947,17.0,18.0,19.0,27.566,85.998,True,True,1.512
28,2026-09-26 08:27:26+01:00,6.516346067,3.394639117,17.0,18.0,19.0,27.566,85.998,True,True,1.245
28,2026-09-26 08:27:27+01:00,6.516334906,3.394637813,17.0,18.0,19.0,27.566,85.998,True,True,1.249
28,2026-09-26 08:27:28+01:00,6.516325609,3.394640248,17.0,18.0,19.0,27.566,85.998,True,True,1.068
28,2026-09-26 08:27:29+01:00,6.516314315,3.394638935,17.0,18.0,19.0,27.566,85.998,True,True,1.264
28,2026-09-26 08:27:30+01:00,6.516305101,3.394641913,17.0,18.0,19.0,27.566,85.998,True,True,1.076
28,2026-09-26 08:27:31+01:00,6.516292893,3.394647833,17.0,18.0,19.0,27.566,85.998,True,True,1.507
28,2026-09-26 08:27:32+01:00,6.516279364,3.394653508,16.0,17.0,18.0,27.566,86.538,True,True,1.63
28,2026-09-26 08:27:33+01:00,6.516265769,3.394653009,16.0,17.0,18.0,27.566,86.538,True,True,1.513
28,2026-09-26 08:27:34+01:00,6.516253443,3.394653647,16.0,17.0,18.0,27.566,86.538,True,True,1.372
28,2026-09-26 08:27:35+01:00,6.5162424,3.394649727,16.0,17.0,18.0,27.566,86.538,True,True,1.302
28,2026-09-26 08:27:36+01:00,6.516229578,3.39464765,16.0,17.0,18.0,27.566,86.538,True,True,1.444
28,2026-09-26 08:27:37+01:00,6.516218974,3.394650552,16.0,17.0,18.0,27.566,86.538,True,True,1.222
28,2026-09-26 08:27:38+01:00,6.516206789,3.394643326,16.0,17.0,18.0,27.566,86.538,True,True,1.573
28,2026-09-26 08:27:39+01:00,6.516193684,3.39463724,16.0,17.0,18.0,27.566,86.538,True,True,1.605
28,2026-09-26 08:27:40+01:00,6.516182731,3.394632469,16.0,17.0,18.0,27.566,86.538,True,True,1.327
28,2026-09-26 08:27:41+01:00,6.516168564,3.394627694,16.0,17.0,18.0,27.566,86.538,True,True,1.661
28,2026-09-26 08:27:42+01:00,6.51615625,3.394627736,16.0,17.0,18.0,27.566,86.538,True,True,1.369
28,2026-09-26 08:27:43+01:00,6.5161478,3.394624852,16.0,17.0,18.0,27.566,86.538,True,True,0.992
28,2026-09-26 08:27:44+01:00,6.516136358,3.394626358,16.0,17.0,18.0,27.566,86.538,True,True,1.283
28,2026-09-26 08:27:45+01:00,6.516122847,3.394625034,16.0,17.0,18.0,27.566,86.538,True,True,1.509
28,2026-09-26 08:27:46+01:00,6.516108024,3.394622535,15.0,16.0,17.0,27.566,86.538,True,True,1.671
28,2026-09-26 08:27:47+01:00,6.51609597,3.394619442,15.0,16.0,17.0,27.566,86.538,True,True,1.383
28,2026-09-26 08:27:48+01:00,6.516086545,3.394621804,15.0,16.0,17.0,27.566,86.538,True,True,1.08
28,2026-09-26 08:27:49+01:00,6.516071901,3.394626232,15.0,16.0,17.0,27.566,86.538,True,True,1.7
28,2026-09-26 08:27:50+01:00,6.516053617,3.394632756,15.0,16.0,17.0,27.566,86.538,True,True,2.157
28,2026-09-26 08:27:51+01:00,6.516041024,3.394637552,16.0,17.0,18.0,27.566,86.538,True,True,1.497
28,2026-09-26 08:27:52+01:00,6.516029311,3.394644202,16.0,17.0,18.0,27.566,86.538,True,True,1.495
28,2026-09-26 08:27:53+01:00,6.516015447,3.394642096,15.0,16.0,17.0,27.566,86.538,True,True,1.559
28,2026-09-26 08:27:54+01:00,6.516001198,3.394637999,15.0,16.0,17.0,27.566,86.538,True,True,1.648
28,2026-09-26 08:27:55+01:00,6.515987633,3.394633695,15.0,16.0,17.0,27.566,86.538,True,True,1.582
28,2026-09-26 08:27:56+01:00,6.515977886,3.394623533,16.0,17.0,18.0,27.566,86.538,True,True,1.56
28,2026-09-26 08:27:57+01:00,6.515967369,3.394614319,16.0,17.0,18.0,27.566,86.538,True,True,1.55
28,2026-09-26 08:27:58+01:00,6.515956176,3.394601645,16.0,17.0,18.0,27.566,86.538,True,True,1.873
28,2026-09-26 08:27:59+01:00,6.515947278,3.394591365,16.0,17.0,18.0,27.566,86.538,True,True,1.506
28,2026-09-26 08:28:00+01:00,6.515939611,3.394581316,16.0,17.0,18.0,27.566,86.538,True,True,1.4
28,2026-09-26 08:28:01+01:00,6.515935015,3.394572784,16.0,17.0,18.0,27.566,86.538,True,True,1.072
28,2026-09-26 08:28:02+01:00,6.5159278,3.3945667,16.0,17.0,18.0,27.566,86.538,True,True,1.047
28,2026-09-26 08:28:03+01:00,6.515915648,3.394558082,16.0,17.0,18.0,27.566,86.538,True,True,1.653
28,2026-09-26 08:28:04+01:00,6.515903781,3.3945496,16.0,17.0,18.0,27.566,86.538,True,True,1.618
28,2026-09-26 08:28:05+01:00,6.515898244,3.39454414,16.0,17.0,18.0,27.566,86.538,True,True,0.862
28,2026-09-26 08:28:06+01:00,6.515889584,3.394529654,16.0,17.0,18.0,27.566,86.538,True,True,1.868
28,2026-09-26 08:28:07+01:00,6.515880429,3.394518012,16.0,17.0,18.0,27.566,86.538,True,True,1.64
28,2026-09-26 08:28:08+01:00,6.515872536,3.394510056,16.0,17.0,18.0,27.566,86.538,True,True,1.242
28,2026-09-26 08:28:09+01:00,6.515860165,3.394496584,16.0,17.0,18.0,27.566,86.538,True,True,2.027
28,2026-09-26 08:28:10+01:00,6.515853056,3.394484717,15.0,16.0,17.0,27.566,86.538,True,True,1.531
28,2026-09-26 08:28:11+01:00,6.515850213,3.394473288,15.0,16.0,17.0,27.566,86.538,True,True,1.302
28,2026-09-26 08:28:12+01:00,6.515850645,3.394459875,15.0,16.0,17.0,27.566,86.538,True,True,1.483
28,2026-09-26 08:28:13+01:00,6.515852753,3.394446558,15.0,16.0,17.0,27.566,86.538,True,True,1.49
28,2026-09-26 08:28:14+01:00,6.515854195,3.394432538,16.0,17.0,18.0,27.566,86.538,True,True,1.557
28,2026-09-26 08:28:15+01:00,6.515853537,3.3944216,16.0,17.0,18.0,27.566,86.538,True,True,1.211
28,2026-09-26 08:28:16+01:00,6.515855351,3.394410586,16.0,17.0,18.0,27.566,86.538,True,True,1.233
28,2026-09-26 08:28:17+01:00,6.515855342,3.39439704,16.0,17.0,18.0,27.566,86.538,True,True,1.497
28,2026-09-26 08:28:18+01:00,6.5158546,3.394387415,16.0,17.0,18.0,27.566,86.538,True,True,1.067
28,2026-09-26 08:28:19+01:00,6.515856058,3.394378651,15.0,16.0,17.0,27.566,86.538,True,True,0.982
28,2026-09-26 08:28:20+01:00,6.515855659,3.394366434,14.0,15.0,16.0,27.566,86.538,True,True,1.35
28,2026-09-26 08:28:21+01:00,6.515858114,3.394357676,15.0,16.0,17.0,27.566,86.538,True,True,1.005
28,2026-09-26 08:28:22+01:00,6.515858617,3.394344998,15.0,16.0,17.0,27.566,86.538,True,True,1.402
28,2026-09-26 08:28:23+01:00,6.515861009,3.394334387,15.0,16.0,17.0,27.566,86.538,True,True,1.202
28,2026-09-26 08:28:24+01:00,6.515862118,3.394327557,16.0,17.0,18.0,27.566,86.538,True,True,0.765
28,2026-09-26 08:28:25+01:00,6.515864801,3.394320643,16.0,17.0,18.0,27.566,86.538,True,True,0.82
28,2026-09-26 08:28:26+01:00,6.515868641,3.394304672,15.0,16.0,17.0,27.566,86.538,True,True,1.815
28,2026-09-26 08:28:27+01:00,6.515869272,3.394288644,15.0,16.0,17.0,27.566,86.538,True,True,1.772
28,2026-09-26 08:28:28+01:00,6.515871206,3.394275121,16.0,17.0,18.0,27.566,86.538,True,True,1.509
28,2026-09-26 08:28:29+01:00,6.515869611,3.394260266,16.0,17.0,18.0,27.566,86.538,True,True,1.651
28,2026-09-26 08:28:30+01:00,6.515869212,3.394247585,16.0,17.0,18.0,27.566,86.538,True,True,1.402
28,2026-09-26 08:28:31+01:00,6.515868402,3.394233793,15.0,16.0,17.0,27.566,86.538,True,True,1.526
28,2026-09-26 08:28:32+01:00,6.515869166,3.39422047,15.0,16.0,17.0,27.066,85.998,True,True,1.474
28,2026-09-26 08:28:33+01:00,6.515870233,3.394207366,15.0,16.0,17.0,27.066,85.998,True,True,1.453
28,2026-09-26 08:28:34+01:00,6.515873129,3.394194748,15.0,16.0,17.0,27.066,85.998,True,True,1.431
28,2026-09-26 08:28:35+01:00,6.515875914,3.394180759,15.0,16.0,17.0,27.066,85.998,True,True,1.576
28,2026-09-26 08:28:36+01:00,6.515871415,3.39416833,15.0,17.0,18.0,27.066,85.998,True,True,1.461
28,2026-09-26 08:28:37+01:00,6.515865651,3.394154144,16.0,17.0,18.0,27.066,85.998,True,True,1.693
28,2026-09-26 08:28:38+01:00,6.515864368,3.394143546,16.0,17.0,18.0,27.066,85.998,True,True,1.179
28,2026-09-26 08:28:39+01:00,6.515862319,3.394129305,16.0,17.0,18.0,27.066,85.998,True,True,1.59
28,2026-09-26 08:28:40+01:00,6.51586784,3.394121423,16.0,17.0,18.0,27.066,85.998,True,True,1.065
28,2026-09-26 08:28:41+01:00,6.515871578,3.39410857,16.0,17.0,18.0,27.066,85.998,True,True,1.48
28,2026-09-26 08:28:42+01:00,6.515873603,3.394101213,15.0,16.0,17.0,27.066,85.998,True,True,0.843
28,2026-09-26 08:28:43+01:00,6.515873873,3.394089243,16.0,17.0,18.0,27.066,85.998,True,True,1.323
28,2026-09-26 08:28:44+01:00,6.515877747,3.394076723,16.0,17.0,18.0,27.066,85.998,True,True,1.449
28,2026-09-26 08:28:45+01:00,6.515880074,3.394063167,16.0,17.0,18.0,27.066,85.998,True,True,1.52
28,2026-09-26 08:28:46+01:00,6.515883497,3.39405327,16.0,17.0,18.0,27.066,85.998,True,True,1.158
28,2026-09-26 08:28:47+01:00,6.51588899,3.394044931,16.0,17.0,18.0,27.066,85.998,True,True,1.105
28,2026-09-26 08:28:48+01:00,6.515891843,3.394035716,16.0,17.0,18.0,27.066,85.998,True,True,1.066
28,2026-09-26 08:28:49+01:00,6.51589463,3.394023131,16.0,17.0,18.0,27.066,85.998,True,True,1.424
28,2026-09-26 08:28:50+01:00,6.515895942,3.394008676,16.0,17.0,18.0,27.066,85.998,True,True,1.604
28,2026-09-26 08:28:51+01:00,6.515897095,3.394000532,16.0,17.0,18.0,27.066,85.998,True,True,0.909
28,2026-09-26 08:28:52+01:00,6.515898888,3.393987209,16.0,17.0,18.0,27.066,85.998,True,True,1.485
28,2026-09-26 08:28:53+01:00,6.515901449,3.393974297,16.0,17.0,18.0,27.066,85.998,True,True,1.455
28,2026-09-26 08:28:54+01:00,6.515903655,3.39396104,15.0,16.0,17.0,27.066,85.998,True,True,1.485
28,2026-09-26 08:28:55+01:00,6.51590634,3.393951638,15.0,16.0,17.0,27.066,85.998,True,True,1.081
28,2026-09-26 08:28:56+01:00,6.515911743,3.393940639,16.0,17.0,18.0,27.066,85.998,True,True,1.356
28,2026-09-26 08:28:57+01:00,6.515914319,3.393928005,16.0,17.0,18.0,27.066,85.998,True,True,1.425
28,2026-09-26 08:28:58+01:00,6.515921819,3.393916707,15.0,16.0,17.0,27.066,85.998,True,True,1.501
28,2026-09-26 08:28:59+01:00,6.51592593,3.393910037,15.0,16.0,17.0,27.066,85.998,True,True,0.867
28,2026-09-26 08:29:00+01:00,6.515932317,3.393900663,15.0,16.0,17.0,27.066,85.998,True,True,1.256
28,2026-09-26 08:29:01+01:00,6.515935659,3.393888338,15.0,16.0,17.0,27.066,85.998,True,True,1.411
28,2026-09-26 08:29:02+01:00,6.51593962,3.393876265,15.0,16.0,17.0,27.066,85.998,True,True,1.405
28,2026-09-26 08:29:03+01:00,6.515943233,3.393865122,15.0,16.0,17.0,27.066,85.998,True,True,1.295
28,2026-09-26 08:29:04+01:00,6.515946708,3.393855252,15.0,16.0,17.0,27.066,85.998,True,True,1.157
28,2026-09-26 08:29:05+01:00,6.51595423,3.393846402,15.0,16.0,17.0,27.066,85.998,True,True,1.287
28,2026-09-26 08:29:06+01:00,6.515962322,3.393838044,16.0,17.0,18.0,27.066,85.998,True,True,1.289
28,2026-09-26 08:29:07+01:00,6.51597217,3.393829914,16.0,17.0,18.0,27.066,85.998,True,True,1.416
28,2026-09-26 08:29:08+01:00,6.515982753,3.393822838,15.0,16.0,17.0,27.066,85.998,True,True,1.413
28,2026-09-26 08:29:09+01:00,6.515992487,3.393814603,15.0,16.0,17.0,27.066,85.998,True,True,1.414
28,2026-09-26 08:29:10+01:00,6.516000835,3.393807237,15.0,16.0,17.0,27.066,85.998,True,True,1.234
28,2026-09-26 08:29:11+01:00,6.516009224,3.393798684,15.0,16.0,17.0,27.066,85.998,True,True,1.328
28,2026-09-26 08:29:12+01:00,6.516020333,3.393788616,15.0,16.0,17.0,27.066,85.998,True,True,1.662
28,2026-09-26 08:29:13+01:00,6.516027635,3.393780628,15.0,16.0,17.0,27.066,85.998,True,True,1.199
28,2026-09-26 08:29:14+01:00,6.51603719,3.393773921,15.0,16.0,17.0,27.066,85.998,True,True,1.295
28,2026-09-26 08:29:15+01:00,6.516044224,3.39376988,14.0,15.0,16.0,27.066,85.998,True,True,0.901
28,2026-09-26 08:29:16+01:00,6.516055223,3.393765153,14.0,15.0,16.0,27.066,85.998,True,True,1.33
28,2026-09-26 08:29:17+01:00,6.516059602,3.393763781,14.0,15.0,16.0,27.066,85.998,True,True,0.51
28,2026-09-26 08:29:18+01:00,6.516062842,3.393758309,15.0,16.0,17.0,27.066,85.998,True,True,0.704
28,2026-09-26 08:29:19+01:00,6.516068856,3.39374727,16.0,17.0,18.0,27.066,85.998,True,True,1.391
28,2026-09-26 08:29:20+01:00,6.516078138,3.393735855,15.0,16.0,17.0,27.066,85.998,True,True,1.63
28,2026-09-26 08:29:21+01:00,6.516089871,3.393727994,15.0,16.0,17.0,27.066,85.998,True,True,1.567
28,2026-09-26 08:29:22+01:00,6.516099122,3.393720664,16.0,17.0,18.0,27.066,85.998,True,True,1.309
28,2026-09-26 08:29:23+01:00,6.516109282,3.393722812,16.0,17.0,18.0,27.066,85.998,True,True,1.154
28,2026-09-26 08:29:24+01:00,6.516123379,3.393720496,15.0,16.0,17.0,27.066,85.998,True,True,1.588
28,2026-09-26 08:29:25+01:00,6.516136482,3.393719749,15.0,16.0,17.0,27.066,85.998,True,True,1.459
28,2026-09-26 08:29:26+01:00,6.51614927,3.393717092,15.0,16.0,17.0,27.066,85.998,True,True,1.452
28,2026-09-26 08:29:27+01:00,6.516163725,3.393714312,15.0,16.0,17.0,27.066,85.998,True,True,1.636
28,2026-09-26 08:29:28+01:00,6.516179673,3.393712697,15.0,16.0,17.0,27.066,85.998,True,True,1.782
28,2026-09-26 08:29:29+01:00,6.516193252,3.39371441,16.0,17.0,18.0,27.066,85.998,True,True,1.522
28,2026-09-26 08:29:30+01:00,6.516205844,3.393708445,16.0,17.0,18.0,27.066,85.998,True,True,1.547
28,2026-09-26 08:29:31+01:00,6.516220863,3.393709139,16.0,17.0,18.0,27.066,85.998,True,True,1.672
28,2026-09-26 08:29:32+01:00,6.516236495,3.393712025,16.0,17.0,18.0,27.066,85.457,True,True,1.767
28,2026-09-26 08:29:33+01:00,6.516250536,3.393716695,16.0,17.0,18.0,27.066,85.457,True,True,1.644
28,2026-09-26 08:29:34+01:00,6.51626282,3.393718089,16.0,17.0,18.0,27.066,85.457,True,True,1.375
28,2026-09-26 08:29:35+01:00,6.516274023,3.393718514,16.0,17.0,18.0,27.066,85.457,True,True,1.247
28,2026-09-26 08:29:36+01:00,6.516285069,3.393722537,16.0,17.0,18.0,27.066,85.457,True,True,1.306
28,2026-09-26 08:29:37+01:00,6.516295218,3.393725362,16.0,17.0,18.0,27.066,85.457,True,True,1.171
28,2026-09-26 08:29:38+01:00,6.51630233,3.393730377,16.0,17.0,18.0,27.066,85.457,True,True,0.966
28,2026-09-26 08:29:39+01:00,6.516312699,3.393732723,15.0,17.0,18.0,27.066,85.457,True,True,1.182
28,2026-09-26 08:29:40+01:00,6.516326126,3.393735602,15.0,16.0,17.0,27.066,85.457,True,True,1.527
28,2026-09-26 08:29:41+01:00,6.516337134,3.39373968,16.0,17.0,18.0,27.066,85.457,True,True,1.304
28,2026-09-26 08:29:42+01:00,6.516347239,3.393742037,16.0,17.0,18.0,27.066,85.457,True,True,1.153
28,2026-09-26 08:29:43+01:00,6.516357136,3.39374939,16.0,17.0,18.0,27.066,85.457,True,True,1.368
28,2026-09-26 08:29:44+01:00,6.516370532,3.393757875,16.0,17.0,18.0,27.066,85.457,True,True,1.76
28,2026-09-26 08:29:45+01:00,6.51638015,3.3937665,16.0,17.0,18.0,27.066,85.457,True,True,1.432
28,2026-09-26 08:29:46+01:00,6.516388233,3.393773015,16.0,17.0,18.0,27.066,85.457,True,True,1.151
28,2026-09-26 08:29:47+01:00,6.516398258,3.393779,16.0,17.0,18.0,27.066,85.457,True,True,1.296
28,2026-09-26 08:29:48+01:00,6.516406142,3.393788582,16.0,17.0,18.0,27.066,85.457,True,True,1.374
28,2026-09-26 08:29:49+01:00,6.516414199,3.393797795,16.0,17.0,18.0,27.066,85.457,True,True,1.356
28,2026-09-26 08:29:50+01:00,6.516425563,3.393805045,16.0,17.0,18.0,27.066,85.457,True,True,1.496
28,2026-09-26 08:29:51+01:00,6.516436353,3.393813734,16.0,17.0,18.0,27.066,85.457,True,True,1.537
28,2026-09-26 08:29:52+01:00,6.516448124,3.393816843,16.0,17.0,18.0,27.066,85.457,True,True,1.353
28,2026-09-26 08:29:53+01:00,6.516458568,3.393826417,16.0,17.0,18.0,27.066,85.457,True,True,1.571
28,2026-09-26 08:29:54+01:00,6.516468708,3.393832346,16.0,17.0,18.0,27.066,85.457,True,True,1.304
28,2026-09-26 08:29:55+01:00,6.516477899,3.393839905,16.0,17.0,18.0,27.066,85.457,True,True,1.32
28,2026-09-26 08:29:56+01:00,6.516486954,3.393845643,16.0,17.0,18.0,27.066,85.457,True,True,1.19
28,2026-09-26 08:29:57+01:00,6.516493651,3.393851413,16.0,17.0,18.0,27.066,85.457,True,True,0.98
28,2026-09-26 08:29:58+01:00,6.516501909,3.393858711,16.0,17.0,18.0,27.066,85.457,True,True,1.222
28,2026-09-26 08:29:59+01:00,6.516508978,3.393865631,16.0,17.0,18.0,27.066,85.457,True,True,1.096
28,2026-09-26 08:30:00+01:00,6.516517066,3.3938719,16.0,17.0,18.0,27.066,85.457,True,True,1.135
28,2026-09-26 08:30:01+01:00,6.516530126,3.393879492,16.0,17.0,18.0,27.066,85.457,True,True,1.677
28,2026-09-26 08:30:02+01:00,6.516536224,3.393889408,16.0,17.0,18.0,27.066,85.457,True,True,1.288
28,2026-09-26 08:30:03+01:00,6.516544938,3.393895162,16.0,17.0,18.0,27.066,85.457,True,True,1.159
28,2026-09-26 08:30:04+01:00,6.516553382,3.393904305,16.0,17.0,18.0,27.066,85.457,True,True,1.379
28,2026-09-26 08:30:05+01:00,6.516561537,3.393909884,16.0,17.0,18.0,27.066,85.457,True,True,1.096
28,2026-09-26 08:30:06+01:00,6.516568947,3.393919117,15.0,16.0,17.0,27.066,85.457,True,True,1.311
28,2026-09-26 08:30:07+01:00,6.516576779,3.393928095,14.0,15.0,16.0,27.066,85.457,True,True,1.32
28,2026-09-26 08:30:08+01:00,6.516585703,3.393937154,16.0,17.0,18.0,27.066,85.457,True,True,1.409
28,2026-09-26 08:30:09+01:00,6.516593639,3.393945995,17.0,18.0,19.0,27.066,85.457,True,True,1.316
28,2026-09-26 08:30:10+01:00,6.516605648,3.393954202,17.0,18.0,19.0,27.066,85.457,True,True,1.614
28,2026-09-26 08:30:11+01:00,6.516608593,3.393961393,17.0,18.0,19.0,27.066,85.457,True,True,0.859
28,2026-09-26 08:30:12+01:00,6.516615244,3.393970452,17.0,18.0,19.0,27.066,85.457,True,True,1.244
28,2026-09-26 08:30:13+01:00,6.516625682,3.393978046,17.0,18.0,19.0,27.066,85.457,True,True,1.432
28,2026-09-26 08:30:14+01:00,6.51663354,3.393987955,17.0,18.0,19.0,27.066,85.457,True,True,1.401
28,2026-09-26 08:30:15+01:00,6.516644587,3.394000686,17.0,18.0,19.0,27.066,85.457,True,True,1.867
28,2026-09-26 08:30:16+01:00,6.516648457,3.394008972,17.0,18.0,19.0,27.066,85.457,True,True,1.012
28,2026-09-26 08:30:17+01:00,6.516655732,3.394017971,17.0,18.0,19.0,27.066,85.457,True,True,1.282
28,2026-09-26 08:30:18+01:00,6.516660675,3.394028734,17.0,18.0,19.0,27.066,85.457,True,True,1.31
28,2026-09-26 08:30:19+01:00,6.516667624,3.394039668,17.0,18.0,19.0,27.066,85.457,True,True,1.434
28,2026-09-26 08:30:20+01:00,6.516674503,3.394049895,16.0,17.0,18.0,27.066,85.457,True,True,1.364
28,2026-09-26 08:30:21+01:00,6.51667786,3.394058825,16.0,17.0,18.0,27.066,85.457,True,True,1.055
28,2026-09-26 08:30:22+01:00,6.516683747,3.39407017,17.0,18.0,19.0,27.066,85.457,True,True,1.414
28,2026-09-26 08:30:23+01:00,6.516691214,3.394078925,18.0,20.0,21.0,27.066,85.457,True,True,1.275
28,2026-09-26 08:30:24+01:00,6.516698597,3.394087177,18.0,20.0,21.0,27.066,85.457,True,True,1.227
28,2026-09-26 08:30:25+01:00,6.516707561,3.394093363,17.0,18.0,19.0,27.066,85.457,True,True,1.209
28,2026-09-26 08:30:26+01:00,6.516718658,3.394097045,17.0,18.0,19.0,27.066,85.457,True,True,1.299
28,2026-09-26 08:30:27+01:00,6.51672703,3.394104852,16.0,17.0,18.0,27.066,85.457,True,True,1.269
28,2026-09-26 08:30:28+01:00,6.516733761,3.394115776,16.0,17.0,18.0,27.066,85.457,True,True,1.42
28,2026-09-26 08:30:29+01:00,6.516743,3.394126386,16.0,17.0,18.0,27.066,85.457,True,True,1.559
28,2026-09-26 08:30:30+01:00,6.516748478,3.39413403,16.0,17.0,18.0,27.066,85.457,True,True,1.041
28,2026-09-26 08:30:31+01:00,6.516757034,3.394140702,16.0,17.0,18.0,27.066,85.457,True,True,1.204
28,2026-09-26 08:30:32+01:00,6.516765528,3.394147467,16.0,17.0,18.0,27.566,85.998,True,True,1.204
28,2026-09-26 08:30:33+01:00,6.516774747,3.394153315,16.0,17.0,18.0,27.566,85.998,True,True,1.212
28,2026-09-26 08:30:34+01:00,6.51678349,3.394159304,16.0,17.0,18.0,27.566,85.998,True,True,1.176
28,2026-09-26 08:30:35+01:00,6.516792232,3.394164466,16.0,17.0,18.0,27.566,85.998,True,True,1.127
28,2026-09-26 08:30:36+01:00,6.516800775,3.394168285,14.0,15.0,16.0,27.566,85.998,True,True,1.039
28,2026-09-26 08:30:37+01:00,6.516811575,3.394174605,14.0,15.0,16.0,27.566,85.998,True,True,1.389
28,2026-09-26 08:30:38+01:00,6.516819576,3.394181985,14.0,15.0,16.0,27.566,85.998,True,True,1.207
28,2026-09-26 08:30:39+01:00,6.5168282,3.394191728,14.0,15.0,16.0,27.566,85.998,True,True,1.442
28,2026-09-26 08:30:40+01:00,6.516835322,3.394200305,14.0,15.0,16.0,27.566,85.998,True,True,1.235
28,2026-09-26 08:30:41+01:00,6.51684188,3.394207362,13.0,14.0,14.0,27.566,85.998,True,True,1.068
28,2026-09-26 08:30:42+01:00,6.516850633,3.394214685,13.0,14.0,14.0,27.566,85.998,True,True,1.266
28,2026-09-26 08:30:43+01:00,6.516855982,3.394219328,13.0,14.0,14.0,27.566,85.998,True,True,0.785
28,2026-09-26 08:30:44+01:00,6.516863115,3.394228008,14.0,15.0,16.0,27.566,85.998,True,True,1.244
28,2026-09-26 08:30:45+01:00,6.516867801,3.394236091,14.0,15.0,16.0,27.566,85.998,True,True,1.034
28,2026-09-26 08:30:46+01:00,6.516878535,3.394244175,14.0,15.0,16.0,27.566,85.998,True,True,1.491
28,2026-09-26 08:30:47+01:00,6.516886607,3.394249459,14.0,15.0,16.0,27.566,85.998,True,True,1.071
28,2026-09-26 08:30:48+01:00,6.516896402,3.394257323,14.0,15.0,16.0,27.566,85.998,True,True,1.393
28,2026-09-26 08:30:49+01:00,6.516903208,3.394265515,14.0,15.0,16.0,27.566,85.998,True,True,1.18
28,2026-09-26 08:30:50+01:00,6.51691328,3.394275846,15.0,16.0,17.0,27.566,85.998,True,True,1.599
28,2026-09-26 08:30:51+01:00,6.516921863,3.3942831,16.0,17.0,18.0,27.566,85.998,True,True,1.246
28,2026-09-26 08:30:52+01:00,6.51692805,3.394289972,16.0,17.0,18.0,27.566,85.998,True,True,1.025
28,2026-09-26 08:30:53+01:00,6.516927023,3.394292349,16.0,17.0,18.0,27.566,85.998,True,True,0.286
28,2026-09-26 08:30:54+01:00,6.516928215,3.394289507,16.0,17.0,18.0,27.566,85.998,True,True,0.341
28,2026-09-26 08:30:55+01:00,6.516930875,3.394289474,15.0,16.0,17.0,27.566,85.998,True,True,0.296
28,2026-09-26 08:30:56+01:00,6.516933402,3.394289098,15.0,16.0,17.0,27.566,85.998,True,True,0.284
28,2026-09-26 08:30:57+01:00,6.516932859,3.394289613,16.0,17.0,18.0,27.566,85.998,True,True,0.083
28,2026-09-26 08:30:58+01:00,6.516930749,3.394292325,16.0,17.0,18.0,27.566,85.998,True,True,0.381
28,2026-09-26 08:30:59+01:00,6.516927953,3.394293518,16.0,17.0,18.0,27.566,85.998,True,True,0.338
28,2026-09-26 08:31:00+01:00,6.51692654,3.394292913,16.0,17.0,18.0,27.566,85.998,True,True,0.171
28,2026-09-26 08:31:01+01:00,6.516926508,3.394294087,16.0,17.0,18.0,27.566,85.998,True,True,0.13
28,2026-09-26 08:31:02+01:00,6.516927901,3.394294285,16.0,17.0,18.0,27.566,85.998,True,True,0.156
28,2026-09-26 08:31:03+01:00,6.516949098,3.39428425,16.0,17.0,18.0,27.566,85.998,True,True,2.605
28,2026-09-26 08:31:04+01:00,6.516942017,3.394284374,16.0,17.0,18.0,27.566,85.998,True,True,0.787
28,2026-09-26 08:31:05+01:00,6.516942017,3.394284374,16.0,17.0,18.0,27.566,85.998,True,True,0.0
28,2026-09-26 08:31:06+01:00,6.516942781,3.394287446,16.0,17.0,18.0,27.566,85.998,True,True,0.35
28,2026-09-26 08:31:07+01:00,6.516937938,3.394291647,16.0,17.0,18.0,27.566,85.998,True,True,0.711
28,2026-09-26 08:31:08+01:00,6.516936505,3.394292667,16.0,17.0,18.0,27.566,85.998,True,True,0.195
28,2026-09-26 08:31:09+01:00,6.516936505,3.394292667,15.0,16.0,17.0,27.566,85.998,True,True,0.0
28,2026-09-26 08:31:10+01:00,6.516931614,3.394294768,15.0,16.0,17.0,27.566,85.998,True,True,0.591
28,2026-09-26 08:31:11+01:00,6.516931614,3.394294768,15.0,17.0,18.0,27.566,85.998,True,True,0.0
28,2026-09-26 08:31:12+01:00,6.516942322,3.394295017,15.0,16.0,17.0,27.566,85.998,True,True,1.191
28,2026-09-26 08:31:13+01:00,6.516945858,3.394305394,15.0,16.0,17.0,27.566,85.998,True,True,1.212
28,2026-09-26 08:31:14+01:00,6.516951214,3.394312335,15.0,16.0,17.0,27.566,85.998,True,True,0.971
28,2026-09-26 08:31:15+01:00,6.516962589,3.394318097,15.0,16.0,17.0,27.566,85.998,True,True,1.416
28,2026-09-26 08:31:16+01:00,6.516971212,3.394327364,15.0,16.0,17.0,27.566,85.998,True,True,1.403
28,2026-09-26 08:31:17+01:00,6.516980021,3.394335483,15.0,16.0,17.0,27.566,85.998,True,True,1.328
28,2026-09-26 08:31:18+01:00,6.516987938,3.39434145,16.0,17.0,18.0,27.566,85.998,True,True,1.1
28,2026-09-26 08:31:19+01:00,6.516999186,3.394347525,16.0,17.0,18.0,27.566,85.998,True,True,1.419
28,2026-09-26 08:31:20+01:00,6.517009488,3.394357288,16.0,17.0,18.0,27.566,85.998,True,True,1.573
28,2026-09-26 08:31:21+01:00,6.517015438,3.394365801,16.0,17.0,18.0,27.566,85.998,True,True,1.15
28,2026-09-26 08:31:22+01:00,6.517022255,3.394375557,16.0,17.0,18.0,27.566,85.998,True,True,1.318
28,2026-09-26 08:31:23+01:00,6.517031015,3.394379999,15.0,16.0,17.0,27.566,85.998,True,True,1.091
28,2026-09-26 08:31:24+01:00,6.517041386,3.394387237,15.0,17.0,18.0,27.566,85.998,True,True,1.403
28,2026-09-26 08:31:25+01:00,6.517054399,3.394396583,16.0,17.0,18.0,27.566,85.998,True,True,1.778
28,2026-09-26 08:31:26+01:00,6.517060242,3.394407231,16.0,17.0,18.0,27.566,85.998,True,True,1.344
28,2026-09-26 08:31:27+01:00,6.517058207,3.394416979,16.0,17.0,18.0,27.566,85.998,True,True,1.1
28,2026-09-26 08:31:28+01:00,6.517056532,3.394429025,16.0,17.0,18.0,27.566,85.998,True,True,1.344
28,2026-09-26 08:31:29+01:00,6.517055586,3.394441675,16.0,17.0,18.0,27.566,85.998,True,True,1.401
28,2026-09-26 08:31:30+01:00,6.517056667,3.394453982,16.0,17.0,18.0,27.566,85.998,True,True,1.365
28,2026-09-26 08:31:31+01:00,6.517057006,3.394466755,16.0,17.0,18.0,27.566,85.998,True,True,1.412
28,2026-09-26 08:31:32+01:00,6.517055091,3.394479054,16.0,17.0,18.0,27.566,84.914,True,True,1.375
28,2026-09-26 08:31:33+01:00,6.517050248,3.394491938,17.0,18.0,19.0,27.566,84.914,True,True,1.522
28,2026-09-26 08:31:34+01:00,6.517047405,3.394504439,17.0,18.0,19.0,27.566,84.914,True,True,1.417
28,2026-09-26 08:31:35+01:00,6.517046217,3.394516329,17.0,18.0,19.0,27.566,84.914,True,True,1.32
28,2026-09-26 08:31:36+01:00,6.517045477,3.394528748,17.0,18.0,19.0,27.566,84.914,True,True,1.374
28,2026-09-26 08:31:37+01:00,6.517045348,3.394540701,16.0,17.0,18.0,27.566,84.914,True,True,1.321
28,2026-09-26 08:31:38+01:00,6.51704227,3.394551444,16.0,17.0,18.0,27.566,84.914,True,True,1.235
28,2026-09-26 08:31:39+01:00,6.517036039,3.394562099,16.0,17.0,18.0,27.566,84.914,True,True,1.366
28,2026-09-26 08:31:40+01:00,6.51703085,3.394574828,16.0,17.0,18.0,27.566,84.914,True,True,1.52
28,2026-09-26 08:31:41+01:00,6.517026513,3.394587288,16.0,17.0,18.0,27.566,84.914,True,True,1.459
28,2026-09-26 08:31:42+01:00,6.517020969,3.3945982,16.0,17.0,18.0,27.566,84.914,True,True,1.354
28,2026-09-26 08:31:43+01:00,6.517013624,3.39460767,16.0,17.0,18.0,27.566,84.914,True,True,1.327
28,2026-09-26 08:31:44+01:00,6.517006085,3.394617853,17.0,18.0,19.0,27.566,84.914,True,True,1.403
28,2026-09-26 08:31:45+01:00,6.516999491,3.394629263,16.0,18.0,19.0,27.566,84.914,True,True,1.458
28,2026-09-26 08:31:46+01:00,6.516993368,3.394638561,16.0,17.0,18.0,27.566,84.914,True,True,1.232
28,2026-09-26 08:31:48+01:00,6.516984279,3.394646957,16.0,17.0,18.0,27.566,84.914,True,True,0.686
28,2026-09-26 08:31:50+01:00,6.516966597,3.394665718,16.0,17.0,18.0,27.566,84.914,True,True,1.428
28,2026-09-26 08:31:52+01:00,6.516966597,3.394665718,16.0,17.0,18.0,27.566,84.914,True,True,0.0
28,2026-09-26 08:31:54+01:00,6.516966597,3.394665718,16.0,17.0,18.0,27.566,84.914,True,True,0.0
28,2026-09-26 08:31:56+01:00,6.516966597,3.394665718,16.0,17.0,18.0,27.566,84.914,True,True,0.0
28,2026-09-26 08:31:58+01:00,6.516966597,3.394665718,16.0,17.0,18.0,27.566,84.914,True,True,0.0
28,2026-09-26 08:31:59+01:00,6.516966597,3.394665718,16.0,17.0,18.0,27.566,84.914,True,True,0.0
28,2026-09-26 08:32:00+01:00,6.516835693,3.394691337,16.0,17.0,18.0,27.566,84.914,False,True,14.828
28,2026-09-26 08:32:01+01:00,6.516822633,3.394692435,16.0,17.0,18.0,27.566,84.914,True,True,1.457
28,2026-09-26 08:32:02+01:00,6.516822633,3.394692435,16.0,17.0,18.0,27.566,84.914,True,True,0.0
28,2026-09-26 08:32:03+01:00,6.516798229,3.394693023,16.0,17.0,18.0,27.566,84.914,True,True,2.714
28,2026-09-26 08:32:04+01:00,6.516785652,3.394691883,16.0,17.0,18.0,27.566,84.914,True,True,1.404
28,2026-09-26 08:32:05+01:00,6.516774656,3.394689433,16.0,17.0,18.0,27.566,84.914,True,True,1.252
28,2026-09-26 08:32:06+01:00,6.516774656,3.394689433,16.0,17.0,18.0,27.566,84.914,True,True,0.0
28,2026-09-26 08:32:07+01:00,6.516752165,3.394679925,16.0,17.0,18.0,27.566,84.914,True,True,2.713
28,2026-09-26 08:32:08+01:00,6.516739654,3.39467546,16.0,17.0,18.0,27.566,84.914,True,True,1.476
28,2026-09-26 08:32:09+01:00,6.51672847,3.394671771,16.0,17.0,18.0,27.566,84.914,True,True,1.309
28,2026-09-26 08:32:10+01:00,6.516714706,3.394670356,16.0,17.0,18.0,27.566,84.914,True,True,1.538
28,2026-09-26 08:32:11+01:00,6.516701994,3.394670844,16.0,17.0,18.0,27.566,84.914,True,True,1.415
28,2026-09-26 08:32:12+01:00,6.516688565,3.394670404,16.0,17.0,18.0,27.566,84.914,True,True,1.494
28,2026-09-26 08:32:13+01:00,6.516679065,3.394668701,17.0,18.0,19.0,27.566,84.914,True,True,1.073
28,2026-09-26 08:32:14+01:00,6.516666104,3.39466751,17.0,18.0,19.0,27.566,84.914,True,True,1.447
28,2026-09-26 08:32:15+01:00,6.516645283,3.394666478,17.0,18.0,19.0,27.566,84.914,True,True,2.318
28,2026-09-26 08:32:16+01:00,6.51663772,3.394665274,17.0,18.0,19.0,27.566,84.914,True,True,0.851
28,2026-09-26 08:32:17+01:00,6.516629533,3.394664052,17.0,18.0,19.0,27.566,84.914,True,True,0.92
28,2026-09-26 08:32:18+01:00,6.516618924,3.394661107,16.0,17.0,18.0,27.566,84.914,True,True,1.224
28,2026-09-26 08:32:19+01:00,6.516606588,3.394660823,16.0,17.0,18.0,27.566,84.914,True,True,1.372
28,2026-09-26 08:32:20+01:00,6.516593194,3.394655563,16.0,17.0,18.0,27.566,84.914,True,True,1.599
28,2026-09-26 08:32:21+01:00,6.516583917,3.394657132,16.0,17.0,18.0,27.566,84.914,True,True,1.046
28,2026-09-26 08:32:22+01:00,6.516574003,3.394655883,16.0,17.0,18.0,27.566,84.914,True,True,1.111
28,2026-09-26 08:32:23+01:00,6.516568439,3.394656887,15.0,16.0,17.0,27.566,84.914,True,True,0.629
28,2026-09-26 08:32:24+01:00,6.5165537,3.394654548,15.0,16.0,17.0,27.566,84.914,True,True,1.659
28,2026-09-26 08:32:25+01:00,6.516550706,3.394649121,16.0,17.0,18.0,27.566,84.914,True,True,0.686
28,2026-09-26 08:32:26+01:00,6.516539307,3.394649957,16.0,17.0,18.0,27.566,84.914,True,True,1.271
28,2026-09-26 08:32:27+01:00,6.516530825,3.394648671,17.0,18.0,19.0,27.566,84.914,True,True,0.954
28,2026-09-26 08:32:28+01:00,6.516519119,3.394648541,16.0,17.0,18.0,27.566,84.914,True,True,1.302
28,2026-09-26 08:32:29+01:00,6.516505246,3.394650519,16.0,17.0,18.0,27.566,84.914,True,True,1.558
28,2026-09-26 08:32:30+01:00,6.516497929,3.394649819,16.0,17.0,18.0,27.566,84.914,True,True,0.817
28,2026-09-26 08:32:31+01:00,6.51647676,3.394638093,16.0,17.0,18.0,27.566,84.914,True,True,2.687
28,2026-09-26 08:32:32+01:00,6.516465442,3.394634959,15.0,17.0,18.0,27.566,87.076,True,True,1.305
28,2026-09-26 08:32:33+01:00,6.516453782,3.394635394,15.0,16.0,17.0,27.566,87.076,True,True,1.297
28,2026-09-26 08:32:34+01:00,6.516442969,3.394635871,15.0,16.0,17.0,27.566,87.076,True,True,1.204
28,2026-09-26 08:32:35+01:00,6.516430966,3.394638158,16.0,17.0,18.0,27.566,87.076,True,True,1.358
28,2026-09-26 08:32:36+01:00,6.516421009,3.394640203,16.0,17.0,18.0,27.566,87.076,True,True,1.13
28,2026-09-26 08:32:37+01:00,6.516407557,3.394639836,16.0,17.0,18.0,27.566,87.076,True,True,1.496
28,2026-09-26 08:32:38+01:00,6.516393446,3.394638595,16.0,17.0,18.0,27.566,87.076,True,True,1.575
28,2026-09-26 08:32:39+01:00,6.516384363,3.394640687,17.0,18.0,19.0,27.566,87.076,True,True,1.036
28,2026-09-26 08:32:40+01:00,6.516368176,3.39464463,17.0,18.0,19.0,27.566,87.076,True,True,1.852
28,2026-09-26 08:32:41+01:00,6.516354846,3.394646587,17.0,18.0,19.0,27.566,87.076,True,True,1.498
28,2026-09-26 08:32:42+01:00,6.516344384,3.394650049,17.0,18.0,19.0,27.566,87.076,True,True,1.225
28,2026-09-26 08:32:43+01:00,6.516328038,3.394650087,17.0,18.0,19.0,27.566,87.076,True,True,1.818
28,2026-09-26 08:32:44+01:00,6.516318157,3.394649648,17.0,18.0,19.0,27.566,87.076,True,True,1.1
28,2026-09-26 08:32:45+01:00,6.516307546,3.394651797,17.0,18.0,19.0,27.566,87.076,True,True,1.204
28,2026-09-26 08:32:46+01:00,6.516299089,3.394648511,17.0,18.0,19.0,27.566,87.076,True,True,1.008
28,2026-09-26 08:32:47+01:00,6.51628912,3.394649804,16.0,18.0,19.0,27.566,87.076,True,True,1.118
28,2026-09-26 08:32:48+01:00,6.516277732,3.394650778,16.0,17.0,18.0,27.566,87.076,True,True,1.271
28,2026-09-26 08:32:49+01:00,6.516270174,3.394650593,16.0,17.0,18.0,27.566,87.076,True,True,0.841
28,2026-09-26 08:32:50+01:00,6.516262737,3.394649511,17.0,18.0,19.0,27.566,87.076,True,True,0.836
28,2026-09-26 08:32:51+01:00,6.516256164,3.394652595,17.0,18.0,19.0,27.566,87.076,True,True,0.806
28,2026-09-26 08:32:52+01:00,6.516249122,3.394653315,17.0,18.0,19.0,27.566,87.076,True,True,0.787
28,2026-09-26 08:32:53+01:00,6.516241342,3.394655069,16.0,17.0,18.0,27.566,87.076,True,True,0.887
28,2026-09-26 08:32:54+01:00,6.51623406,3.394654091,17.0,18.0,19.0,27.566,87.076,True,True,0.817
28,2026-09-26 08:32:55+01:00,6.51622792,3.394656536,17.0,18.0,19.0,27.566,87.076,True,True,0.734
28,2026-09-26 08:32:56+01:00,6.516222753,3.394658544,15.0,16.0,17.0,27.566,87.076,True,True,0.616
28,2026-09-26 08:32:57+01:00,6.516221779,3.394659811,15.0,16.0,17.0,27.566,87.076,True,True,0.177
28,2026-09-26 08:32:58+01:00,6.516217934,3.394662563,15.0,16.0,17.0,27.566,87.076,True,True,0.525
28,2026-09-26 08:32:59+01:00,6.516213847,3.394659203,15.0,16.0,17.0,27.566,87.076,True,True,0.587
28,2026-09-26 08:33:00+01:00,6.51621256,3.39465984,15.0,16.0,17.0,27.566,87.076,True,True,0.159
28,2026-09-26 08:33:01+01:00,6.516210654,3.394659657,13.0,14.0,14.0,27.566,87.076,True,True,0.213
28,2026-09-26 08:33:02+01:00,6.516212344,3.394657764,13.0,14.0,14.0,27.566,87.076,True,True,0.281
28,2026-09-26 08:33:03+01:00,6.516212932,3.394657186,13.0,14.0,14.0,27.566,87.076,True,True,0.091
28,2026-09-26 08:33:04+01:00,6.516213062,3.39465563,13.0,14.0,14.0,27.566,87.076,True,True,0.173
28,2026-09-26 08:33:05+01:00,6.516212576,3.394655286,14.0,15.0,16.0,27.566,87.076,True,True,0.066
28,2026-09-26 08:33:06+01:00,6.516213582,3.394654611,14.0,15.0,16.0,27.566,87.076,True,True,0.134
28,2026-09-26 08:33:07+01:00,6.516213201,3.394656187,14.0,15.0,16.0,27.566,87.076,True,True,0.179
28,2026-09-26 08:33:08+01:00,6.516201762,3.394653456,14.0,15.0,16.0,27.566,87.076,True,True,1.307
28,2026-09-26 08:33:09+01:00,6.516188634,3.394652864,14.0,15.0,16.0,27.566,87.076,True,True,1.461
28,2026-09-26 08:33:10+01:00,6.516177658,3.394652051,14.0,15.0,16.0,27.566,87.076,True,True,1.224
28,2026-09-26 08:33:11+01:00,6.516163411,3.394648533,13.0,14.0,14.0,27.566,87.076,True,True,1.631
28,2026-09-26 08:33:12+01:00,6.516152531,3.394645483,13.0,14.0,14.0,27.566,87.076,True,True,1.256
28,2026-09-26 08:33:13+01:00,6.516141633,3.394643849,13.0,14.0,15.0,27.566,87.076,True,True,1.225
28,2026-09-26 08:33:14+01:00,6.516133694,3.394645829,14.0,15.0,16.0,27.566,87.076,True,True,0.909
28,2026-09-26 08:33:15+01:00,6.516123536,3.394648334,14.0,15.0,16.0,27.566,87.076,True,True,1.163
28,2026-09-26 08:33:16+01:00,6.51611397,3.394649081,14.0,15.0,16.0,27.566,87.076,True,True,1.067
28,2026-09-26 08:33:17+01:00,6.516104462,3.394646646,14.0,15.0,16.0,27.566,87.076,True,True,1.091
28,2026-09-26 08:33:18+01:00,6.5160962,3.394645486,14.0,15.0,16.0,27.566,87.076,True,True,0.928
28,2026-09-26 08:33:19+01:00,6.516086446,3.394643147,15.0,16.0,17.0,27.566,87.076,True,True,1.115
28,2026-09-26 08:33:20+01:00,6.516076275,3.394640215,16.0,18.0,19.0,27.566,87.076,True,True,1.176
28,2026-09-26 08:33:21+01:00,6.516068798,3.394640898,17.0,18.0,19.0,27.566,87.076,True,True,0.835
28,2026-09-26 08:33:22+01:00,6.516056609,3.394639508,17.0,18.0,19.0,27.566,87.076,True,True,1.364
28,2026-09-26 08:33:23+01:00,6.516043789,3.39464415,17.0,18.0,19.0,27.566,87.076,True,True,1.515
28,2026-09-26 08:33:24+01:00,6.516033098,3.394642794,17.0,18.0,19.0,27.566,87.076,True,True,1.198
28,2026-09-26 08:33:25+01:00,6.516022074,3.394641094,17.0,18.0,19.0,27.566,87.076,True,True,1.24
28,2026-09-26 08:33:26+01:00,6.516008969,3.394638027,17.0,18.0,19.0,27.566,87.076,True,True,1.496
28,2026-09-26 08:33:27+01:00,6.515997036,3.394629783,17.0,18.0,19.0,27.566,87.076,True,True,1.609
28,2026-09-26 08:33:28+01:00,6.515988171,3.394623327,17.0,18.0,19.0,27.566,87.076,True,True,1.217
28,2026-09-26 08:33:29+01:00,6.515978191,3.394619203,17.0,18.0,19.0,27.566,87.076,True,True,1.2
28,2026-09-26 08:33:30+01:00,6.515969672,3.394613535,17.0,18.0,19.0,27.566,87.076,True,True,1.136
28,2026-09-26 08:33:31+01:00,6.515961748,3.394602925,17.0,18.0,19.0,27.566,87.076,True,True,1.466
28,2026-09-26 08:33:32+01:00,6.515955603,3.39459376,17.0,18.0,19.0,27.566,85.457,True,True,1.222
28,2026-09-26 08:33:33+01:00,6.515946648,3.394585801,18.0,20.0,21.0,27.566,85.457,True,True,1.328
28,2026-09-26 08:33:34+01:00,6.515937651,3.394577719,17.0,19.0,20.0,27.566,85.457,True,True,1.341
28,2026-09-26 08:33:35+01:00,6.515929768,3.39456782,17.0,18.0,19.0,27.566,85.457,True,True,1.402
28,2026-09-26 08:33:36+01:00,6.515922209,3.394557955,17.0,18.0,19.0,27.566,85.457,True,True,1.376
28,2026-09-26 08:33:37+01:00,6.515915934,3.394551936,17.0,18.0,19.0,27.566,85.457,True,True,0.964
28,2026-09-26 08:33:38+01:00,6.515907945,3.394543605,17.0,18.0,19.0,27.566,85.457,True,True,1.279
28,2026-09-26 08:33:39+01:00,6.515898191,3.39453566,17.0,18.0,19.0,27.566,85.457,True,True,1.395
28,2026-09-26 08:33:40+01:00,6.515891171,3.394525622,17.0,18.0,19.0,27.566,85.457,True,True,1.356
28,2026-09-26 08:33:41+01:00,6.51588593,3.394521855,17.0,18.0,19.0,27.566,85.457,True,True,0.716
28,2026-09-26 08:33:42+01:00,6.515889381,3.394513029,17.0,18.0,19.0,27.566,85.457,True,True,1.048
28,2026-09-26 08:33:43+01:00,6.515874249,3.394501798,17.0,18.0,19.0,27.566,85.457,True,True,2.091
28,2026-09-26 08:33:44+01:00,6.515866159,3.394495357,17.0,18.0,19.0,27.566,85.457,True,True,1.147
28,2026-09-26 08:33:45+01:00,6.515853846,3.394483707,18.0,20.0,21.0,27.566,85.457,True,True,1.879
28,2026-09-26 08:33:46+01:00,6.515847948,3.394481475,18.0,20.0,21.0,27.566,85.457,True,True,0.701
28,2026-09-26 08:33:47+01:00,6.515841616,3.394471503,18.0,20.0,21.0,27.566,85.457,True,True,1.307
28,2026-09-26 08:33:48+01:00,6.515838128,3.394459018,17.0,18.0,19.0,27.566,85.457,True,True,1.433
28,2026-09-26 08:33:49+01:00,6.515831414,3.394441035,17.0,18.0,19.0,27.566,85.457,True,True,2.122
28,2026-09-26 08:33:50+01:00,6.515830455,3.394424166,17.0,18.0,19.0,27.566,85.457,True,True,1.867
28,2026-09-26 08:33:51+01:00,6.515838517,3.394414666,17.0,18.0,19.0,27.566,85.457,True,True,1.38
28,2026-09-26 08:33:52+01:00,6.515839023,3.394401673,17.0,18.0,19.0,27.566,85.457,True,True,1.437
28,2026-09-26 08:33:53+01:00,6.515835366,3.394387682,17.0,18.0,19.0,27.566,85.457,True,True,1.598
28,2026-09-26 08:33:54+01:00,6.515831483,3.39437536,16.0,17.0,18.0,27.566,85.457,True,True,1.428
28,2026-09-26 08:33:55+01:00,6.515835313,3.394360274,16.0,17.0,18.0,27.566,85.457,True,True,1.72
28,2026-09-26 08:33:56+01:00,6.515836494,3.39434529,15.0,16.0,17.0,27.566,85.457,True,True,1.661
28,2026-09-26 08:33:57+01:00,6.515839476,3.394335997,14.0,15.0,16.0,27.566,85.457,True,True,1.079
28,2026-09-26 08:33:58+01:00,6.515834717,3.394322954,14.0,15.0,16.0,27.566,85.457,True,True,1.535
28,2026-09-26 08:33:59+01:00,6.515833109,3.39431201,14.0,15.0,16.0,27.566,85.457,True,True,1.222
28,2026-09-26 08:34:00+01:00,6.515828303,3.394301565,14.0,15.0,16.0,27.566,85.457,True,True,1.272
28,2026-09-26 08:34:01+01:00,6.515822865,3.394279419,14.0,15.0,16.0,27.566,85.457,True,True,2.52
28,2026-09-26 08:34:02+01:00,6.515823283,3.394274983,14.0,15.0,16.0,27.566,85.457,True,True,0.492
28,2026-09-26 08:34:03+01:00,6.515826183,3.394265154,14.0,15.0,16.0,27.566,85.457,True,True,1.133
28,2026-09-26 08:34:04+01:00,6.515828883,3.394248556,14.0,16.0,16.0,27.566,85.457,True,True,1.858
28,2026-09-26 08:34:05+01:00,6.515825773,3.394236183,15.0,16.0,17.0,27.566,85.457,True,True,1.41
28,2026-09-26 08:34:06+01:00,6.515824378,3.39422507,14.0,15.0,16.0,27.566,85.457,True,True,1.237
28,2026-09-26 08:34:07+01:00,6.51582391,3.394214471,14.0,15.0,16.0,27.566,85.457,True,True,1.172
28,2026-09-26 08:34:08+01:00,6.515827127,3.394202157,15.0,16.0,17.0,27.566,85.457,True,True,1.407
28,2026-09-26 08:34:09+01:00,6.515828644,3.394194785,15.0,16.0,17.0,27.566,85.457,True,True,0.832
28,2026-09-26 08:34:10+01:00,6.515825106,3.39418432,16.0,17.0,18.0,27.566,85.457,True,True,1.221
28,2026-09-26 08:34:11+01:00,6.515831306,3.394166608,16.0,18.0,19.0,27.566,85.457,True,True,2.075
28,2026-09-26 08:34:12+01:00,6.51583646,3.394157304,16.0,17.0,18.0,27.566,85.457,True,True,1.177
28,2026-09-26 08:34:13+01:00,6.51582831,3.394155384,16.0,17.0,18.0,27.566,85.457,True,True,0.931
28,2026-09-26 08:34:14+01:00,6.515828647,3.394143285,17.0,18.0,19.0,27.566,85.457,True,True,1.337
28,2026-09-26 08:34:15+01:00,6.515837674,3.3941284,17.0,18.0,19.0,27.566,85.457,True,True,1.927
28,2026-09-26 08:34:16+01:00,6.515853707,3.39412263,15.0,16.0,17.0,27.566,85.457,True,True,1.893
28,2026-09-26 08:34:17+01:00,6.515862756,3.394116772,15.0,16.0,17.0,27.566,85.457,True,True,1.196
28,2026-09-26 08:34:18+01:00,6.51587105,3.394104072,15.0,16.0,17.0,27.566,85.457,True,True,1.679
28,2026-09-26 08:34:19+01:00,6.515874546,3.394097012,16.0,17.0,18.0,27.566,85.457,True,True,0.871
28,2026-09-26 08:34:20+01:00,6.515876919,3.394077212,15.0,16.0,17.0,27.566,85.457,True,True,2.203
28,2026-09-26 08:34:21+01:00,6.515876511,3.394059002,15.0,16.0,17.0,27.566,85.457,True,True,2.012
28,2026-09-26 08:34:22+01:00,6.515885958,3.394039411,14.0,15.0,16.0,27.566,85.457,True,True,2.406
28,2026-09-26 08:34:23+01:00,6.515888729,3.394025894,14.0,15.0,16.0,27.566,85.457,True,True,1.525
28,2026-09-26 08:34:24+01:00,6.515888348,3.394014269,14.0,15.0,16.0,27.566,85.457,True,True,1.285
28,2026-09-26 08:34:25+01:00,6.515890519,3.394004651,14.0,15.0,16.0,27.566,85.457,True,True,1.09
28,2026-09-26 08:34:26+01:00,6.515891381,3.393982447,14.0,15.0,16.0,27.566,85.457,True,True,2.455
28,2026-09-26 08:34:27+01:00,6.515890441,3.393966839,13.0,14.0,15.0,27.566,85.457,True,True,1.727
28,2026-09-26 08:34:28+01:00,6.515899895,3.393954517,13.0,14.0,14.0,27.566,85.457,True,True,1.72
28,2026-09-26 08:34:29+01:00,6.515904634,3.39394654,14.0,15.0,16.0,27.566,85.457,True,True,1.027
28,2026-09-26 08:34:31+01:00,6.515910094,3.393916619,14.0,15.0,16.0,27.566,85.457,True,True,1.68
28,2026-09-26 08:34:32+01:00,6.515915212,3.393901783,14.0,15.0,16.0,27.566,85.998,True,True,1.735
28,2026-09-26 08:34:33+01:00,6.515918317,3.393894526,14.0,15.0,16.0,27.566,85.998,True,True,0.873
28,2026-09-26 08:34:34+01:00,6.515922476,3.393886103,14.0,15.0,16.0,27.566,85.998,True,True,1.039
28,2026-09-26 08:34:35+01:00,6.515929715,3.393874297,13.0,14.0,14.0,27.566,85.998,True,True,1.533
28,2026-09-26 08:34:37+01:00,6.515929932,3.393855113,14.0,15.0,16.0,27.566,85.998,True,True,1.06
28,2026-09-26 08:34:38+01:00,6.515939647,3.393844976,14.0,15.0,16.0,27.566,85.998,True,True,1.556
28,2026-09-26 08:34:40+01:00,6.515959843,3.393828667,14.0,15.0,16.0,27.566,85.998,True,True,1.44
28,2026-09-26 08:34:42+01:00,6.515976463,3.393809685,14.0,15.0,16.0,27.566,85.998,True,True,1.398
28,2026-09-26 08:34:44+01:00,6.516003104,3.393790147,14.0,15.0,16.0,27.566,85.998,True,True,1.833
28,2026-09-26 08:34:46+01:00,6.516021203,3.393778128,15.0,16.0,17.0,27.566,85.998,True,True,1.206
28,2026-09-26 08:34:48+01:00,6.516040847,3.393777643,15.0,16.0,17.0,27.566,85.998,True,True,1.092
28,2026-09-26 08:34:49+01:00,6.516051153,3.393766141,15.0,16.0,17.0,27.566,85.998,True,True,1.711
28,2026-09-26 08:34:50+01:00,6.51606081,3.393758144,15.0,16.0,17.0,27.566,85.998,True,True,1.391
28,2026-09-26 08:34:51+01:00,6.51607318,3.393753199,15.0,16.0,17.0,27.566,85.998,True,True,1.48
28,2026-09-26 08:34:53+01:00,6.516100468,3.393737989,16.0,17.0,18.0,27.566,85.998,True,True,1.734
28,2026-09-26 08:34:54+01:00,6.516116232,3.393734679,16.0,17.0,18.0,27.566,85.998,True,True,1.791
28,2026-09-26 08:34:55+01:00,6.516126936,3.393730132,16.0,17.0,18.0,27.566,85.998,True,True,1.292
28,2026-09-26 08:34:56+01:00,6.516126936,3.393730132,16.0,17.0,18.0,27.566,85.998,True,True,0.0
28,2026-09-26 08:34:57+01:00,6.516153545,3.393722873,16.0,17.0,18.0,27.566,85.998,True,True,3.066
28,2026-09-26 08:34:58+01:00,6.516165787,3.393722622,16.0,17.0,18.0,27.566,85.998,True,True,1.362
28,2026-09-26 08:34:59+01:00,6.516181744,3.393719234,16.0,17.0,18.0,27.566,85.998,True,True,1.813
28,2026-09-26 08:35:00+01:00,6.516181744,3.393719234,17.0,18.0,19.0,27.566,85.998,True,True,0.0
28,2026-09-26 08:35:01+01:00,6.516206205,3.393715537,17.0,18.0,19.0,27.566,85.998,True,True,2.75
28,2026-09-26 08:35:02+01:00,6.516217918,3.393712933,18.0,20.0,21.0,27.566,85.998,True,True,1.334
28,2026-09-26 08:35:03+01:00,6.51623036,3.393710718,17.0,18.0,19.0,27.566,85.998,True,True,1.405
28,2026-09-26 08:35:04+01:00,6.516241663,3.393714101,17.0,18.0,19.0,27.566,85.998,True,True,1.311
28,2026-09-26 08:35:05+01:00,6.516253504,3.393718814,17.0,18.0,19.0,27.566,85.998,True,True,1.416
28,2026-09-26 08:35:06+01:00,6.516263535,3.393716606,17.0,18.0,19.0,27.566,85.998,True,True,1.142
28,2026-09-26 08:35:07+01:00,6.516271865,3.393714706,17.0,18.0,19.0,27.566,85.998,True,True,0.95
28,2026-09-26 08:35:08+01:00,6.516281338,3.393711593,17.0,18.0,19.0,27.566,85.998,True,True,1.108
28,2026-09-26 08:35:09+01:00,6.516290988,3.393720349,17.0,18.0,19.0,27.566,85.998,True,True,1.445
28,2026-09-26 08:35:10+01:00,6.516303895,3.393724457,16.0,17.0,18.0,27.566,85.998,True,True,1.505
28,2026-09-26 08:35:11+01:00,6.51631896,3.393730542,16.0,17.0,18.0,27.566,85.998,True,True,1.805
28,2026-09-26 08:35:12+01:00,6.516329056,3.393731393,16.0,17.0,18.0,27.566,85.998,True,True,1.127
28,2026-09-26 08:35:13+01:00,6.516338828,3.39373491,15.0,16.0,17.0,27.566,85.998,True,True,1.154
28,2026-09-26 08:35:14+01:00,6.516354952,3.393743394,15.0,16.0,17.0,27.566,85.998,True,True,2.023
28,2026-09-26 08:35:15+01:00,6.516369828,3.393759944,15.0,16.0,17.0,27.566,85.998,True,True,2.466
28,2026-09-26 08:35:16+01:00,6.516383471,3.393764299,14.0,15.0,16.0,27.566,85.998,True,True,1.591
28,2026-09-26 08:35:17+01:00,6.516401333,3.393778139,13.0,14.0,14.0,27.566,85.998,True,True,2.507
28,2026-09-26 08:35:18+01:00,6.516417928,3.393784679,14.0,15.0,16.0,27.566,85.998,True,True,1.982
28,2026-09-26 08:35:19+01:00,6.516427729,3.393804301,14.0,15.0,16.0,27.566,85.998,True,True,2.426
28,2026-09-26 08:35:20+01:00,6.516444422,3.393808661,14.0,15.0,16.0,27.566,85.998,True,True,1.918
28,2026-09-26 08:35:21+01:00,6.516465576,3.393818532,14.0,15.0,16.0,27.566,85.998,True,True,2.593
28,2026-09-26 08:35:22+01:00,6.516478808,3.393830837,14.0,15.0,16.0,27.566,85.998,True,True,2.003
28,2026-09-26 08:35:23+01:00,6.516490734,3.393842137,14.0,15.0,16.0,27.566,85.998,True,True,1.821
28,2026-09-26 08:35:24+01:00,6.516511029,3.393857463,13.0,14.0,14.0,27.566,85.998,True,True,2.821
28,2026-09-26 08:35:25+01:00,6.516526789,3.393874637,13.0,14.0,14.0,27.566,85.998,True,True,2.583
28,2026-09-26 08:35:26+01:00,6.516537406,3.393886965,13.0,14.0,14.0,27.566,85.998,True,True,1.802
28,2026-09-26 08:35:27+01:00,6.5165474,3.39390096,13.0,14.0,14.0,27.566,85.998,True,True,1.904
28,2026-09-26 08:35:28+01:00,6.516577186,3.393920278,11.0,12.0,12.0,27.566,85.998,True,True,3.94
28,2026-09-26 08:35:29+01:00,6.516600879,3.393940847,11.0,12.0,12.0,27.566,85.998,True,True,3.479
28,2026-09-26 08:35:30+01:00,6.516612409,3.393961482,12.0,13.0,13.0,27.566,85.998,True,True,2.615
28,2026-09-26 08:35:31+01:00,6.516631511,3.393986895,12.0,13.0,13.0,27.566,85.998,True,True,3.52
28,2026-09-26 08:35:32+01:00,6.516658168,3.394005374,12.0,13.0,13.0,27.566,85.457,True,True,3.599
28,2026-09-26 08:35:33+01:00,6.516675935,3.39402552,12.0,13.0,13.0,27.566,85.457,True,True,2.976
28,2026-09-26 08:35:34+01:00,6.516694437,3.394049641,12.0,13.0,13.0,27.566,85.457,True,True,3.367
28,2026-09-26 08:35:35+01:00,6.516713126,3.394074961,11.0,12.0,12.0,27.566,85.457,True,True,3.485
28,2026-09-26 08:35:36+01:00,6.516735169,3.394083963,11.0,12.0,12.0,27.566,85.457,True,True,2.645
28,2026-09-26 08:35:37+01:00,6.516757046,3.39410074,11.0,12.0,12.0,27.566,85.457,True,True,3.058
28,2026-09-26 08:35:38+01:00,6.51677258,3.394112406,11.0,12.0,12.0,27.566,85.457,True,True,2.155
28,2026-09-26 08:35:39+01:00,6.516789691,3.394136316,11.0,12.0,12.0,27.566,85.457,True,True,3.255
28,2026-09-26 08:35:40+01:00,6.516810207,3.394154408,10.0,10.0,11.0,27.566,85.457,True,True,3.033
28,2026-09-26 08:35:41+01:00,6.516823889,3.394173917,10.0,10.0,11.0,27.566,85.457,True,True,2.638
28,2026-09-26 08:35:42+01:00,6.516843711,3.394185224,10.0,10.0,11.0,27.566,85.457,True,True,2.533
28,2026-09-26 08:35:43+01:00,6.516862104,3.394194483,10.0,10.0,11.0,27.566,85.457,True,True,2.287
28,2026-09-26 08:35:44+01:00,6.516871761,3.394207916,10.0,10.0,11.0,27.566,85.457,True,True,1.832
28,2026-09-26 08:35:45+01:00,6.516888858,3.394230661,12.0,13.0,13.0,27.566,85.457,True,True,3.151
28,2026-09-26 08:35:46+01:00,6.516894857,3.394234382,12.0,13.0,13.0,27.566,85.457,True,True,0.784
28,2026-09-26 08:35:47+01:00,6.516904857,3.394242863,12.0,13.0,13.0,27.566,85.457,True,True,1.454
28,2026-09-26 08:35:48+01:00,6.516911915,3.394259171,12.0,13.0,13.0,27.566,85.457,True,True,1.965
28,2026-09-26 08:35:49+01:00,6.516924782,3.394265986,12.0,13.0,13.0,27.566,85.457,True,True,1.617
28,2026-09-26 08:35:50+01:00,6.516927626,3.394266041,12.0,13.0,14.0,27.566,85.457,True,True,0.316
28,2026-09-26 08:35:51+01:00,6.516933616,3.394268635,13.0,14.0,14.0,27.566,85.457,True,True,0.725
28,2026-09-26 08:35:52+01:00,6.516936911,3.394274532,13.0,14.0,14.0,27.566,85.457,True,True,0.747
28,2026-09-26 08:35:53+01:00,6.516947515,3.394285833,13.0,14.0,14.0,27.566,85.457,True,True,1.717
28,2026-09-26 08:35:54+01:00,6.51694907,3.39428455,12.0,13.0,13.0,27.566,85.457,True,True,0.224
28,2026-09-26 08:35:55+01:00,6.516967176,3.394303088,12.0,13.0,13.0,27.566,85.457,True,True,2.872
28,2026-09-26 08:35:56+01:00,6.516981976,3.394317621,12.0,13.0,13.0,27.566,85.457,True,True,2.299
28,2026-09-26 08:35:57+01:00,6.516993584,3.394321799,12.0,13.0,13.0,27.566,85.457,True,True,1.371
28,2026-09-26 08:35:58+01:00,6.517000239,3.394332016,12.0,13.0,13.0,27.566,85.457,True,True,1.35
28,2026-09-26 08:35:59+01:00,6.51700964,3.394342088,12.0,13.0,13.0,27.566,85.457,True,True,1.527
28,2026-09-26 08:36:00+01:00,6.517017092,3.394352013,12.0,13.0,13.0,27.566,85.457,True,True,1.374
28,2026-09-26 08:36:01+01:00,6.5170292,3.39436341,13.0,14.0,14.0,27.566,85.457,True,True,1.843
28,2026-09-26 08:36:02+01:00,6.517038842,3.394372484,13.0,14.0,14.0,27.566,85.457,True,True,1.468
28,2026-09-26 08:36:03+01:00,6.517048178,3.39438429,12.0,13.0,13.0,27.566,85.457,True,True,1.667
28,2026-09-26 08:36:04+01:00,6.517056715,3.394394288,12.0,13.0,13.0,27.566,85.457,True,True,1.456
28,2026-09-26 08:36:05+01:00,6.517061953,3.394405421,12.0,13.0,13.0,27.566,85.457,True,True,1.361
28,2026-09-26 08:36:06+01:00,6.517077633,3.394407641,12.0,13.0,13.0,27.566,85.457,True,True,1.761
28,2026-09-26 08:36:07+01:00,6.517080471,3.394424477,12.0,13.0,13.0,27.566,85.457,True,True,1.887
28,2026-09-26 08:36:08+01:00,6.517071391,3.394437443,12.0,13.0,13.0,27.566,85.457,True,True,1.753
28,2026-09-26 08:36:09+01:00,6.517069755,3.394441308,12.0,13.0,13.0,27.566,85.457,True,True,0.464
28,2026-09-26 08:36:10+01:00,6.517071172,3.39443643,12.0,13.0,13.0,27.566,85.457,True,True,0.561
28,2026-09-26 08:36:11+01:00,6.517074898,3.394436935,11.0,12.0,12.0,27.566,85.457,True,True,0.418
28,2026-09-26 08:36:12+01:00,6.517074898,3.394436935,11.0,12.0,12.0,27.566,85.457,True,True,0.0
28,2026-09-26 08:36:13+01:00,6.517074898,3.394436935,11.0,12.0,12.0,27.566,85.457,True,True,0.0
28,2026-09-26 08:36:14+01:00,6.517074898,3.394436935,11.0,12.0,12.0,27.566,85.457,True,True,0.0
28,2026-09-26 08:36:15+01:00,6.517074898,3.394436935,12.0,13.0,13.0,27.566,85.457,True,True,0.0
28,2026-09-26 08:36:16+01:00,6.517068513,3.394433544,12.0,13.0,13.0,27.566,85.457,True,True,0.803
28,2026-09-26 08:36:17+01:00,6.517066502,3.394428796,12.0,13.0,13.0,27.566,85.457,True,True,0.57
28,2026-09-26 08:36:18+01:00,6.517064635,3.394431042,12.0,13.0,13.0,27.566,85.457,True,True,0.324
28,2026-09-26 08:36:19+01:00,6.517063436,3.39443233,12.0,13.0,13.0,27.566,85.457,True,True,0.195
28,2026-09-26 08:36:20+01:00,6.51706773,3.394428853,14.0,15.0,16.0,27.566,85.457,True,True,0.613
28,2026-09-26 08:36:21+01:00,6.517074746,3.394424335,14.0,15.0,16.0,27.566,85.457,True,True,0.926
28,2026-09-26 08:36:22+01:00,6.517097006,3.394432623,13.0,14.0,14.0,27.566,85.457,True,True,2.639
28,2026-09-26 08:36:23+01:00,6.517110728,3.394438869,13.0,14.0,14.0,27.566,85.457,True,True,1.675
28,2026-09-26 08:36:24+01:00,6.517117971,3.394444008,13.0,14.0,14.0,27.566,85.457,True,True,0.985
28,2026-09-26 08:36:25+01:00,6.517118525,3.3944522,13.0,14.0,14.0,27.566,85.457,True,True,0.907
28,2026-09-26 08:36:26+01:00,6.517126012,3.394465924,13.0,14.0,14.0,27.566,85.457,True,True,1.73
28,2026-09-26 08:36:27+01:00,6.51714004,3.394476853,14.0,15.0,16.0,27.566,85.457,True,True,1.973
28,2026-09-26 08:36:28+01:00,6.517143245,3.394484855,14.0,15.0,16.0,27.566,85.457,True,True,0.953
28,2026-09-26 08:36:29+01:00,6.517146734,3.39448678,14.0,15.0,16.0,27.566,85.457,True,True,0.442
28,2026-09-26 08:36:30+01:00,6.517145538,3.394492199,14.0,15.0,16.0,27.566,85.457,True,True,0.613
28,2026-09-26 08:36:31+01:00,6.517153863,3.394501841,14.0,15.0,16.0,27.566,85.457,True,True,1.411
28,2026-09-26 08:36:32+01:00,6.517162627,3.394506937,13.0,14.0,14.0,27.566,87.076,True,True,1.125
28,2026-09-26 08:36:33+01:00,6.517169041,3.394517309,13.0,14.0,14.0,27.566,87.076,True,True,1.35
28,2026-09-26 08:36:34+01:00,6.517180646,3.394522998,13.0,14.0,14.0,27.566,87.076,True,True,1.435
28,2026-09-26 08:36:35+01:00,6.517187624,3.394530151,13.0,14.0,14.0,27.566,87.076,True,True,1.107
28,2026-09-26 08:36:36+01:00,6.517193924,3.394537082,13.0,14.0,14.0,27.566,87.076,True,True,1.038
28,2026-09-26 08:36:37+01:00,6.517198334,3.394546212,13.0,14.0,14.0,27.566,87.076,True,True,1.122
28,2026-09-26 08:36:38+01:00,6.517206587,3.394556025,13.0,14.0,14.0,27.566,87.076,True,True,1.42
28,2026-09-26 08:36:39+01:00,6.517215627,3.394567573,14.0,15.0,16.0,27.566,87.076,True,True,1.624
28,2026-09-26 08:36:40+01:00,6.517221449,3.394574808,14.0,15.0,16.0,27.566,87.076,True,True,1.029
28,2026-09-26 08:36:41+01:00,6.517225044,3.394577088,14.0,15.0,16.0,27.566,87.076,True,True,0.472
28,2026-09-26 08:36:42+01:00,6.5172312,3.394582209,14.0,15.0,16.0,27.566,87.076,True,True,0.888
28,2026-09-26 08:36:43+01:00,6.517240057,3.394590658,14.0,15.0,16.0,27.566,87.076,True,True,1.357
28,2026-09-26 08:36:44+01:00,6.517248106,3.394600765,14.0,15.0,16.0,27.566,87.076,True,True,1.431
28,2026-09-26 08:36:46+01:00,6.517254594,3.394609184,15.0,15.0,17.0,27.566,87.076,True,True,0.589
28,2026-09-26 08:36:47+01:00,6.517274068,3.394616314,15.0,16.0,17.0,27.566,87.076,True,True,2.304
28,2026-09-26 08:36:48+01:00,6.51728055,3.394627194,15.0,16.0,17.0,27.566,87.076,True,True,1.402
28,2026-09-26 08:36:49+01:00,6.51728717,3.394636553,15.0,16.0,17.0,27.566,87.076,True,True,1.269
28,2026-09-26 08:36:50+01:00,6.517297525,3.3946484,15.0,16.0,17.0,27.566,87.076,True,True,1.743
28,2026-09-26 08:36:51+01:00,6.51730738,3.394660312,15.0,17.0,18.0,27.566,87.076,True,True,1.713
28,2026-09-26 08:36:52+01:00,6.517317238,3.394663701,16.0,17.0,18.0,27.566,87.076,True,True,1.158
28,2026-09-26 08:36:53+01:00,6.517327844,3.394672563,16.0,17.0,18.0,27.566,87.076,True,True,1.533
28,2026-09-26 08:36:54+01:00,6.517334708,3.394678827,16.0,17.0,18.0,27.566,87.076,True,True,1.03
28,2026-09-26 08:36:55+01:00,6.517343611,3.394678728,16.0,17.0,18.0,27.566,87.076,True,True,0.99
28,2026-09-26 08:36:56+01:00,6.517352838,3.394690678,16.0,17.0,18.0,27.566,87.076,True,True,1.672
28,2026-09-26 08:36:57+01:00,6.517362801,3.394697664,15.0,16.0,17.0,27.566,87.076,True,True,1.35
28,2026-09-26 08:36:58+01:00,6.517376214,3.394710099,15.0,16.0,17.0,27.566,87.076,True,True,2.028
28,2026-09-26 08:36:59+01:00,6.51739272,3.394717663,14.0,15.0,16.0,27.566,87.076,True,True,2.017
28,2026-09-26 08:37:00+01:00,6.517405119,3.394717567,14.0,15.0,16.0,27.566,87.076,True,True,1.379
28,2026-09-26 08:37:01+01:00,6.517411822,3.394720787,14.0,15.0,16.0,27.566,87.076,True,True,0.826
28,2026-09-26 08:37:02+01:00,6.51742054,3.394734556,14.0,15.0,16.0,27.566,87.076,True,True,1.804
28,2026-09-26 08:37:03+01:00,6.517429948,3.394741717,14.0,15.0,16.0,27.566,87.076,True,True,1.312
28,2026-09-26 08:37:04+01:00,6.517439416,3.394750506,13.0,14.0,14.0,27.566,87.076,True,True,1.432
28,2026-09-26 08:37:05+01:00,6.517445675,3.394762742,13.0,14.0,14.0,27.566,87.076,True,True,1.52
28,2026-09-26 08:37:06+01:00,6.517461782,3.394770058,13.0,14.0,14.0,27.566,87.076,True,True,1.965
28,2026-09-26 08:37:07+01:00,6.517469451,3.39477715,13.0,14.0,14.0,27.566,87.076,True,True,1.158
28,2026-09-26 08:37:08+01:00,6.517476638,3.394778132,13.0,14.0,14.0,27.566,87.076,True,True,0.806
28,2026-09-26 08:37:09+01:00,6.517486709,3.394785309,12.0,13.0,13.0,27.566,87.076,True,True,1.372
28,2026-09-26 08:37:10+01:00,6.517497926,3.394789943,11.0,12.0,13.0,27.566,87.076,True,True,1.348
28,2026-09-26 08:37:11+01:00,6.517509062,3.39479016,11.0,12.0,12.0,27.566,87.076,True,True,1.238
28,2026-09-26 08:37:12+01:00,6.517517394,3.394791097,11.0,12.0,12.0,27.566,87.076,True,True,0.932
28,2026-09-26 08:37:13+01:00,6.517522332,3.394799111,11.0,12.0,12.0,27.566,87.076,True,True,1.042
28,2026-09-26 08:37:14+01:00,6.51753139,3.394809961,11.0,12.0,12.0,27.566,87.076,True,True,1.566
28,2026-09-26 08:37:15+01:00,6.517539353,3.394815856,11.0,12.0,12.0,27.566,87.076,True,True,1.099
28,2026-09-26 08:37:16+01:00,6.51754883,3.394824082,11.0,12.0,12.0,27.566,87.076,True,True,1.392
28,2026-09-26 08:37:17+01:00,6.51755943,3.394828411,11.0,12.0,12.0,27.566,87.076,True,True,1.272
28,2026-09-26 08:37:18+01:00,6.517574815,3.394839789,11.0,12.0,12.0,27.566,87.076,True,True,2.123
28,2026-09-26 08:37:19+01:00,6.517581744,3.394847275,12.0,13.0,13.0,27.566,87.076,True,True,1.13
28,2026-09-26 08:37:20+01:00,6.517590695,3.394855094,12.0,13.0,13.0,27.566,87.076,True,True,1.318
28,2026-09-26 08:37:21+01:00,6.517597378,3.394840049,12.0,13.0,13.0,27.566,87.076,True,True,1.821
28,2026-09-26 08:37:22+01:00,6.517614985,3.394844214,12.0,13.0,13.0,27.566,87.076,True,True,2.011
28,2026-09-26 08:37:23+01:00,6.517625805,3.394855495,12.0,13.0,13.0,27.566,87.076,True,True,1.732
28,2026-09-26 08:37:25+01:00,6.517634517,3.394856305,12.0,13.0,13.0,27.566,87.076,True,True,0.486
28,2026-09-26 08:37:27+01:00,6.517657554,3.394870347,13.0,14.0,14.0,27.566,87.076,True,True,1.497
28,2026-09-26 08:37:28+01:00,6.517690586,3.39487801,12.0,13.0,13.0,27.566,87.076,True,True,3.769
28,2026-09-26 08:37:30+01:00,6.517714466,3.394877343,13.0,14.0,14.0,27.566,87.076,True,True,1.328
28,2026-09-26 08:37:31+01:00,6.517733702,3.394884766,13.0,14.0,14.0,27.566,87.076,True,True,2.291
28,2026-09-26 08:37:32+01:00,6.517744899,3.394890725,13.0,14.0,14.0,27.566,85.457,True,True,1.408
28,2026-09-26 08:37:34+01:00,6.517754526,3.394895499,13.0,14.0,14.0,27.566,85.457,True,True,0.597
28,2026-09-26 08:37:36+01:00,6.517791931,3.39489875,12.0,13.0,13.0,27.566,85.457,True,True,2.087
28,2026-09-26 08:37:38+01:00,6.517811427,3.394901761,12.0,13.0,13.0,27.566,85.457,True,True,1.097
28,2026-09-26 08:37:40+01:00,6.517826527,3.394901659,13.0,14.0,14.0,27.566,85.457,True,True,0.84
28,2026-09-26 08:37:41+01:00,6.517830086,3.394901794,13.0,14.0,14.0,27.566,85.457,True,True,0.396
28,2026-09-26 08:37:42+01:00,6.517830086,3.394901794,13.0,14.0,14.0,27.566,85.457,True,True,0.0
28,2026-09-26 08:37:43+01:00,6.517826239,3.394906038,13.0,14.0,14.0,27.566,85.457,True,True,0.635
28,2026-09-26 08:37:44+01:00,6.517826239,3.394906038,13.0,14.0,14.0,27.566,85.457,True,True,0.0
28,2026-09-26 08:37:45+01:00,6.517842428,3.394909508,13.0,14.0,14.0,27.566,85.457,True,True,1.841
28,2026-09-26 08:37:46+01:00,6.517842428,3.394909508,12.0,13.0,13.0,27.566,85.457,True,True,0.0
28,2026-09-26 08:37:47+01:00,6.517862553,3.394921866,12.0,13.0,13.0,27.566,85.457,True,True,2.621
28,2026-09-26 08:37:48+01:00,6.517862553,3.394921866,12.0,13.0,13.0,27.566,85.457,True,True,0.0
28,2026-09-26 08:37:49+01:00,6.517875499,3.394932678,12.0,13.0,13.0,27.566,85.457,True,True,1.871
28,2026-09-26 08:37:50+01:00,6.517885466,3.394933383,13.0,14.0,14.0,27.566,85.457,True,True,1.111
28,2026-09-26 08:37:51+01:00,6.517898116,3.394942269,13.0,14.0,14.0,27.566,85.457,True,True,1.715
28,2026-09-26 08:37:52+01:00,6.517907264,3.394951884,14.0,15.0,16.0,27.566,85.457,True,True,1.471
28,2026-09-26 08:37:53+01:00,6.517919293,3.394959964,14.0,15.0,16.0,27.566,85.457,True,True,1.608
28,2026-09-26 08:37:54+01:00,6.517927654,3.394965974,14.0,15.0,16.0,27.566,85.457,True,True,1.142
28,2026-09-26 08:37:55+01:00,6.517940881,3.394966694,14.0,15.0,16.0,27.566,85.457,True,True,1.473
28,2026-09-26 08:37:56+01:00,6.517952078,3.394971022,14.0,15.0,16.0,27.566,85.457,True,True,1.334
28,2026-09-26 08:37:57+01:00,6.517962159,3.394973591,13.0,14.0,14.0,27.566,85.457,True,True,1.156
28,2026-09-26 08:37:58+01:00,6.517974257,3.394974671,13.0,14.0,14.0,27.566,85.457,True,True,1.351
28,2026-09-26 08:37:59+01:00,6.517987934,3.394977927,13.0,14.0,14.0,27.566,85.457,True,True,1.563
28,2026-09-26 08:38:00+01:00,6.518000366,3.394982142,13.0,14.0,14.0,27.566,85.457,True,True,1.459
28,2026-09-26 08:38:01+01:00,6.518008845,3.394987418,13.0,14.0,14.0,27.566,85.457,True,True,1.108
28,2026-09-26 08:38:02+01:00,6.518018867,3.394996251,13.0,14.0,14.0,27.566,85.457,True,True,1.481
28,2026-09-26 08:38:03+01:00,6.518030244,3.395000878,13.0,14.0,14.0,27.566,85.457,True,True,1.364
28,2026-09-26 08:38:04+01:00,6.518043705,3.395008296,13.0,14.0,14.0,27.566,85.457,True,True,1.706
28,2026-09-26 08:38:05+01:00,6.518053957,3.395013882,11.0,12.0,13.0,27.566,85.457,True,True,1.296
28,2026-09-26 08:38:06+01:00,6.518062701,3.395021298,11.0,12.0,12.0,27.566,85.457,True,True,1.271
28,2026-09-26 08:38:07+01:00,6.51808023,3.395021656,12.0,13.0,13.0,27.566,85.457,True,True,1.95
28,2026-09-26 08:38:08+01:00,6.518092474,3.395026913,12.0,13.0,13.0,27.566,85.457,True,True,1.48
28,2026-09-26 08:38:09+01:00,6.518104545,3.395033849,12.0,13.0,13.0,27.566,85.457,True,True,1.546
28,2026-09-26 08:38:10+01:00,6.518117059,3.395038165,12.0,13.0,13.0,27.566,85.457,True,True,1.471
28,2026-09-26 08:38:11+01:00,6.518132715,3.395036643,12.0,13.0,13.0,27.566,85.457,True,True,1.749
28,2026-09-26 08:38:12+01:00,6.518144345,3.395039136,12.0,13.0,13.0,27.566,85.457,True,True,1.322
28,2026-09-26 08:38:13+01:00,6.518160342,3.395042548,11.0,12.0,13.0,27.566,85.457,True,True,1.818
28,2026-09-26 08:38:14+01:00,6.518164154,3.395047876,11.0,12.0,12.0,27.566,85.457,True,True,0.725
28,2026-09-26 08:38:15+01:00,6.518179711,3.395049006,11.0,12.0,12.0,27.566,85.457,True,True,1.734
28,2026-09-26 08:38:16+01:00,6.518193636,3.3950479,11.0,12.0,12.0,27.566,85.457,True,True,1.553
28,2026-09-26 08:38:17+01:00,6.518202869,3.39504619,11.0,12.0,12.0,27.566,85.457,True,True,1.044
28,2026-09-26 08:38:18+01:00,6.518214071,3.39504885,11.0,12.0,12.0,27.566,85.457,True,True,1.28
28,2026-09-26 08:38:19+01:00,6.518220958,3.395052896,11.0,12.0,12.0,27.566,85.457,True,True,0.887
28,2026-09-26 08:38:20+01:00,6.51823124,3.395054089,12.0,13.0,13.0,27.566,85.457,True,True,1.151
28,2026-09-26 08:38:21+01:00,6.518245237,3.395057975,12.0,13.0,13.0,27.566,85.457,True,True,1.615
28,2026-09-26 08:38:22+01:00,6.51825772,3.395060716,12.0,13.0,13.0,27.566,85.457,True,True,1.421
28,2026-09-26 08:38:23+01:00,6.518262039,3.395064173,12.0,13.0,13.0,27.566,85.457,True,True,0.614
28,2026-09-26 08:38:24+01:00,6.51827193,3.395057055,12.0,13.0,13.0,27.566,85.457,True,True,1.352
28,2026-09-26 08:38:25+01:00,6.518280398,3.395045509,10.0,10.0,11.0,27.566,85.457,True,True,1.585
28,2026-09-26 08:38:26+01:00,6.518292507,3.395035306,10.0,10.0,11.0,27.566,85.457,True,True,1.756
28,2026-09-26 08:38:27+01:00,6.518305508,3.395029558,8.0,9.0,10.0,27.566,85.457,True,True,1.579
28,2026-09-26 08:38:28+01:00,6.51831489,3.39502297,8.0,9.0,10.0,27.566,85.457,True,True,1.272
28,2026-09-26 08:38:29+01:00,6.518323467,3.39501689,10.0,10.0,11.0,27.566,85.457,True,True,1.167
28,2026-09-26 08:38:30+01:00,6.518332043,3.395013268,10.0,10.0,11.0,27.566,85.457,True,True,1.034
28,2026-09-26 08:38:31+01:00,6.518340017,3.395007759,10.0,10.0,11.0,27.566,85.457,True,True,1.075
28,2026-09-26 08:38:32+01:00,6.518351277,3.3950012,10.0,10.0,11.0,27.566,84.914,True,True,1.447
28,2026-09-26 08:38:33+01:00,6.518361752,3.394991892,10.0,10.0,11.0,27.566,84.914,True,True,1.554
28,2026-09-26 08:38:34+01:00,6.518370841,3.394991504,10.0,10.0,11.0,27.566,84.914,True,True,1.012
28,2026-09-26 08:38:35+01:00,6.51838275,3.394985782,10.0,10.0,11.0,27.566,84.914,True,True,1.467
28,2026-09-26 08:38:36+01:00,6.518387676,3.394986681,10.0,10.0,11.0,27.566,84.914,True,True,0.557
28,2026-09-26 08:38:37+01:00,6.51839854,3.394988947,10.0,10.0,11.0,27.566,84.914,True,True,1.234
28,2026-09-26 08:38:38+01:00,6.518412413,3.39498408,10.0,10.0,11.0,27.566,84.914,True,True,1.634
28,2026-09-26 08:38:39+01:00,6.518418867,3.394976083,10.0,10.0,11.0,27.566,84.914,True,True,1.138
28,2026-09-26 08:38:40+01:00,6.518432286,3.394965143,10.0,10.0,11.0,27.566,84.914,True,True,1.92
28,2026-09-26 08:38:41+01:00,6.518438353,3.394953621,10.0,10.0,11.0,27.566,84.914,True,True,1.441
28,2026-09-26 08:38:42+01:00,6.518442672,3.394942388,10.0,11.0,11.0,27.566,84.914,True,True,1.331
28,2026-09-26 08:38:43+01:00,6.51844912,3.394931983,10.0,10.0,11.0,27.566,84.914,True,True,1.355
28,2026-09-26 08:38:44+01:00,6.518452745,3.394916854,11.0,12.0,12.0,27.566,84.914,True,True,1.719
28,2026-09-26 08:38:45+01:00,6.51846203,3.394910738,11.0,12.0,12.0,27.566,84.914,True,True,1.234
28,2026-09-26 08:38:46+01:00,6.518472627,3.394908132,12.0,13.0,13.0,27.566,84.914,True,True,1.213
28,2026-09-26 08:38:47+01:00,6.518477967,3.394897972,12.0,13.0,13.0,27.566,84.914,True,True,1.27
28,2026-09-26 08:38:48+01:00,6.518480772,3.394887741,11.0,12.0,12.0,27.566,84.914,True,True,1.173
28,2026-09-26 08:38:49+01:00,6.518488329,3.394886546,11.0,12.0,13.0,27.566,84.914,True,True,0.851
28,2026-09-26 08:38:50+01:00,6.518488329,3.394886546,12.0,13.0,13.0,27.566,84.914,True,True,0.0
28,2026-09-26 08:38:51+01:00,6.518488329,3.394886546,12.0,13.0,13.0,27.566,84.914,True,True,0.0
28,2026-09-26 08:38:52+01:00,6.518504954,3.394854527,11.0,12.0,12.0,27.566,84.914,True,True,3.991
28,2026-09-26 08:38:53+01:00,6.518504435,3.394847413,10.0,10.0,11.0,27.566,84.914,True,True,0.788
28,2026-09-26 08:38:54+01:00,6.518511948,3.39484156,10.0,10.0,11.0,27.566,84.914,True,True,1.056
28,2026-09-26 08:38:55+01:00,6.51851591,3.394834334,12.0,13.0,13.0,27.566,84.914,True,True,0.912
28,2026-09-26 08:38:56+01:00,6.518523825,3.394825714,12.0,13.0,13.0,27.566,84.914,True,True,1.297
28,2026-09-26 08:38:57+01:00,6.518526708,3.394820123,12.0,13.0,13.0,27.566,84.914,True,True,0.696
28,2026-09-26 08:38:58+01:00,6.518529315,3.394812213,11.0,12.0,12.0,27.566,84.914,True,True,0.921
28,2026-09-26 08:38:59+01:00,6.518531147,3.394796506,11.0,12.0,12.0,27.566,84.914,True,True,1.747
28,2026-09-26 08:39:00+01:00,6.518537913,3.394784405,10.0,10.0,11.0,27.566,84.914,True,True,1.534
28,2026-09-26 08:39:01+01:00,6.518543902,3.394774068,11.0,12.0,12.0,27.566,84.914,True,True,1.322
28,2026-09-26 08:39:02+01:00,6.518551669,3.394767369,10.0,10.0,11.0,27.566,84.914,True,True,1.137
28,2026-09-26 08:39:03+01:00,6.518558405,3.394754692,8.0,9.0,10.0,27.566,84.914,True,True,1.588
28,2026-09-26 08:39:04+01:00,6.518562889,3.394746929,8.0,9.0,10.0,27.566,84.914,True,True,0.992
28,2026-09-26 08:39:05+01:00,6.518562889,3.394746929,8.0,9.0,10.0,27.566,84.914,True,True,0.0
28,2026-09-26 08:39:06+01:00,6.518562889,3.394746929,8.0,9.0,10.0,27.566,84.914,True,True,0.0
28,2026-09-26 08:39:07+01:00,6.518562889,3.394746929,7.0,8.0,8.0,27.566,84.914,True,True,0.0
28,2026-09-26 08:39:08+01:00,6.518562889,3.394746929,7.0,8.0,8.0,27.566,84.914,True,True,0.0
28,2026-09-26 08:39:09+01:00,6.518562889,3.394746929,8.0,9.0,9.0,27.566,84.914,True,True,0.0
28,2026-09-26 08:39:10+01:00,6.518562889,3.394746929,8.0,9.0,10.0,27.566,84.914,True,True,0.0
28,2026-09-26 08:39:11+01:00,6.518562889,3.394746929,8.0,9.0,10.0,27.566,84.914,True,True,0.0
28,2026-09-26 08:39:12+01:00,6.518562889,3.394746929,8.0,9.0,10.0,27.566,84.914,True,True,0.0
28,2026-09-26 08:39:13+01:00,6.518562889,3.394746929,7.0,8.0,8.0,27.566,84.914,True,True,0.0
28,2026-09-26 08:39:14+01:00,6.518562889,3.394746929,7.0,8.0,8.0,27.566,84.914,True,True,0.0
28,2026-09-26 08:39:15+01:00,6.518562889,3.394746929,7.0,8.0,8.0,27.566,84.914,True,True,0.0
28,2026-09-26 08:39:16+01:00,6.518639313,3.39462972,8.0,9.0,10.0,27.566,84.914,False,True,15.488
28,2026-09-26 08:39:17+01:00,6.518650247,3.394619075,8.0,9.0,10.0,27.566,84.914,True,True,1.692
28,2026-09-26 08:39:18+01:00,6.518656391,3.394603965,8.0,9.0,10.0,27.566,84.914,True,True,1.804
28,2026-09-26 08:39:19+01:00,6.518653659,3.39458454,10.0,10.0,11.0,27.566,84.914,True,True,2.167
28,2026-09-26 08:39:20+01:00,6.518653744,3.394569498,10.0,10.0,11.0,27.566,84.914,True,True,1.662
28,2026-09-26 08:39:21+01:00,6.518656256,3.394555444,11.0,12.0,12.0,27.566,84.914,True,True,1.578
28,2026-09-26 08:39:22+01:00,6.518662854,3.394543056,11.0,12.0,12.0,27.566,84.914,True,True,1.553
28,2026-09-26 08:39:23+01:00,6.518663693,3.394529548,12.0,13.0,13.0,27.566,84.914,True,True,1.495
28,2026-09-26 08:39:24+01:00,6.518667709,3.394517581,11.0,12.0,12.0,27.566,84.914,True,True,1.395
28,2026-09-26 08:39:25+01:00,6.518671353,3.394504521,11.0,12.0,12.0,27.566,84.914,True,True,1.499
28,2026-09-26 08:39:26+01:00,6.518674876,3.394489805,11.0,12.0,12.0,27.566,84.914,True,True,1.672
28,2026-09-26 08:39:27+01:00,6.518684151,3.394477373,11.0,12.0,12.0,27.566,84.914,True,True,1.718
28,2026-09-26 08:39:28+01:00,6.518683638,3.394467244,12.0,13.0,13.0,27.566,84.914,True,True,1.12
28,2026-09-26 08:39:29+01:00,6.518686104,3.394458237,12.0,13.0,13.0,27.566,84.914,True,True,1.032
28,2026-09-26 08:39:30+01:00,6.51869128,3.394443576,12.0,13.0,13.0,27.566,84.914,True,True,1.719
28,2026-09-26 08:39:31+01:00,6.518695579,3.394435608,12.0,13.0,13.0,27.566,84.914,True,True,1.002
28,2026-09-26 08:39:32+01:00,6.51869846,3.394423536,12.0,13.0,13.0,28.066,83.822,True,True,1.372
28,2026-09-26 08:39:33+01:00,6.518696407,3.394411387,13.0,14.0,14.0,28.066,83.822,True,True,1.361
28,2026-09-26 08:39:34+01:00,6.5186982,3.394402914,13.0,14.0,14.0,28.066,83.822,True,True,0.957
28,2026-09-26 08:39:35+01:00,6.518696351,3.394387786,14.0,15.0,16.0,28.066,83.822,True,True,1.684
28,2026-09-26 08:39:36+01:00,6.518700406,3.394373463,14.0,15.0,16.0,28.066,83.822,True,True,1.645
28,2026-09-26 08:39:37+01:00,6.518702981,3.394365298,16.0,18.0,19.0,28.066,83.822,True,True,0.946
28,2026-09-26 08:39:38+01:00,6.518711533,3.394350991,17.0,18.0,19.0,28.066,83.822,True,True,1.845
28,2026-09-26 08:39:39+01:00,6.518712929,3.394341583,18.0,20.0,21.0,28.066,83.822,True,True,1.051
28,2026-09-26 08:39:40+01:00,6.518712929,3.394341583,18.0,20.0,21.0,28.066,83.822,True,True,0.0
28,2026-09-26 08:39:41+01:00,6.518712929,3.394341583,18.0,20.0,21.0,28.066,83.822,True,True,0.0
28,2026-09-26 08:39:42+01:00,6.518712929,3.394341583,18.0,20.0,21.0,28.066,83.822,True,True,0.0
28,2026-09-26 08:39:43+01:00,6.518712929,3.394341583,18.0,20.0,21.0,28.066,83.822,True,True,0.0
28,2026-09-26 08:39:44+01:00,6.518712929,3.394341583,16.0,17.0,18.0,28.066,83.822,True,True,0.0
28,2026-09-26 08:39:45+01:00,6.518712929,3.394341583,17.0,18.0,19.0,28.066,83.822,True,True,0.0
28,2026-09-26 08:39:46+01:00,6.518712929,3.394341583,14.0,15.0,16.0,28.066,83.822,True,True,0.0
28,2026-09-26 08:39:47+01:00,6.518712929,3.394341583,13.0,14.0,14.0,28.066,83.822,True,True,0.0
28,2026-09-26 08:39:48+01:00,6.518712929,3.394341583,13.0,14.0,14.0,28.066,83.822,True,True,0.0
28,2026-09-26 08:39:49+01:00,6.518712929,3.394341583,13.0,14.0,14.0,28.066,83.822,True,True,0.0
28,2026-09-26 08:39:50+01:00,6.518712929,3.394341583,13.0,14.0,14.0,28.066,83.822,True,True,0.0
28,2026-09-26 08:39:51+01:00,6.518712929,3.394341583,13.0,14.0,14.0,28.066,83.822,True,True,0.0
28,2026-09-26 08:39:52+01:00,6.518712929,3.394341583,13.0,14.0,14.0,28.066,83.822,True,True,0.0
28,2026-09-26 08:39:53+01:00,6.518712929,3.394341583,13.0,14.0,14.0,28.066,83.822,True,True,0.0
28,2026-09-26 08:39:54+01:00,6.518712929,3.394341583,12.0,13.0,13.0,28.066,83.822,True,True,0.0
28,2026-09-26 08:39:55+01:00,6.518712929,3.394341583,12.0,13.0,13.0,28.066,83.822,True,True,0.0
28,2026-09-26 08:39:56+01:00,6.518712929,3.394341583,12.0,13.0,13.0,28.066,83.822,True,True,0.0
28,2026-09-26 08:39:57+01:00,6.518712929,3.394341583,12.0,13.0,13.0,28.066,83.822,True,True,0.0
28,2026-09-26 08:39:58+01:00,6.518712929,3.394341583,12.0,13.0,13.0,28.066,83.822,True,True,0.0
28,2026-09-26 08:39:59+01:00,6.518712929,3.394341583,12.0,13.0,13.0,28.066,83.822,True,True,0.0
28,2026-09-26 08:40:00+01:00,6.518712929,3.394341583,12.0,13.0,13.0,28.066,83.822,True,True,0.0
28,2026-09-26 08:40:01+01:00,6.518712929,3.394341583,11.0,12.0,12.0,28.066,83.822,True,True,0.0
28,2026-09-26 08:40:02+01:00,6.518712929,3.394341583,11.0,12.0,12.0,28.066,83.822,True,True,0.0
28,2026-09-26 08:40:03+01:00,6.518712929,3.394341583,11.0,12.0,12.0,28.066,83.822,True,True,0.0
28,2026-09-26 08:40:04+01:00,6.518712929,3.394341583,11.0,12.0,12.0,28.066,83.822,True,True,0.0
28,2026-09-26 08:40:05+01:00,6.518779668,3.394027296,11.0,12.0,12.0,28.066,83.822,False,True,35.505
28,2026-09-26 08:40:06+01:00,6.518783372,3.394014391,12.0,13.0,13.0,28.066,83.822,True,True,1.484
28,2026-09-26 08:40:07+01:00,6.518784051,3.394000058,12.0,13.0,13.0,28.066,83.822,True,True,1.585
28,2026-09-26 08:40:08+01:00,6.518789667,3.393987781,11.0,12.0,12.0,28.066,83.822,True,True,1.493
28,2026-09-26 08:40:09+01:00,6.518793462,3.393977362,11.0,12.0,12.0,28.066,83.822,True,True,1.226
28,2026-09-26 08:40:10+01:00,6.518797142,3.393967199,12.0,13.0,13.0,28.066,83.822,True,True,1.195
28,2026-09-26 08:40:11+01:00,6.518801131,3.393955918,12.0,13.0,13.0,28.066,83.822,True,True,1.323
28,2026-09-26 08:40:13+01:00,6.518801708,3.393942738,14.0,15.0,16.0,28.066,83.822,True,True,0.729
28,2026-09-26 08:40:15+01:00,6.518806505,3.393921938,16.0,17.0,18.0,28.066,83.822,True,True,1.179
28,2026-09-26 08:40:17+01:00,6.518808503,3.393895813,16.0,17.0,18.0,28.066,83.822,True,True,1.447
28,2026-09-26 08:40:18+01:00,6.518809094,3.39388274,17.0,18.0,19.0,28.066,83.822,True,True,1.446
28,2026-09-26 08:40:20+01:00,6.518810177,3.39387189,16.0,17.0,18.0,28.066,83.822,True,True,0.602
28,2026-09-26 08:40:22+01:00,6.518810177,3.39387189,16.0,17.0,18.0,28.066,83.822,True,True,0.0
28,2026-09-26 08:40:24+01:00,6.518810177,3.39387189,17.0,18.0,19.0,28.066,83.822,True,True,0.0
28,2026-09-26 08:40:25+01:00,6.518810177,3.39387189,16.0,17.0,18.0,28.066,83.822,True,True,0.0
28,2026-09-26 08:40:26+01:00,6.518810177,3.39387189,16.0,17.0,18.0,28.066,83.822,True,True,0.0
28,2026-09-26 08:40:27+01:00,6.518810177,3.39387189,15.0,17.0,18.0,28.066,83.822,True,True,0.0
28,2026-09-26 08:40:28+01:00,6.518810177,3.39387189,14.0,15.0,16.0,28.066,83.822,True,True,0.0
28,2026-09-26 08:40:29+01:00,6.518810177,3.39387189,14.0,15.0,16.0,28.066,83.822,True,True,0.0
28,2026-09-26 08:40:30+01:00,6.518810177,3.39387189,14.0,15.0,16.0,28.066,83.822,True,True,0.0
28,2026-09-26 08:40:31+01:00,6.518810177,3.39387189,14.0,15.0,16.0,28.066,83.822,True,True,0.0
28,2026-09-26 08:40:32+01:00,6.518810177,3.39387189,13.0,14.0,14.0,28.066,82.724,True,True,0.0
28,2026-09-26 08:40:33+01:00,6.518851348,3.393693658,13.0,14.0,14.0,28.066,82.724,False,True,20.216
28,2026-09-26 08:40:34+01:00,6.518848051,3.393686453,12.0,13.0,13.0,28.066,82.724,True,True,0.876
28,2026-09-26 08:40:35+01:00,6.518850526,3.393681946,12.0,13.0,13.0,28.066,82.724,True,True,0.569
28,2026-09-26 08:40:36+01:00,6.518852943,3.393667328,11.0,12.0,12.0,28.066,82.724,True,True,1.637
28,2026-09-26 08:40:37+01:00,6.518851402,3.393652962,11.0,12.0,12.0,28.066,82.724,True,True,1.596
28,2026-09-26 08:40:38+01:00,6.518850446,3.3936394,11.0,12.0,12.0,28.066,82.724,True,True,1.502
28,2026-09-26 08:40:39+01:00,6.518849127,3.3936281,12.0,13.0,13.0,28.066,82.724,True,True,1.257
28,2026-09-26 08:40:40+01:00,6.518854903,3.393615617,12.0,13.0,13.0,28.066,82.724,True,True,1.521
28,2026-09-26 08:40:41+01:00,6.518856156,3.393600926,12.0,13.0,13.0,28.066,82.724,True,True,1.629
28,2026-09-26 08:40:42+01:00,6.518858215,3.393588936,12.0,13.0,13.0,28.066,82.724,True,True,1.344
28,2026-09-26 08:40:43+01:00,6.518859201,3.393578131,12.0,13.0,13.0,28.066,82.724,True,True,1.199
28,2026-09-26 08:40:44+01:00,6.518859296,3.393562483,11.0,12.0,12.0,28.066,82.724,True,True,1.729
28,2026-09-26 08:40:45+01:00,6.518857562,3.393554047,12.0,13.0,13.0,28.066,82.724,True,True,0.952
28,2026-09-26 08:40:46+01:00,6.518856936,3.393542689,13.0,14.0,14.0,28.066,82.724,True,True,1.257
28,2026-09-26 08:40:47+01:00,6.518858845,3.393530968,13.0,14.0,14.0,28.066,82.724,True,True,1.312
28,2026-09-26 08:40:48+01:00,6.518861779,3.393522187,12.0,13.0,13.0,28.066,82.724,True,True,1.023
28,2026-09-26 08:40:49+01:00,6.518866022,3.393515711,12.0,13.0,14.0,28.066,82.724,True,True,0.857
28,2026-09-26 08:40:50+01:00,6.51887145,3.393500548,12.0,13.0,13.0,28.066,82.724,True,True,1.781
28,2026-09-26 08:40:51+01:00,6.518873089,3.393490476,13.0,14.0,14.0,28.066,82.724,True,True,1.128
28,2026-09-26 08:40:52+01:00,6.518874406,3.393477956,13.0,14.0,14.0,28.066,82.724,True,True,1.391
28,2026-09-26 08:40:53+01:00,6.518875692,3.393464843,12.0,13.0,13.0,28.066,82.724,True,True,1.456
28,2026-09-26 08:40:54+01:00,6.518878076,3.39345826,12.0,13.0,13.0,28.066,82.724,True,True,0.774
28,2026-09-26 08:40:55+01:00,6.518882144,3.393445915,12.0,13.0,13.0,28.066,82.724,True,True,1.437
28,2026-09-26 08:40:56+01:00,6.51888392,3.393432629,11.0,12.0,12.0,28.066,82.724,True,True,1.481
28,2026-09-26 08:40:57+01:00,6.518888661,3.393422737,11.0,12.0,12.0,28.066,82.724,True,True,1.213
28,2026-09-26 08:40:58+01:00,6.518893657,3.393418655,11.0,12.0,12.0,28.066,82.724,True,True,0.716
28,2026-09-26 08:40:59+01:00,6.518900014,3.393410268,11.0,12.0,12.0,28.066,82.724,True,True,1.165
28,2026-09-26 08:41:00+01:00,6.518907857,3.393399875,10.0,10.0,11.0,28.066,82.724,True,True,1.442
28,2026-09-26 08:41:01+01:00,6.51890805,3.393394209,10.0,10.0,11.0,28.066,82.724,True,True,0.626
28,2026-09-26 08:41:02+01:00,6.518913368,3.393377239,10.0,10.0,11.0,28.066,82.724,True,True,1.966
28,2026-09-26 08:41:03+01:00,6.51891,3.393365783,11.0,12.0,12.0,28.066,82.724,True,True,1.32
28,2026-09-26 08:41:04+01:00,6.518923158,3.393361267,11.0,12.0,12.0,28.066,82.724,True,True,1.546
28,2026-09-26 08:41:05+01:00,6.518923158,3.393361267,11.0,12.0,12.0,28.066,82.724,True,True,0.0
28,2026-09-26 08:41:06+01:00,6.518923158,3.393361267,11.0,12.0,12.0,28.066,82.724,True,True,0.0
28,2026-09-26 08:41:07+01:00,6.518923158,3.393361267,12.0,13.0,13.0,28.066,82.724,True,True,0.0
28,2026-09-26 08:41:08+01:00,6.518923158,3.393361267,12.0,13.0,13.0,28.066,82.724,True,True,0.0
28,2026-09-26 08:41:09+01:00,6.518923158,3.393361267,12.0,13.0,13.0,28.066,82.724,True,True,0.0
28,2026-09-26 08:41:10+01:00,6.518923158,3.393361267,12.0,13.0,13.0,28.066,82.724,True,True,0.0
28,2026-09-26 08:41:11+01:00,6.518923158,3.393361267,12.0,13.0,13.0,28.066,82.724,True,True,0.0
28,2026-09-26 08:41:12+01:00,6.518923158,3.393361267,12.0,13.0,13.0,28.066,82.724,True,True,0.0
28,2026-09-26 08:41:13+01:00,6.518957594,3.393254085,12.0,13.0,13.0,28.066,82.724,False,True,12.445
28,2026-09-26 08:41:14+01:00,6.518960857,3.39324054,11.0,12.0,12.0,28.066,82.724,True,True,1.54
28,2026-09-26 08:41:15+01:00,6.518960233,3.393230401,11.0,12.0,12.0,28.066,82.724,True,True,1.122
28,2026-09-26 08:41:16+01:00,6.518961865,3.393221209,11.0,12.0,12.0,28.066,82.724,True,True,1.032
28,2026-09-26 08:41:17+01:00,6.518963609,3.3932068,11.0,12.0,12.0,28.066,82.724,True,True,1.604
28,2026-09-26 08:41:18+01:00,6.518970964,3.393187279,11.0,12.0,12.0,28.066,82.724,True,True,2.306
28,2026-09-26 08:41:19+01:00,6.51897029,3.393173432,11.0,12.0,12.0,28.066,82.724,True,True,1.532
28,2026-09-26 08:41:20+01:00,6.518965731,3.393167935,11.0,12.0,12.0,28.066,82.724,True,True,0.791
28,2026-09-26 08:41:21+01:00,6.518969415,3.393152003,11.0,12.0,12.0,28.066,82.724,True,True,1.807
28,2026-09-26 08:41:22+01:00,6.518966862,3.39313659,11.0,12.0,12.0,28.066,82.724,True,True,1.726
28,2026-09-26 08:41:23+01:00,6.518969051,3.393114665,11.0,12.0,12.0,28.066,82.724,True,True,2.434
28,2026-09-26 08:41:24+01:00,6.518977778,3.393110677,10.0,11.0,11.0,28.066,82.724,True,True,1.066
28,2026-09-26 08:41:25+01:00,6.518977778,3.393110677,10.0,10.0,11.0,28.066,82.724,True,True,0.0
28,2026-09-26 08:41:26+01:00,6.518977778,3.393110677,10.0,10.0,11.0,28.066,82.724,True,True,0.0
28,2026-09-26 08:41:27+01:00,6.518977778,3.393110677,10.0,10.0,11.0,28.066,82.724,True,True,0.0
28,2026-09-26 08:41:28+01:00,6.518977778,3.393110677,8.0,9.0,10.0,28.066,82.724,True,True,0.0
28,2026-09-26 08:41:29+01:00,6.518977778,3.393110677,8.0,9.0,10.0,28.066,82.724,True,True,0.0
28,2026-09-26 08:41:30+01:00,6.518977778,3.393110677,10.0,10.0,11.0,28.066,82.724,True,True,0.0
28,2026-09-26 08:41:31+01:00,6.518977778,3.393110677,11.0,12.0,12.0,28.066,82.724,True,True,0.0
28,2026-09-26 08:41:32+01:00,6.518977778,3.393110677,11.0,12.0,12.0,28.066,83.274,True,True,0.0
28,2026-09-26 08:41:33+01:00,6.518977778,3.393110677,11.0,12.0,12.0,28.066,83.274,True,True,0.0
28,2026-09-26 08:41:34+01:00,6.518977778,3.393110677,11.0,12.0,12.0,28.066,83.274,True,True,0.0
28,2026-09-26 08:41:35+01:00,6.518977778,3.393110677,11.0,12.0,12.0,28.066,83.274,True,True,0.0
28,2026-09-26 08:41:36+01:00,6.518977778,3.393110677,11.0,12.0,12.0,28.066,83.274,True,True,0.0
28,2026-09-26 08:41:37+01:00,6.518977778,3.393110677,11.0,12.0,12.0,28.066,83.274,True,True,0.0
28,2026-09-26 08:41:38+01:00,6.518977778,3.393110677,13.0,14.0,14.0,28.066,83.274,True,True,0.0
28,2026-09-26 08:41:39+01:00,6.518977778,3.393110677,13.0,14.0,14.0,28.066,83.274,True,True,0.0
28,2026-09-26 08:41:40+01:00,6.518977778,3.393110677,12.0,13.0,13.0,28.066,83.274,True,True,0.0
28,2026-09-26 08:41:41+01:00,6.518977778,3.393110677,12.0,13.0,13.0,28.066,83.274,True,True,0.0
28,2026-09-26 08:41:42+01:00,6.518977778,3.393110677,13.0,14.0,14.0,28.066,83.274,True,True,0.0
28,2026-09-26 08:41:43+01:00,6.518977778,3.393110677,13.0,14.0,14.0,28.066,83.274,True,True,0.0
28,2026-09-26 08:41:44+01:00,6.519049529,3.392906491,13.0,14.0,14.0,28.066,83.274,False,True,23.927
28,2026-09-26 08:41:45+01:00,6.519051115,3.392884522,13.0,14.0,14.0,28.066,83.274,True,True,2.433
28,2026-09-26 08:41:46+01:00,6.519044203,3.392875165,13.0,14.0,14.0,28.066,83.274,True,True,1.288
28,2026-09-26 08:41:47+01:00,6.51905286,3.392875791,13.0,14.0,15.0,28.066,83.274,True,True,0.965
28,2026-09-26 08:41:48+01:00,6.519060032,3.392863092,14.0,15.0,16.0,28.066,83.274,True,True,1.614
28,2026-09-26 08:41:49+01:00,6.519061423,3.392853408,14.0,15.0,16.0,28.066,83.274,True,True,1.081
28,2026-09-26 08:41:50+01:00,6.519056545,3.392835247,13.0,14.0,14.0,28.066,83.274,True,True,2.078
28,2026-09-26 08:41:51+01:00,6.519058,3.392825141,13.0,14.0,14.0,28.066,83.274,True,True,1.128
28,2026-09-26 08:41:52+01:00,6.519060195,3.392815893,13.0,14.0,14.0,28.066,83.274,True,True,1.05
28,2026-09-26 08:41:53+01:00,6.519065716,3.392806439,14.0,15.0,16.0,28.066,83.274,True,True,1.212
28,2026-09-26 08:41:54+01:00,6.519060773,3.392799853,14.0,15.0,16.0,28.066,83.274,True,True,0.912
28,2026-09-26 08:41:55+01:00,6.519060805,3.392775462,14.0,15.0,16.0,28.066,83.274,True,True,2.695
28,2026-09-26 08:41:56+01:00,6.519056673,3.392765065,16.0,17.0,18.0,28.066,83.274,True,True,1.237
28,2026-09-26 08:41:57+01:00,6.519056673,3.392765065,16.0,17.0,18.0,28.066,83.274,True,True,0.0
28,2026-09-26 08:41:58+01:00,6.519056673,3.392765065,17.0,18.0,19.0,28.066,83.274,True,True,0.0
28,2026-09-26 08:41:59+01:00,6.519056673,3.392765065,17.0,18.0,19.0,28.066,83.274,True,True,0.0
28,2026-09-26 08:42:00+01:00,6.519056673,3.392765065,17.0,18.0,19.0,28.066,83.274,True,True,0.0
28,2026-09-26 08:42:01+01:00,6.519056673,3.392765065,16.0,18.0,19.0,28.066,83.274,True,True,0.0
28,2026-09-26 08:42:02+01:00,6.519056673,3.392765065,16.0,17.0,18.0,28.066,83.274,True,True,0.0
28,2026-09-26 08:42:03+01:00,6.519056673,3.392765065,16.0,17.0,18.0,28.066,83.274,True,True,0.0
28,2026-09-26 08:42:04+01:00,6.519056673,3.392765065,16.0,17.0,18.0,28.066,83.274,True,True,0.0
28,2026-09-26 08:42:05+01:00,6.519056673,3.392765065,18.0,20.0,21.0,28.066,83.274,True,True,0.0
28,2026-09-26 08:42:06+01:00,6.519056673,3.392765065,18.0,20.0,21.0,28.066,83.274,True,True,0.0
28,2026-09-26 08:42:07+01:00,6.519063374,3.392624205,18.0,20.0,21.0,28.066,83.274,False,True,15.579
28,2026-09-26 08:42:08+01:00,6.5190643,3.392605101,18.0,20.0,21.0,28.066,83.274,True,True,2.113
28,2026-09-26 08:42:09+01:00,6.519060644,3.392594588,18.0,20.0,21.0,28.066,83.274,True,True,1.231
28,2026-09-26 08:42:10+01:00,6.51906305,3.392600072,16.0,17.0,18.0,28.066,83.274,True,True,0.662
28,2026-09-26 08:42:11+01:00,6.519059791,3.392586767,16.0,17.0,18.0,28.066,83.274,True,True,1.514
28,2026-09-26 08:42:12+01:00,6.519055622,3.392547975,16.0,17.0,18.0,28.066,83.274,False,True,4.311
28,2026-09-26 08:42:13+01:00,6.519058347,3.392538718,16.0,17.0,18.0,28.066,83.274,True,True,1.067
28,2026-09-26 08:42:14+01:00,6.519057046,3.39252468,16.0,17.0,18.0,28.066,83.274,True,True,1.558
28,2026-09-26 08:42:15+01:00,6.519061056,3.392513797,16.0,17.0,18.0,28.066,83.274,True,True,1.282
28,2026-09-26 08:42:16+01:00,6.51906684,3.392506661,16.0,17.0,18.0,28.066,83.274,True,True,1.017
28,2026-09-26 08:42:17+01:00,6.51906642,3.392491023,15.0,16.0,17.0,28.066,83.274,True,True,1.728
28,2026-09-26 08:42:18+01:00,6.519057475,3.392478102,15.0,16.0,17.0,28.066,83.274,True,True,1.74
28,2026-09-26 08:42:19+01:00,6.519062054,3.392475146,14.0,15.0,16.0,28.066,83.274,True,True,0.605
28,2026-09-26 08:42:20+01:00,6.519055332,3.392465379,13.0,14.0,14.0,28.066,83.274,True,True,1.313
28,2026-09-26 08:42:21+01:00,6.519054765,3.392444439,13.0,14.0,14.0,28.066,83.274,True,True,2.314
28,2026-09-26 08:42:22+01:00,6.519046277,3.392442151,12.0,13.0,13.0,28.066,83.274,True,True,0.977
28,2026-09-26 08:42:23+01:00,6.519040902,3.392432635,12.0,13.0,13.0,28.066,83.274,True,True,1.209
28,2026-09-26 08:42:24+01:00,6.51904571,3.392425235,12.0,13.0,13.0,28.066,83.274,True,True,0.977
28,2026-09-26 08:42:25+01:00,6.51904571,3.392425235,13.0,14.0,14.0,28.066,83.274,True,True,0.0
28,2026-09-26 08:42:26+01:00,6.51904571,3.392425235,14.0,15.0,16.0,28.066,83.274,True,True,0.0
28,2026-09-26 08:42:27+01:00,6.51904571,3.392425235,14.0,15.0,16.0,28.066,83.274,True,True,0.0
28,2026-09-26 08:42:28+01:00,6.51904571,3.392425235,14.0,15.0,16.0,28.066,83.274,True,True,0.0
28,2026-09-26 08:42:29+01:00,6.51904571,3.392425235,14.0,15.0,16.0,28.066,83.274,True,True,0.0
28,2026-09-26 08:42:30+01:00,6.51904571,3.392425235,14.0,15.0,16.0,28.066,83.274,True,True,0.0
28,2026-09-26 08:42:31+01:00,6.51904571,3.392425235,14.0,15.0,16.0,28.066,83.274,True,True,0.0
28,2026-09-26 08:42:32+01:00,6.51904571,3.392425235,14.0,15.0,16.0,28.066,85.457,True,True,0.0
28,2026-09-26 08:42:33+01:00,6.519043408,3.392318568,16.0,17.0,18.0,28.066,85.457,False,True,11.787
28,2026-09-26 08:42:34+01:00,6.519041945,3.392309549,17.0,18.0,19.0,28.066,85.457,True,True,1.01
28,2026-09-26 08:42:35+01:00,6.519040233,3.39229906,18.0,20.0,21.0,28.066,85.457,True,True,1.174
28,2026-09-26 08:42:36+01:00,6.51904427,3.392300095,18.0,20.0,21.0,28.066,85.457,True,True,0.463
28,2026-09-26 08:42:37+01:00,6.519046367,3.392282779,19.0,21.0,22.0,28.066,85.457,True,True,1.927
28,2026-09-26 08:42:38+01:00,6.519045255,3.39226449,18.0,20.0,21.0,28.066,85.457,True,True,2.024
28,2026-09-26 08:42:39+01:00,6.519041777,3.392251254,18.0,20.0,21.0,28.066,85.457,True,True,1.513
28,2026-09-26 08:42:40+01:00,6.519041953,3.392240888,18.0,20.0,21.0,28.066,85.457,True,True,1.145
28,2026-09-26 08:42:42+01:00,6.519041953,3.392240888,18.0,20.0,21.0,28.066,85.457,True,True,0.0
28,2026-09-26 08:42:44+01:00,6.519041953,3.392240888,15.0,16.0,17.0,28.066,85.457,True,True,0.0
28,2026-09-26 08:42:45+01:00,6.519031529,3.39218506,14.0,15.0,16.0,28.066,85.457,False,True,6.276
28,2026-09-26 08:42:46+01:00,6.51902898,3.392178771,14.0,15.0,16.0,28.066,85.457,True,True,0.75
28,2026-09-26 08:42:47+01:00,6.519015475,3.392161282,13.0,14.0,14.0,28.066,85.457,True,True,2.447
28,2026-09-26 08:42:48+01:00,6.519010634,3.392146346,13.0,14.0,14.0,28.066,85.457,True,True,1.736
28,2026-09-26 08:42:49+01:00,6.519008765,3.392129554,12.0,13.0,13.0,28.066,85.457,True,True,1.867
28,2026-09-26 08:42:50+01:00,6.519007562,3.392115925,12.0,13.0,13.0,28.066,85.457,True,True,1.512
28,2026-09-26 08:42:52+01:00,6.519005186,3.392102522,12.0,13.0,13.0,28.066,85.457,True,True,0.752
28,2026-09-26 08:42:54+01:00,6.51900156,3.392061299,11.0,12.0,12.0,28.066,85.457,True,True,2.286
28,2026-09-26 08:42:55+01:00,6.518998754,3.392055201,11.0,12.0,12.0,28.066,85.457,True,True,0.742
28,2026-09-26 08:42:56+01:00,6.51899824,3.392036227,11.0,12.0,12.0,28.066,85.457,True,True,2.097
28,2026-09-26 08:42:57+01:00,6.519000106,3.392013228,11.0,12.0,12.0,28.066,85.457,True,True,2.549
28,2026-09-26 08:42:59+01:00,6.518994747,3.392005834,11.0,12.0,12.0,28.066,85.457,True,True,0.506
28,2026-09-26 08:43:00+01:00,6.518994747,3.392005834,12.0,13.0,13.0,28.066,85.457,True,True,0.0
28,2026-09-26 08:43:01+01:00,6.518994747,3.392005834,12.0,13.0,13.0,28.066,85.457,True,True,0.0
28,2026-09-26 08:43:02+01:00,6.518994747,3.392005834,11.0,12.0,12.0,28.066,85.457,True,True,0.0
28,2026-09-26 08:43:03+01:00,6.518975635,3.391945202,11.0,12.0,12.0,28.066,85.457,False,True,7.027
28,2026-09-26 08:43:04+01:00,6.518970788,3.391943081,12.0,13.0,13.0,28.066,85.457,True,True,0.588
28,2026-09-26 08:43:05+01:00,6.518979427,3.391939798,12.0,13.0,13.0,28.066,85.457,True,True,1.027
28,2026-09-26 08:43:06+01:00,6.5189827,3.391921771,13.0,14.0,14.0,28.066,85.457,True,True,2.025
28,2026-09-26 08:43:07+01:00,6.518983739,3.391907514,13.0,14.0,14.0,28.066,85.457,True,True,1.579
28,2026-09-26 08:43:08+01:00,6.51898536,3.391896058,13.0,14.0,14.0,28.066,85.457,True,True,1.278
28,2026-09-26 08:43:09+01:00,6.518985108,3.391891181,13.0,14.0,14.0,28.066,85.457,True,True,0.54
28,2026-09-26 08:43:10+01:00,6.518986651,3.391879943,13.0,14.0,14.0,28.066,85.457,True,True,1.253
28,2026-09-26 08:43:11+01:00,6.518992462,3.391871021,14.0,15.0,16.0,28.066,85.457,True,True,1.179
28,2026-09-26 08:43:12+01:00,6.518991026,3.391856406,13.0,14.0,14.0,28.066,85.457,True,True,1.622
28,2026-09-26 08:43:13+01:00,6.518994516,3.391843962,13.0,14.0,14.0,28.066,85.457,True,True,1.428
28,2026-09-26 08:43:14+01:00,6.518991943,3.391834947,13.0,14.0,14.0,28.066,85.457,True,True,1.036
28,2026-09-26 08:43:15+01:00,6.518991217,3.391826221,13.0,14.0,14.0,28.066,85.457,True,True,0.967
28,2026-09-26 08:43:16+01:00,6.518991144,3.391821376,12.0,13.0,13.0,28.066,85.457,True,True,0.535
28,2026-09-26 08:43:17+01:00,6.518987593,3.391812037,12.0,13.0,13.0,28.066,85.457,True,True,1.105
28,2026-09-26 08:43:18+01:00,6.518985603,3.391793968,12.0,13.0,13.0,28.066,85.457,True,True,2.008
28,2026-09-26 08:43:19+01:00,6.518988762,3.391790046,12.0,13.0,13.0,28.066,85.457,True,True,0.558
28,2026-09-26 08:43:20+01:00,6.518988613,3.391779397,12.0,13.0,13.0,28.066,85.457,True,True,1.177
28,2026-09-26 08:43:21+01:00,6.518983349,3.391758847,13.0,14.0,14.0,28.066,85.457,True,True,2.345
28,2026-09-26 08:43:22+01:00,6.518980105,3.3917553,13.0,14.0,14.0,28.066,85.457,True,True,0.533
28,2026-09-26 08:43:23+01:00,6.518979671,3.391746403,12.0,13.0,13.0,28.066,85.457,True,True,0.984
28,2026-09-26 08:43:24+01:00,6.518975378,3.391739841,12.0,13.0,13.0,28.066,85.457,True,True,0.868
28,2026-09-26 08:43:25+01:00,6.518976066,3.391727031,12.0,13.0,13.0,28.066,85.457,True,True,1.417
28,2026-09-26 08:43:26+01:00,6.518976066,3.391727031,12.0,13.0,13.0,28.066,85.457,True,True,0.0
28,2026-09-26 08:43:27+01:00,6.518976066,3.391727031,12.0,13.0,13.0,28.066,85.457,True,True,0.0
28,2026-09-26 08:43:28+01:00,6.518976066,3.391727031,11.0,12.0,12.0,28.066,85.457,True,True,0.0
28,2026-09-26 08:43:29+01:00,6.518976066,3.391727031,11.0,12.0,12.0,28.066,85.457,True,True,0.0
28,2026-09-26 08:43:30+01:00,6.518976066,3.391727031,12.0,13.0,13.0,28.066,85.457,True,True,0.0
28,2026-09-26 08:43:31+01:00,6.518976066,3.391727031,12.0,13.0,13.0,28.066,85.457,True,True,0.0
28,2026-09-26 08:43:32+01:00,6.518976066,3.391727031,12.0,13.0,13.0,28.066,83.274,True,True,0.0
28,2026-09-26 08:43:33+01:00,6.518976066,3.391727031,12.0,13.0,13.0,28.066,83.274,True,True,0.0
28,2026-09-26 08:43:34+01:00,6.518976066,3.391727031,12.0,13.0,13.0,28.066,83.274,True,True,0.0
28,2026-09-26 08:43:35+01:00,6.518976066,3.391727031,12.0,13.0,13.0,28.066,83.274,True,True,0.0
28,2026-09-26 08:43:36+01:00,6.518976066,3.391727031,12.0,13.0,13.0,28.066,83.274,True,True,0.0
28,2026-09-26 08:43:37+01:00,6.518976066,3.391727031,12.0,13.0,13.0,28.066,83.274,True,True,0.0
28,2026-09-26 08:43:38+01:00,6.518976066,3.391727031,12.0,13.0,13.0,28.066,83.274,True,True,0.0
28,2026-09-26 08:43:39+01:00,6.518976066,3.391727031,12.0,13.0,13.0,28.066,83.274,True,True,0.0
28,2026-09-26 08:43:40+01:00,6.518976066,3.391727031,11.0,12.0,12.0,28.066,83.274,True,True,0.0
28,2026-09-26 08:43:41+01:00,6.518976066,3.391727031,11.0,12.0,12.0,28.066,83.274,True,True,0.0
28,2026-09-26 08:43:42+01:00,6.518976066,3.391727031,11.0,12.0,12.0,28.066,83.274,True,True,0.0
28,2026-09-26 08:43:43+01:00,6.518976066,3.391727031,11.0,12.0,12.0,28.066,83.274,True,True,0.0
28,2026-09-26 08:43:44+01:00,6.518976066,3.391727031,11.0,12.0,12.0,28.066,83.274,True,True,0.0
28,2026-09-26 08:43:45+01:00,6.518976066,3.391727031,11.0,12.0,12.0,28.066,83.274,True,True,0.0
28,2026-09-26 08:43:46+01:00,6.518976066,3.391727031,11.0,12.0,12.0,28.066,83.274,True,True,0.0
28,2026-09-26 08:43:47+01:00,6.518976066,3.391727031,10.0,10.0,11.0,28.066,83.274,True,True,0.0
28,2026-09-26 08:43:48+01:00,6.518976066,3.391727031,10.0,10.0,11.0,28.066,83.274,True,True,0.0
28,2026-09-26 08:43:49+01:00,6.518976066,3.391727031,10.0,10.0,11.0,28.066,83.274,True,True,0.0
28,2026-09-26 08:43:50+01:00,6.518976066,3.391727031,10.0,10.0,11.0,28.066,83.274,True,True,0.0
28,2026-09-26 08:43:51+01:00,6.518976066,3.391727031,10.0,10.0,11.0,28.066,83.274,True,True,0.0
28,2026-09-26 08:43:52+01:00,6.518976066,3.391727031,8.0,9.0,10.0,28.066,83.274,True,True,0.0
28,2026-09-26 08:43:53+01:00,6.518976066,3.391727031,8.0,9.0,10.0,28.066,83.274,True,True,0.0
28,2026-09-26 08:43:54+01:00,6.518976066,3.391727031,8.0,9.0,10.0,28.066,83.274,True,True,0.0
28,2026-09-26 08:43:55+01:00,6.518976066,3.391727031,8.0,9.0,10.0,28.066,83.274,True,True,0.0
28,2026-09-26 08:43:56+01:00,6.518976066,3.391727031,10.0,10.0,11.0,28.066,83.274,True,True,0.0
28,2026-09-26 08:43:57+01:00,6.518976066,3.391727031,10.0,10.0,11.0,28.066,83.274,True,True,0.0
28,2026-09-26 08:43:58+01:00,6.518976066,3.391727031,10.0,10.0,11.0,28.066,83.274,True,True,0.0
28,2026-09-26 08:43:59+01:00,6.518976066,3.391727031,10.0,10.0,11.0,28.066,83.274,True,True,0.0
28,2026-09-26 08:44:00+01:00,6.518976066,3.391727031,10.0,10.0,11.0,28.066,83.274,True,True,0.0
28,2026-09-26 08:44:01+01:00,6.518976066,3.391727031,11.0,12.0,12.0,28.066,83.274,True,True,0.0
28,2026-09-26 08:44:02+01:00,6.518976066,3.391727031,11.0,12.0,12.0,28.066,83.274,True,True,0.0
28,2026-09-26 08:44:03+01:00,6.518976066,3.391727031,10.0,10.0,11.0,28.066,83.274,True,True,0.0
28,2026-09-26 08:44:04+01:00,6.518976066,3.391727031,10.0,10.0,11.0,28.066,83.274,True,True,0.0
28,2026-09-26 08:44:05+01:00,6.518976066,3.391727031,10.0,10.0,11.0,28.066,83.274,True,True,0.0
28,2026-09-26 08:44:06+01:00,6.518976066,3.391727031,10.0,10.0,11.0,28.066,83.274,True,True,0.0
28,2026-09-26 08:44:07+01:00,6.518976066,3.391727031,10.0,10.0,11.0,28.066,83.274,True,True,0.0
28,2026-09-26 08:44:08+01:00,6.518976066,3.391727031,12.0,13.0,13.0,28.066,83.274,True,True,0.0
28,2026-09-26 08:44:09+01:00,6.518976066,3.391727031,11.0,12.0,12.0,28.066,83.274,True,True,0.0
28,2026-09-26 08:44:10+01:00,6.518976066,3.391727031,12.0,13.0,13.0,28.066,83.274,True,True,0.0
28,2026-09-26 08:44:11+01:00,6.518976066,3.391727031,12.0,13.0,13.0,28.066,83.274,True,True,0.0
28,2026-09-26 08:44:12+01:00,6.518976066,3.391727031,13.0,14.0,14.0,28.066,83.274,True,True,0.0
28,2026-09-26 08:44:13+01:00,6.518976066,3.391727031,15.0,16.0,17.0,28.066,83.274,True,True,0.0
28,2026-09-26 08:44:14+01:00,6.518976066,3.391727031,16.0,17.0,18.0,28.066,83.274,True,True,0.0
28,2026-09-26 08:44:15+01:00,6.518976066,3.391727031,19.0,21.0,22.0,28.066,83.274,True,True,0.0
28,2026-09-26 08:44:16+01:00,6.518976066,3.391727031,20.0,22.0,25.0,28.066,83.274,True,True,0.0
28,2026-09-26 08:44:17+01:00,6.518976066,3.391727031,20.0,21.0,24.0,28.066,83.274,True,True,0.0
28,2026-09-26 08:44:18+01:00,6.518976066,3.391727031,19.0,21.0,22.0,28.066,83.274,True,True,0.0
28,2026-09-26 08:44:19+01:00,6.518976066,3.391727031,20.0,22.0,25.0,28.066,83.274,True,True,0.0
28,2026-09-26 08:44:20+01:00,6.518976066,3.391727031,20.0,22.0,25.0,28.066,83.274,True,True,0.0
28,2026-09-26 08:44:21+01:00,6.518976066,3.391727031,20.0,22.0,25.0,28.066,83.274,True,True,0.0
28,2026-09-26 08:44:22+01:00,6.518976066,3.391727031,20.0,22.0,25.0,28.066,83.274,True,True,0.0
28,2026-09-26 08:44:23+01:00,6.518976066,3.391727031,20.0,22.0,25.0,28.066,83.274,True,True,0.0
28,2026-09-26 08:44:24+01:00,6.51892209,3.391072127,20.0,22.0,25.0,28.066,83.274,False,True,72.6
28,2026-09-26 08:44:25+01:00,6.518916984,3.391060184,19.0,21.0,22.0,28.066,83.274,True,True,1.436
28,2026-09-26 08:44:26+01:00,6.518905168,3.391049801,17.0,18.0,19.0,28.066,83.274,True,True,1.744
28,2026-09-26 08:44:27+01:00,6.51890133,3.391040089,17.0,18.0,19.0,28.066,83.274,True,True,1.155
28,2026-09-26 08:44:28+01:00,6.518898142,3.391031111,16.0,17.0,18.0,28.066,83.274,True,True,1.053
28,2026-09-26 08:44:29+01:00,6.518890041,3.391013309,16.0,17.0,18.0,28.066,83.274,True,True,2.163
28,2026-09-26 08:44:30+01:00,6.518887581,3.390996401,16.0,17.0,18.0,28.066,83.274,True,True,1.888
28,2026-09-26 08:44:31+01:00,6.518890506,3.390984283,16.0,17.0,18.0,28.066,83.274,True,True,1.378
28,2026-09-26 08:44:32+01:00,6.518893386,3.390973641,15.0,16.0,17.0,28.066,81.619,True,True,1.219
28,2026-09-26 08:44:33+01:00,6.518885058,3.390961966,16.0,17.0,18.0,28.066,81.619,True,True,1.588
28,2026-09-26 08:44:34+01:00,6.518884184,3.390950741,16.0,17.0,18.0,28.066,81.619,True,True,1.244
28,2026-09-26 08:44:35+01:00,6.518880158,3.390940128,15.0,16.0,17.0,28.066,81.619,True,True,1.255
28,2026-09-26 08:44:36+01:00,6.5188779,3.390927621,15.0,16.0,17.0,28.066,81.619,True,True,1.404
28,2026-09-26 08:44:37+01:00,6.518873673,3.390906079,14.0,15.0,16.0,28.066,81.619,True,True,2.426
28,2026-09-26 08:44:38+01:00,6.518870639,3.39090139,14.0,15.0,16.0,28.066,81.619,True,True,0.618
28,2026-09-26 08:44:39+01:00,6.518864337,3.390893256,14.0,15.0,16.0,28.066,81.619,True,True,1.14
28,2026-09-26 08:44:40+01:00,6.518864125,3.390892341,15.0,16.0,17.0,28.066,81.619,True,True,0.104
28,2026-09-26 08:44:41+01:00,6.518865486,3.390884268,15.0,16.0,17.0,28.066,81.619,True,True,0.905
28,2026-09-26 08:44:42+01:00,6.518864367,3.390868189,15.0,16.0,17.0,28.066,81.619,True,True,1.781
28,2026-09-26 08:44:43+01:00,6.518866932,3.390859487,15.0,16.0,17.0,28.066,81.619,True,True,1.003
28,2026-09-26 08:44:44+01:00,6.518863758,3.390849197,15.0,16.0,17.0,28.066,81.619,True,True,1.19
28,2026-09-26 08:44:45+01:00,6.51885514,3.390839498,15.0,16.0,17.0,28.066,81.619,True,True,1.438
28,2026-09-26 08:44:46+01:00,6.518849878,3.390828178,15.0,16.0,17.0,28.066,81.619,True,True,1.381
28,2026-09-26 08:44:47+01:00,6.518844636,3.390821331,14.0,15.0,16.0,28.066,81.619,True,True,0.955
28,2026-09-26 08:44:48+01:00,6.518843147,3.390814707,14.0,15.0,16.0,28.066,81.619,True,True,0.75
28,2026-09-26 08:44:49+01:00,6.518845971,3.390801254,14.0,15.0,16.0,28.066,81.619,True,True,1.519
28,2026-09-26 08:44:50+01:00,6.518845082,3.390792952,14.0,15.0,16.0,28.066,81.619,True,True,0.922
28,2026-09-26 08:44:51+01:00,6.518840114,3.390789164,12.0,13.0,13.0,28.066,81.619,True,True,0.693
28,2026-09-26 08:44:52+01:00,6.518841809,3.390778135,12.0,13.0,13.0,28.066,81.619,True,True,1.233
28,2026-09-26 08:44:53+01:00,6.518841879,3.390769442,12.0,13.0,13.0,28.066,81.619,True,True,0.96
28,2026-09-26 08:44:54+01:00,6.518836694,3.390764296,14.0,15.0,16.0,28.066,81.619,True,True,0.81
28,2026-09-26 08:44:55+01:00,6.518830905,3.390753389,14.0,15.0,16.0,28.066,81.619,True,True,1.366
28,2026-09-26 08:44:56+01:00,6.51882591,3.390740489,13.0,14.0,14.0,28.066,81.619,True,True,1.53
28,2026-09-26 08:44:57+01:00,6.518819349,3.390726444,13.0,14.0,14.0,28.066,81.619,True,True,1.715
28,2026-09-26 08:44:58+01:00,6.518819938,3.390715621,13.0,14.0,14.0,28.066,81.619,True,True,1.197
28,2026-09-26 08:44:59+01:00,6.518817315,3.390707344,13.0,14.0,14.0,28.066,81.619,True,True,0.96
28,2026-09-26 08:45:00+01:00,6.518810394,3.390697723,11.0,12.0,12.0,28.066,81.619,True,True,1.312
28,2026-09-26 08:45:01+01:00,6.518809948,3.390682691,11.0,12.0,12.0,28.066,81.619,True,True,1.661
28,2026-09-26 08:45:02+01:00,6.518806392,3.390669979,11.0,12.0,12.0,28.066,81.619,True,True,1.459
28,2026-09-26 08:45:03+01:00,6.518799151,3.390659747,8.0,9.0,10.0,28.066,81.619,True,True,1.388
28,2026-09-26 08:45:04+01:00,6.5187918,3.390649035,8.0,9.0,10.0,28.066,81.619,True,True,1.438
28,2026-09-26 08:45:05+01:00,6.518789776,3.390636707,8.0,9.0,10.0,28.066,81.619,True,True,1.38
28,2026-09-26 08:45:06+01:00,6.518787019,3.390627412,8.0,9.0,10.0,28.066,81.619,True,True,1.072
28,2026-09-26 08:45:07+01:00,6.51878328,3.390618658,10.0,10.0,11.0,28.066,81.619,True,True,1.053
28,2026-09-26 08:45:08+01:00,6.518777905,3.390608851,10.0,10.0,11.0,28.066,81.619,True,True,1.237
28,2026-09-26 08:45:09+01:00,6.518777344,3.390594845,11.0,12.0,12.0,28.066,81.619,True,True,1.549
28,2026-09-26 08:45:10+01:00,6.51877235,3.390580215,11.0,12.0,12.0,28.066,81.619,True,True,1.709
28,2026-09-26 08:45:11+01:00,6.518763939,3.390567715,11.0,12.0,12.0,28.066,81.619,True,True,1.668
28,2026-09-26 08:45:12+01:00,6.518755142,3.390561524,8.0,9.0,10.0,28.066,81.619,True,True,1.194
28,2026-09-26 08:45:13+01:00,6.5187477,3.390548826,8.0,9.0,10.0,28.066,81.619,True,True,1.629
28,2026-09-26 08:45:14+01:00,6.518746152,3.39054712,8.0,9.0,10.0,28.066,81.619,True,True,0.255
28,2026-09-26 08:45:15+01:00,6.518738862,3.390538985,7.0,8.0,8.0,28.066,81.619,True,True,1.21
28,2026-09-26 08:45:16+01:00,6.518733381,3.390528249,7.0,8.0,8.0,28.066,81.619,True,True,1.333
28,2026-09-26 08:45:17+01:00,6.518728886,3.390520392,7.0,8.0,8.0,28.066,81.619,True,True,1.002
28,2026-09-26 08:45:18+01:00,6.518724155,3.390514996,7.0,8.0,8.0,28.066,81.619,True,True,0.795
28,2026-09-26 08:45:19+01:00,6.518718387,3.390502693,7.0,8.0,8.0,28.066,81.619,True,True,1.503
28,2026-09-26 08:45:20+01:00,6.518708254,3.390491729,7.0,8.0,8.0,28.066,81.619,True,True,1.654
28,2026-09-26 08:45:21+01:00,6.518704908,3.390485264,7.0,8.0,8.0,28.066,81.619,True,True,0.805
28,2026-09-26 08:45:22+01:00,6.518698792,3.390476023,7.0,8.0,8.0,28.066,81.619,True,True,1.227
28,2026-09-26 08:45:23+01:00,6.518695206,3.390460443,7.0,8.0,8.0,28.066,81.619,True,True,1.767
28,2026-09-26 08:45:24+01:00,6.518693734,3.390450507,8.0,9.0,10.0,28.066,81.619,True,True,1.11
28,2026-09-26 08:45:25+01:00,6.518690905,3.390439106,8.0,9.0,10.0,28.066,81.619,True,True,1.298
28,2026-09-26 08:45:26+01:00,6.51868375,3.390432505,8.0,9.0,10.0,28.066,81.619,True,True,1.079
28,2026-09-26 08:45:27+01:00,6.518680682,3.390424502,8.0,9.0,10.0,28.066,81.619,True,True,0.948
28,2026-09-26 08:45:28+01:00,6.51867392,3.390410082,8.0,9.0,10.0,28.066,81.619,True,True,1.762
28,2026-09-26 08:45:29+01:00,6.518664933,3.390399529,10.0,10.0,11.0,28.066,81.619,True,True,1.536
28,2026-09-26 08:45:30+01:00,6.518661993,3.390390246,10.0,10.0,11.0,28.066,81.619,True,True,1.076
28,2026-09-26 08:45:31+01:00,6.518654958,3.390378152,10.0,10.0,11.0,28.066,81.619,True,True,1.548
28,2026-09-26 08:45:32+01:00,6.518645803,3.390370165,10.0,10.0,11.0,28.066,81.619,True,True,1.347
28,2026-09-26 08:45:33+01:00,6.518636839,3.390359896,12.0,13.0,13.0,28.066,81.619,True,True,1.51
28,2026-09-26 08:45:34+01:00,6.518627977,3.390348158,12.0,13.0,13.0,28.066,81.619,True,True,1.629
28,2026-09-26 08:45:35+01:00,6.518619245,3.390339947,12.0,13.0,13.0,28.066,81.619,True,True,1.329
28,2026-09-26 08:45:36+01:00,6.518619184,3.390329261,13.0,14.0,14.0,28.066,81.619,True,True,1.181
28,2026-09-26 08:45:37+01:00,6.518607277,3.390316961,13.0,14.0,14.0,28.066,81.619,True,True,1.897
28,2026-09-26 08:45:38+01:00,6.518603582,3.39030538,13.0,14.0,14.0,28.066,81.619,True,True,1.344
28,2026-09-26 08:45:39+01:00,6.518600274,3.390294608,13.0,14.0,14.0,28.066,81.619,True,True,1.246
28,2026-09-26 08:45:40+01:00,6.518593153,3.390287852,13.0,14.0,14.0,28.066,81.619,True,True,1.088
28,2026-09-26 08:45:41+01:00,6.518581006,3.390279068,13.0,14.0,14.0,28.066,81.619,True,True,1.663
28,2026-09-26 08:45:42+01:00,6.518574993,3.390270382,13.0,14.0,14.0,28.066,81.619,True,True,1.17
28,2026-09-26 08:45:43+01:00,6.518572915,3.390255891,16.0,17.0,18.0,28.066,81.619,True,True,1.617
28,2026-09-26 08:45:44+01:00,6.518570661,3.390253614,18.0,20.0,21.0,28.066,81.619,True,True,0.355
28,2026-09-26 08:45:45+01:00,6.518564084,3.390244587,19.0,21.0,22.0,28.066,81.619,True,True,1.237
28,2026-09-26 08:45:46+01:00,6.518556067,3.390237983,21.0,23.0,27.0,28.066,81.619,True,True,1.152
28,2026-09-26 08:45:47+01:00,6.518556067,3.390237983,20.0,22.0,25.0,28.066,81.619,True,True,0.0
28,2026-09-26 08:45:48+01:00,6.518556067,3.390237983,21.0,23.0,27.0,28.066,81.619,True,True,0.0
28,2026-09-26 08:45:49+01:00,6.518556067,3.390237983,22.0,24.0,29.0,28.066,81.619,True,True,0.0
28,2026-09-26 08:45:50+01:00,6.518556067,3.390237983,21.0,23.0,27.0,28.066,81.619,True,True,0.0
28,2026-09-26 08:45:51+01:00,6.518556067,3.390237983,22.0,24.0,29.0,28.066,81.619,True,True,0.0
28,2026-09-26 08:45:52+01:00,6.518556067,3.390237983,22.0,24.0,29.0,28.066,81.619,True,True,0.0
28,2026-09-26 08:45:53+01:00,6.518556067,3.390237983,19.0,21.0,22.0,28.066,81.619,True,True,0.0
28,2026-09-26 08:45:54+01:00,6.518556067,3.390237983,18.0,20.0,21.0,28.066,81.619,True,True,0.0
28,2026-09-26 08:45:55+01:00,6.518556067,3.390237983,18.0,20.0,21.0,28.066,81.619,True,True,0.0
28,2026-09-26 08:45:56+01:00,6.518556067,3.390237983,16.0,17.0,18.0,28.066,81.619,True,True,0.0
28,2026-09-26 08:45:57+01:00,6.518556067,3.390237983,16.0,17.0,18.0,28.066,81.619,True,True,0.0
28,2026-09-26 08:45:58+01:00,6.518556067,3.390237983,16.0,17.0,18.0,28.066,81.619,True,True,0.0
28,2026-09-26 08:45:59+01:00,6.518556067,3.390237983,16.0,17.0,18.0,28.066,81.619,True,True,0.0
28,2026-09-26 08:46:00+01:00,6.518556067,3.390237983,16.0,17.0,18.0,28.066,81.619,True,True,0.0
28,2026-09-26 08:46:01+01:00,6.518556067,3.390237983,14.0,15.0,16.0,28.066,81.619,True,True,0.0
28,2026-09-26 08:46:02+01:00,6.518556067,3.390237983,14.0,15.0,16.0,28.066,81.619,True,True,0.0
28,2026-09-26 08:46:03+01:00,6.518556067,3.390237983,15.0,16.0,17.0,28.066,81.619,True,True,0.0
28,2026-09-26 08:46:04+01:00,6.518456411,3.39009892,15.0,16.0,17.0,28.066,81.619,False,True,18.943
28,2026-09-26 08:46:05+01:00,6.518448981,3.390087481,14.0,15.0,16.0,28.066,81.619,True,True,1.51
28,2026-09-26 08:46:06+01:00,6.518442709,3.390070664,14.0,15.0,16.0,28.066,81.619,True,True,1.984
28,2026-09-26 08:46:07+01:00,6.51843805,3.390063007,14.0,15.0,16.0,28.066,81.619,True,True,0.992
28,2026-09-26 08:46:08+01:00,6.518435693,3.390058262,14.0,15.0,16.0,28.066,81.619,True,True,0.586
28,2026-09-26 08:46:09+01:00,6.518432153,3.390052221,14.0,15.0,16.0,28.066,81.619,True,True,0.775
28,2026-09-26 08:46:10+01:00,6.518421615,3.39003996,14.0,15.0,16.0,28.066,81.619,True,True,1.791
28,2026-09-26 08:46:11+01:00,6.518412698,3.390031636,14.0,15.0,16.0,28.066,81.619,True,True,1.352
28,2026-09-26 08:46:12+01:00,6.518407746,3.39001939,15.0,16.0,17.0,28.066,81.619,True,True,1.461
28,2026-09-26 08:46:13+01:00,6.518400686,3.390011983,15.0,16.0,17.0,28.066,81.619,True,True,1.134
28,2026-09-26 08:46:14+01:00,6.51839315,3.389996418,15.0,16.0,17.0,28.066,81.619,True,True,1.913
28,2026-09-26 08:46:15+01:00,6.518389581,3.389987319,16.0,17.0,18.0,28.066,81.619,True,True,1.081
28,2026-09-26 08:46:16+01:00,6.518386744,3.389974331,16.0,17.0,18.0,28.066,81.619,True,True,1.469
28,2026-09-26 08:46:17+01:00,6.518386744,3.389974331,16.0,17.0,18.0,28.066,81.619,True,True,0.0
28,2026-09-26 08:46:18+01:00,6.518386744,3.389974331,16.0,17.0,18.0,28.066,81.619,True,True,0.0
28,2026-09-26 08:46:19+01:00,6.518386744,3.389974331,16.0,17.0,18.0,28.066,81.619,True,True,0.0
28,2026-09-26 08:46:20+01:00,6.518386744,3.389974331,16.0,17.0,18.0,28.066,81.619,True,True,0.0
28,2026-09-26 08:46:21+01:00,6.518386744,3.389974331,16.0,17.0,18.0,28.066,81.619,True,True,0.0
28,2026-09-26 08:46:22+01:00,6.518386744,3.389974331,16.0,17.0,18.0,28.066,81.619,True,True,0.0
28,2026-09-26 08:46:23+01:00,6.518386744,3.389974331,16.0,17.0,18.0,28.066,81.619,True,True,0.0
28,2026-09-26 08:46:24+01:00,6.518386744,3.389974331,15.0,16.0,17.0,28.066,81.619,True,True,0.0
28,2026-09-26 08:46:25+01:00,6.518386744,3.389974331,15.0,16.0,17.0,28.066,81.619,True,True,0.0
28,2026-09-26 08:46:26+01:00,6.518322397,3.389870296,15.0,16.0,17.0,28.066,81.619,False,True,13.539
28,2026-09-26 08:46:27+01:00,6.518311674,3.389863463,15.0,16.0,17.0,28.066,81.619,True,True,1.411
28,2026-09-26 08:46:28+01:00,6.518281655,3.389846759,15.0,16.0,17.0,28.066,81.619,True,True,3.814
28,2026-09-26 08:46:29+01:00,6.518284393,3.38984221,16.0,17.0,18.0,28.066,81.619,True,True,0.588
28,2026-09-26 08:46:30+01:00,6.518287213,3.389839176,16.0,17.0,18.0,28.066,81.619,True,True,0.459
28,2026-09-26 08:46:31+01:00,6.51828019,3.389828759,15.0,16.0,17.0,28.066,81.619,True,True,1.391
28,2026-09-26 08:46:32+01:00,6.518264221,3.389813708,15.0,16.0,17.0,28.066,83.822,True,True,2.433
28,2026-09-26 08:46:33+01:00,6.518255372,3.389804587,15.0,16.0,17.0,28.066,83.822,True,True,1.408
28,2026-09-26 08:46:34+01:00,6.518244922,3.38979752,15.0,16.0,17.0,28.066,83.822,True,True,1.4
28,2026-09-26 08:46:35+01:00,6.51824105,3.389790484,15.0,16.0,17.0,28.066,83.822,True,True,0.889
28,2026-09-26 08:46:36+01:00,6.518234506,3.389772625,17.0,18.0,19.0,28.066,83.822,True,True,2.103
28,2026-09-26 08:46:37+01:00,6.518230693,3.38976477,17.0,18.0,19.0,28.066,83.822,True,True,0.966
28,2026-09-26 08:46:38+01:00,6.518226049,3.389755902,17.0,18.0,19.0,28.066,83.822,True,True,1.107
28,2026-09-26 08:46:39+01:00,6.518218131,3.389745021,17.0,18.0,19.0,28.066,83.822,True,True,1.49
28,2026-09-26 08:46:40+01:00,6.518214262,3.389741061,16.0,17.0,18.0,28.066,83.822,True,True,0.614
28,2026-09-26 08:46:41+01:00,6.518210699,3.389733821,16.0,17.0,18.0,28.066,83.822,True,True,0.893
28,2026-09-26 08:46:42+01:00,6.518210699,3.389733821,16.0,17.0,18.0,28.066,83.822,True,True,0.0
28,2026-09-26 08:46:43+01:00,6.518184437,3.389711884,17.0,18.0,19.0,28.066,83.822,True,True,3.795
28,2026-09-26 08:46:44+01:00,6.518178743,3.389703592,17.0,18.0,19.0,28.066,83.822,True,True,1.114
28,2026-09-26 08:46:45+01:00,6.518173295,3.389699076,16.0,17.0,18.0,28.066,83.822,True,True,0.785
28,2026-09-26 08:46:46+01:00,6.518166941,3.389693165,16.0,17.0,18.0,28.066,83.822,True,True,0.962
28,2026-09-26 08:46:47+01:00,6.518164642,3.389681948,15.0,16.0,17.0,28.066,83.822,True,True,1.265
28,2026-09-26 08:46:48+01:00,6.518159017,3.389674853,15.0,16.0,17.0,28.066,83.822,True,True,1.003
28,2026-09-26 08:46:49+01:00,6.518154048,3.389663831,14.0,16.0,16.0,28.066,83.822,True,True,1.337
28,2026-09-26 08:46:50+01:00,6.518142504,3.389663903,13.0,14.0,14.0,28.066,83.822,True,True,1.284
28,2026-09-26 08:46:51+01:00,6.5181404,3.389649779,12.0,13.0,13.0,28.066,83.822,True,True,1.578
28,2026-09-26 08:46:52+01:00,6.518137845,3.389643001,13.0,14.0,14.0,28.066,83.822,True,True,0.801
28,2026-09-26 08:46:53+01:00,6.518130916,3.389632122,19.0,21.0,22.0,28.066,83.822,True,True,1.428
28,2026-09-26 08:46:54+01:00,6.518124169,3.389622067,20.0,22.0,25.0,28.066,83.822,True,True,1.34
28,2026-09-26 08:46:55+01:00,6.518124169,3.389622067,20.0,22.0,25.0,28.066,83.822,True,True,0.0
28,2026-09-26 08:46:56+01:00,6.518116648,3.389603874,20.0,22.0,25.0,28.066,83.822,True,True,2.177
28,2026-09-26 08:46:57+01:00,6.518103953,3.389594071,21.0,23.0,27.0,28.066,83.822,True,True,1.779
28,2026-09-26 08:46:58+01:00,6.518099101,3.38959324,20.0,22.0,25.0,28.066,83.822,True,True,0.547
28,2026-09-26 08:46:59+01:00,6.518092346,3.389581403,19.0,21.0,22.0,28.066,83.822,True,True,1.508
28,2026-09-26 08:47:00+01:00,6.518083932,3.389572778,20.0,22.0,25.0,28.066,83.822,True,True,1.335
28,2026-09-26 08:47:01+01:00,6.518079255,3.389564859,21.0,23.0,27.0,28.066,83.822,True,True,1.018
28,2026-09-26 08:47:02+01:00,6.518076584,3.389553084,21.0,23.0,27.0,28.066,83.822,True,True,1.334
28,2026-09-26 08:47:03+01:00,6.518076584,3.389553084,20.0,22.0,25.0,28.066,83.822,True,True,0.0
28,2026-09-26 08:47:04+01:00,6.518059271,3.389533778,20.0,22.0,25.0,28.066,83.822,True,True,2.873
28,2026-09-26 08:47:05+01:00,6.518045209,3.389518136,18.0,20.0,21.0,28.066,83.822,True,True,2.33
28,2026-09-26 08:47:06+01:00,6.518046953,3.389513476,18.0,20.0,21.0,28.066,83.822,True,True,0.55
28,2026-09-26 08:47:07+01:00,6.518039475,3.38950507,18.0,20.0,21.0,28.066,83.822,True,True,1.247
28,2026-09-26 08:47:08+01:00,6.518034028,3.389489768,18.0,20.0,21.0,28.066,83.822,True,True,1.796
28,2026-09-26 08:47:09+01:00,6.518024253,3.389485786,19.0,21.0,22.0,28.066,83.822,True,True,1.173
28,2026-09-26 08:47:10+01:00,6.518015613,3.389481636,20.0,22.0,25.0,28.066,83.822,True,True,1.065
28,2026-09-26 08:47:11+01:00,6.51801185,3.389466809,20.0,22.0,25.0,28.066,83.822,True,True,1.691
28,2026-09-26 08:47:12+01:00,6.518007419,3.38945919,22.0,24.0,29.0,28.066,83.822,True,True,0.975
28,2026-09-26 08:47:13+01:00,6.51800272,3.389451791,23.0,25.0,32.0,28.066,83.822,True,True,0.97
28,2026-09-26 08:47:14+01:00,6.517998301,3.389441275,23.0,25.0,32.0,28.066,83.822,True,True,1.261
28,2026-09-26 08:47:15+01:00,6.517995088,3.389429501,23.0,25.0,32.0,28.066,83.822,True,True,1.349
28,2026-09-26 08:47:16+01:00,6.517989531,3.389420248,23.0,25.0,32.0,28.066,83.822,True,True,1.194
28,2026-09-26 08:47:17+01:00,6.517983657,3.389413583,26.0,28.0,37.0,28.066,83.822,True,True,0.984
28,2026-09-26 08:47:18+01:00,6.517981221,3.389409706,28.0,30.0,42.0,28.066,83.822,True,True,0.507
28,2026-09-26 08:47:19+01:00,6.517973176,3.389396913,26.0,28.0,37.0,28.066,83.822,True,True,1.673
28,2026-09-26 08:47:20+01:00,6.517963972,3.389391521,26.0,28.0,37.0,28.066,83.822,True,True,1.184
28,2026-09-26 08:47:21+01:00,6.517956082,3.389381551,23.0,25.0,32.0,28.066,83.822,True,True,1.408
28,2026-09-26 08:47:22+01:00,6.517957955,3.389377133,21.0,23.0,27.0,28.066,83.822,True,True,0.531
28,2026-09-26 08:47:23+01:00,6.517957215,3.389367403,20.0,22.0,25.0,28.066,83.822,True,True,1.078
28,2026-09-26 08:47:24+01:00,6.517947046,3.389357117,20.0,22.0,25.0,28.066,83.822,True,True,1.603
28,2026-09-26 08:47:25+01:00,6.517945214,3.389345072,20.0,22.0,25.0,28.066,83.822,True,True,1.346
28,2026-09-26 08:47:26+01:00,6.517938601,3.389331997,21.0,23.0,27.0,28.066,83.822,True,True,1.621
28,2026-09-26 08:47:27+01:00,6.517936604,3.389326607,16.0,17.0,18.0,28.066,83.822,True,True,0.636
28,2026-09-26 08:47:28+01:00,6.517925463,3.389311691,16.0,17.0,18.0,28.066,83.822,True,True,2.062
28,2026-09-26 08:47:29+01:00,6.517919987,3.389300277,16.0,17.0,18.0,28.066,83.822,True,True,1.4
28,2026-09-26 08:47:30+01:00,6.517916651,3.389286563,17.0,18.0,19.0,28.066,83.822,True,True,1.56
28,2026-09-26 08:47:31+01:00,6.517907131,3.389273638,16.0,17.0,18.0,28.066,83.822,True,True,1.777
28,2026-09-26 08:47:32+01:00,6.51789858,3.389259408,16.0,17.0,18.0,28.066,82.173,True,True,1.837
28,2026-09-26 08:47:33+01:00,6.517899106,3.389245197,16.0,17.0,18.0,28.066,82.173,True,True,1.571
28,2026-09-26 08:47:34+01:00,6.517895379,3.389232175,16.0,18.0,19.0,28.066,82.173,True,True,1.497
28,2026-09-26 08:47:35+01:00,6.517895379,3.389232175,17.0,18.0,19.0,28.066,82.173,True,True,0.0
28,2026-09-26 08:47:36+01:00,6.517895379,3.389232175,17.0,18.0,19.0,28.066,82.173,True,True,0.0
28,2026-09-26 08:47:37+01:00,6.517895379,3.389232175,16.0,17.0,18.0,28.066,82.173,True,True,0.0
28,2026-09-26 08:47:38+01:00,6.517895379,3.389232175,16.0,17.0,18.0,28.066,82.173,True,True,0.0
28,2026-09-26 08:47:39+01:00,6.517895379,3.389232175,16.0,17.0,18.0,28.066,82.173,True,True,0.0
28,2026-09-26 08:47:40+01:00,6.517895379,3.389232175,16.0,17.0,18.0,28.066,82.173,True,True,0.0
28,2026-09-26 08:47:41+01:00,6.517895379,3.389232175,15.0,16.0,17.0,28.066,82.173,True,True,0.0
28,2026-09-26 08:47:42+01:00,6.517895379,3.389232175,15.0,16.0,17.0,28.066,82.173,True,True,0.0
28,2026-09-26 08:47:43+01:00,6.517895379,3.389232175,15.0,16.0,17.0,28.066,82.173,True,True,0.0
28,2026-09-26 08:47:44+01:00,6.517895379,3.389232175,14.0,15.0,16.0,28.066,82.173,True,True,0.0
28,2026-09-26 08:47:45+01:00,6.517895379,3.389232175,14.0,15.0,16.0,28.066,82.173,True,True,0.0
28,2026-09-26 08:47:46+01:00,6.517895379,3.389232175,16.0,17.0,18.0,28.066,82.173,True,True,0.0
28,2026-09-26 08:47:47+01:00,6.517895379,3.389232175,16.0,17.0,18.0,28.066,82.173,True,True,0.0
28,2026-09-26 08:47:48+01:00,6.517895379,3.389232175,15.0,16.0,17.0,28.066,82.173,True,True,0.0
28,2026-09-26 08:47:49+01:00,6.517895379,3.389232175,14.0,16.0,16.0,28.066,82.173,True,True,0.0
28,2026-09-26 08:47:50+01:00,6.517895379,3.389232175,14.0,15.0,16.0,28.066,82.173,True,True,0.0
28,2026-09-26 08:47:51+01:00,6.517895379,3.389232175,14.0,15.0,16.0,28.066,82.173,True,True,0.0
28,2026-09-26 08:47:52+01:00,6.517895379,3.389232175,14.0,15.0,16.0,28.066,82.173,True,True,0.0
28,2026-09-26 08:47:53+01:00,6.517895379,3.389232175,14.0,15.0,16.0,28.066,82.173,True,True,0.0
28,2026-09-26 08:47:54+01:00,6.517895379,3.389232175,14.0,15.0,16.0,28.066,82.173,True,True,0.0
28,2026-09-26 08:47:55+01:00,6.517895379,3.389232175,14.0,15.0,16.0,28.066,82.173,True,True,0.0
28,2026-09-26 08:47:56+01:00,6.517895379,3.389232175,14.0,15.0,16.0,28.066,82.173,True,True,0.0
28,2026-09-26 08:47:57+01:00,6.517895379,3.389232175,14.0,15.0,16.0,28.066,82.173,True,True,0.0
28,2026-09-26 08:47:58+01:00,6.517895379,3.389232175,15.0,16.0,17.0,28.066,82.173,True,True,0.0
28,2026-09-26 08:47:59+01:00,6.517895379,3.389232175,15.0,16.0,17.0,28.066,82.173,True,True,0.0
28,2026-09-26 08:48:00+01:00,6.517895379,3.389232175,15.0,16.0,17.0,28.066,82.173,True,True,0.0
28,2026-09-26 08:48:01+01:00,6.517895379,3.389232175,15.0,16.0,17.0,28.066,82.173,True,True,0.0
28,2026-09-26 08:48:02+01:00,6.517895379,3.389232175,16.0,17.0,18.0,28.066,82.173,True,True,0.0
28,2026-09-26 08:48:03+01:00,6.517784089,3.388966569,16.0,17.0,18.0,28.066,82.173,False,True,31.846
28,2026-09-26 08:48:04+01:00,6.517775205,3.388946063,16.0,17.0,18.0,28.066,82.173,True,True,2.471
28,2026-09-26 08:48:05+01:00,6.51777223,3.388936019,16.0,17.0,18.0,28.066,82.173,True,True,1.158
28,2026-09-26 08:48:06+01:00,6.517767134,3.388919233,16.0,17.0,18.0,28.066,82.173,True,True,1.939
28,2026-09-26 08:48:07+01:00,6.517765649,3.388916488,16.0,17.0,18.0,28.066,82.173,True,True,0.345
28,2026-09-26 08:48:08+01:00,6.517753324,3.388901774,16.0,17.0,18.0,28.066,82.173,True,True,2.126
28,2026-09-26 08:48:09+01:00,6.517752543,3.388891224,17.0,18.0,19.0,28.066,82.173,True,True,1.169
28,2026-09-26 08:48:10+01:00,6.517748265,3.388874011,17.0,19.0,20.0,28.066,82.173,True,True,1.96
28,2026-09-26 08:48:11+01:00,6.517746902,3.388865754,18.0,20.0,21.0,28.066,82.173,True,True,0.925
28,2026-09-26 08:48:12+01:00,6.51774703,3.388857818,17.0,18.0,19.0,28.066,82.173,True,True,0.877
28,2026-09-26 08:48:13+01:00,6.517740168,3.388847441,17.0,18.0,19.0,28.066,82.173,True,True,1.377
28,2026-09-26 08:48:14+01:00,6.517732294,3.388832792,18.0,20.0,21.0,28.066,82.173,True,True,1.84
28,2026-09-26 08:48:15+01:00,6.517726125,3.38882318,18.0,20.0,21.0,28.066,82.173,True,True,1.264
28,2026-09-26 08:48:16+01:00,6.517722872,3.388810167,18.0,20.0,21.0,28.066,82.173,True,True,1.482
28,2026-09-26 08:48:17+01:00,6.517726069,3.388797511,18.0,20.0,21.0,28.066,82.173,True,True,1.443
28,2026-09-26 08:48:18+01:00,6.517728541,3.388784883,19.0,21.0,22.0,28.066,82.173,True,True,1.422
28,2026-09-26 08:48:19+01:00,6.517723597,3.388778067,20.0,22.0,25.0,28.066,82.173,True,True,0.932
28,2026-09-26 08:48:20+01:00,6.517716168,3.388767718,20.0,22.0,25.0,28.066,82.173,True,True,1.411
28,2026-09-26 08:48:21+01:00,6.517711139,3.388751658,20.0,22.0,25.0,28.066,82.173,True,True,1.86
28,2026-09-26 08:48:22+01:00,6.517712661,3.388741806,20.0,22.0,25.0,28.066,82.173,True,True,1.101
28,2026-09-26 08:48:23+01:00,6.517706051,3.38873174,20.0,22.0,25.0,28.066,82.173,True,True,1.333
28,2026-09-26 08:48:24+01:00,6.517704377,3.388719913,20.0,22.0,25.0,28.066,82.173,True,True,1.32
28,2026-09-26 08:48:25+01:00,6.517696745,3.388708045,21.0,23.0,27.0,28.066,82.173,True,True,1.562
28,2026-09-26 08:48:26+01:00,6.517691488,3.38869861,23.0,25.0,32.0,28.066,82.173,True,True,1.195
28,2026-09-26 08:48:27+01:00,6.517691488,3.38869861,22.0,24.0,28.0,28.066,82.173,True,True,0.0
28,2026-09-26 08:48:28+01:00,6.517691488,3.38869861,21.0,23.0,27.0,28.066,82.173,True,True,0.0
28,2026-09-26 08:48:29+01:00,6.517691488,3.38869861,21.0,23.0,27.0,28.066,82.173,True,True,0.0
28,2026-09-26 08:48:30+01:00,6.517691488,3.38869861,21.0,23.0,27.0,28.066,82.173,True,True,0.0
28,2026-09-26 08:48:31+01:00,6.517691488,3.38869861,21.0,23.0,27.0,28.066,82.173,True,True,0.0
28,2026-09-26 08:48:32+01:00,6.517691488,3.38869861,22.0,24.0,29.0,28.565,81.064,True,True,0.0
28,2026-09-26 08:48:33+01:00,6.517691488,3.38869861,22.0,24.0,29.0,28.565,81.064,True,True,0.0
28,2026-09-26 08:48:34+01:00,6.517673287,3.388613556,21.0,23.0,27.0,28.565,81.064,False,True,9.612
28,2026-09-26 08:48:35+01:00,6.517667196,3.388595914,21.0,23.0,27.0,28.565,81.064,True,True,2.063
28,2026-09-26 08:48:36+01:00,6.517666763,3.388584342,21.0,23.0,27.0,28.565,81.064,True,True,1.279
28,2026-09-26 08:48:37+01:00,6.51766615,3.388571684,18.0,20.0,21.0,28.565,81.064,True,True,1.4
28,2026-09-26 08:48:38+01:00,6.517661298,3.388567011,18.0,20.0,21.0,28.565,81.064,True,True,0.747
28,2026-09-26 08:48:39+01:00,6.517657268,3.388552593,17.0,18.0,19.0,28.565,81.064,True,True,1.655
28,2026-09-26 08:48:40+01:00,6.517649171,3.388533167,16.0,17.0,18.0,28.565,81.064,True,True,2.327
28,2026-09-26 08:48:41+01:00,6.517640696,3.388523965,16.0,17.0,18.0,28.565,81.064,True,True,1.386
28,2026-09-26 08:48:42+01:00,6.517635584,3.388512057,15.0,16.0,17.0,28.565,81.064,True,True,1.433
28,2026-09-26 08:48:43+01:00,6.517628785,3.388508821,14.0,15.0,16.0,28.565,81.064,True,True,0.836
28,2026-09-26 08:48:44+01:00,6.517627179,3.388493687,13.0,14.0,14.0,28.565,81.064,True,True,1.681
28,2026-09-26 08:48:45+01:00,6.517617837,3.388482969,13.0,14.0,14.0,28.565,81.064,True,True,1.575
28,2026-09-26 08:48:46+01:00,6.517621759,3.388472025,13.0,14.0,14.0,28.565,81.064,True,True,1.285
28,2026-09-26 08:48:47+01:00,6.517612882,3.388459576,13.0,14.0,14.0,28.565,81.064,True,True,1.693
28,2026-09-26 08:48:48+01:00,6.517608487,3.38845022,12.0,13.0,13.0,28.565,81.064,True,True,1.143
28,2026-09-26 08:48:49+01:00,6.517604956,3.388437601,12.0,13.0,13.0,28.565,81.064,True,True,1.448
28,2026-09-26 08:48:50+01:00,6.517596473,3.388433532,12.0,13.0,13.0,28.565,81.064,True,True,1.045
28,2026-09-26 08:48:51+01:00,6.51759731,3.388426313,12.0,13.0,13.0,28.565,81.064,True,True,0.803
28,2026-09-26 08:48:52+01:00,6.517599012,3.388413075,13.0,14.0,14.0,28.565,81.064,True,True,1.475
28,2026-09-26 08:48:53+01:00,6.517599012,3.388413075,13.0,14.0,14.0,28.565,81.064,True,True,0.0
28,2026-09-26 08:48:54+01:00,6.517599012,3.388413075,13.0,14.0,14.0,28.565,81.064,True,True,0.0
28,2026-09-26 08:48:55+01:00,6.517599012,3.388413075,13.0,14.0,14.0,28.565,81.064,True,True,0.0
28,2026-09-26 08:48:56+01:00,6.517599012,3.388413075,13.0,14.0,14.0,28.565,81.064,True,True,0.0
28,2026-09-26 08:48:57+01:00,6.517599012,3.388413075,14.0,15.0,16.0,28.565,81.064,True,True,0.0
28,2026-09-26 08:48:58+01:00,6.517599012,3.388413075,14.0,15.0,16.0,28.565,81.064,True,True,0.0
28,2026-09-26 08:48:59+01:00,6.517599012,3.388413075,15.0,16.0,17.0,28.565,81.064,True,True,0.0
28,2026-09-26 08:49:00+01:00,6.517599012,3.388413075,16.0,17.0,18.0,28.565,81.064,True,True,0.0
28,2026-09-26 08:49:01+01:00,6.517599012,3.388413075,16.0,17.0,18.0,28.565,81.064,True,True,0.0
28,2026-09-26 08:49:02+01:00,6.517599012,3.388413075,17.0,18.0,19.0,28.565,81.064,True,True,0.0
28,2026-09-26 08:49:03+01:00,6.517599012,3.388413075,17.0,18.0,19.0,28.565,81.064,True,True,0.0
28,2026-09-26 08:49:04+01:00,6.517599012,3.388413075,16.0,17.0,18.0,28.565,81.064,True,True,0.0
28,2026-09-26 08:49:05+01:00,6.517599012,3.388413075,16.0,17.0,18.0,28.565,81.064,True,True,0.0
28,2026-09-26 08:49:06+01:00,6.517599012,3.388413075,16.0,18.0,19.0,28.565,81.064,True,True,0.0
28,2026-09-26 08:49:07+01:00,6.517599012,3.388413075,17.0,18.0,19.0,28.565,81.064,True,True,0.0
28,2026-09-26 08:49:08+01:00,6.517599012,3.388413075,17.0,18.0,19.0,28.565,81.064,True,True,0.0
28,2026-09-26 08:49:09+01:00,6.517599012,3.388413075,16.0,17.0,18.0,28.565,81.064,True,True,0.0
28,2026-09-26 08:49:10+01:00,6.517549475,3.38822024,16.0,17.0,18.0,28.565,81.064,False,True,22.004
28,2026-09-26 08:49:11+01:00,6.517547682,3.388212662,16.0,17.0,18.0,28.565,81.064,True,True,0.861
28,2026-09-26 08:49:12+01:00,6.517542089,3.38818941,16.0,17.0,18.0,28.565,81.064,True,True,2.643
28,2026-09-26 08:49:13+01:00,6.517537185,3.388180524,14.0,15.0,16.0,28.565,81.064,True,True,1.123
28,2026-09-26 08:49:14+01:00,6.517532217,3.388171563,13.0,14.0,14.0,28.565,81.064,True,True,1.134
28,2026-09-26 08:49:15+01:00,6.517535262,3.388157564,13.0,14.0,14.0,28.565,81.064,True,True,1.583
28,2026-09-26 08:49:16+01:00,6.517532201,3.388147637,13.0,14.0,14.0,28.565,81.064,True,True,1.148
28,2026-09-26 08:49:17+01:00,6.517528436,3.388143754,13.0,14.0,14.0,28.565,81.064,True,True,0.599
28,2026-09-26 08:49:18+01:00,6.517526983,3.388137227,12.0,13.0,13.0,28.565,81.064,True,True,0.739
28,2026-09-26 08:49:19+01:00,6.517527273,3.388123985,12.0,13.0,13.0,28.565,81.064,True,True,1.463
28,2026-09-26 08:49:20+01:00,6.517523696,3.388121895,12.0,13.0,13.0,28.565,81.064,True,True,0.46
28,2026-09-26 08:49:21+01:00,6.517517877,3.388104675,13.0,14.0,14.0,28.565,81.064,True,True,2.009
28,2026-09-26 08:49:22+01:00,6.517514465,3.388093789,13.0,14.0,14.0,28.565,81.064,True,True,1.261
28,2026-09-26 08:49:23+01:00,6.517514465,3.388093789,13.0,14.0,14.0,28.565,81.064,True,True,0.0
28,2026-09-26 08:49:24+01:00,6.517514465,3.388093789,13.0,14.0,14.0,28.565,81.064,True,True,0.0
28,2026-09-26 08:49:25+01:00,6.517514465,3.388093789,13.0,14.0,14.0,28.565,81.064,True,True,0.0
28,2026-09-26 08:49:26+01:00,6.517514465,3.388093789,13.0,14.0,14.0,28.565,81.064,True,True,0.0
28,2026-09-26 08:49:27+01:00,6.517514465,3.388093789,12.0,13.0,14.0,28.565,81.064,True,True,0.0
28,2026-09-26 08:49:28+01:00,6.517514465,3.388093789,13.0,14.0,14.0,28.565,81.064,True,True,0.0
28,2026-09-26 08:49:29+01:00,6.517514465,3.388093789,13.0,14.0,14.0,28.565,81.064,True,True,0.0
28,2026-09-26 08:49:30+01:00,6.517514465,3.388093789,13.0,14.0,14.0,28.565,81.064,True,True,0.0
28,2026-09-26 08:49:31+01:00,6.517514465,3.388093789,13.0,14.0,14.0,28.565,81.064,True,True,0.0
28,2026-09-26 08:49:32+01:00,6.517514465,3.388093789,13.0,14.0,14.0,28.565,82.173,True,True,0.0
28,2026-09-26 08:49:33+01:00,6.517514465,3.388093789,13.0,14.0,14.0,28.565,82.173,True,True,0.0
28,2026-09-26 08:49:34+01:00,6.517514465,3.388093789,12.0,13.0,13.0,28.565,82.173,True,True,0.0
28,2026-09-26 08:49:35+01:00,6.517484791,3.387957687,13.0,14.0,14.0,28.565,82.173,False,True,15.394
28,2026-09-26 08:49:36+01:00,6.517478535,3.387947625,13.0,14.0,14.0,28.565,82.173,True,True,1.311
28,2026-09-26 08:49:37+01:00,6.517473654,3.387929108,14.0,15.0,16.0,28.565,82.173,True,True,2.116
28,2026-09-26 08:49:38+01:00,6.517473768,3.38791872,14.0,15.0,16.0,28.565,82.173,True,True,1.148
28,2026-09-26 08:49:39+01:00,6.517463708,3.387914862,13.0,14.0,14.0,28.565,82.173,True,True,1.197
28,2026-09-26 08:49:40+01:00,6.517462333,3.387910404,13.0,14.0,14.0,28.565,82.173,True,True,0.516
28,2026-09-26 08:49:41+01:00,6.517459255,3.387905044,13.0,14.0,14.0,28.565,82.173,True,True,0.684
28,2026-09-26 08:49:42+01:00,6.517452758,3.387891919,16.0,17.0,18.0,28.565,82.173,True,True,1.62
28,2026-09-26 08:49:43+01:00,6.517446176,3.387881296,16.0,17.0,18.0,28.565,82.173,True,True,1.383
28,2026-09-26 08:49:44+01:00,6.517443172,3.38787571,16.0,17.0,18.0,28.565,82.173,True,True,0.702
28,2026-09-26 08:49:45+01:00,6.51744072,3.387864126,16.0,17.0,18.0,28.565,82.173,True,True,1.308
28,2026-09-26 08:49:46+01:00,6.51744118,3.387865147,15.0,16.0,17.0,28.565,82.173,True,True,0.124
28,2026-09-26 08:49:47+01:00,6.517434885,3.387851729,15.0,16.0,17.0,28.565,82.173,True,True,1.639
28,2026-09-26 08:49:48+01:00,6.517430112,3.387831408,16.0,17.0,18.0,28.565,82.173,True,True,2.307
28,2026-09-26 08:49:49+01:00,6.517428629,3.387820496,16.0,17.0,18.0,28.565,82.173,True,True,1.217
28,2026-09-26 08:49:50+01:00,6.517427778,3.387814365,16.0,17.0,18.0,28.565,82.173,True,True,0.684
28,2026-09-26 08:49:51+01:00,6.517434488,3.387812788,16.0,17.0,18.0,28.565,82.173,True,True,0.766
28,2026-09-26 08:49:52+01:00,6.517432381,3.387813844,16.0,17.0,18.0,28.565,82.173,True,True,0.262
28,2026-09-26 08:49:53+01:00,6.517437267,3.387801589,16.0,17.0,18.0,28.565,82.173,True,True,1.459
28,2026-09-26 08:49:54+01:00,6.517445403,3.387794127,16.0,17.0,18.0,28.565,82.173,True,True,1.224
28,2026-09-26 08:49:55+01:00,6.517459027,3.387789678,16.0,17.0,18.0,28.565,82.173,True,True,1.593
28,2026-09-26 08:49:56+01:00,6.51746963,3.387783785,17.0,18.0,19.0,28.565,82.173,True,True,1.347
28,2026-09-26 08:49:57+01:00,6.517480635,3.387779105,17.0,18.0,19.0,28.565,82.173,True,True,1.328
28,2026-09-26 08:49:58+01:00,6.517487755,3.387769195,17.0,18.0,19.0,28.565,82.173,True,True,1.351
28,2026-09-26 08:49:59+01:00,6.517493287,3.387762316,17.0,18.0,19.0,28.565,82.173,True,True,0.978
28,2026-09-26 08:50:00+01:00,6.517502672,3.387748694,18.0,20.0,21.0,28.565,82.173,True,True,1.831
28,2026-09-26 08:50:01+01:00,6.517506983,3.387742833,18.0,20.0,21.0,28.565,82.173,True,True,0.806
28,2026-09-26 08:50:02+01:00,6.517510658,3.387733816,19.0,21.0,22.0,28.565,82.173,True,True,1.077
28,2026-09-26 08:50:03+01:00,6.517511674,3.387720673,20.0,22.0,25.0,28.565,82.173,True,True,1.456
28,2026-09-26 08:50:04+01:00,6.517515144,3.387706729,20.0,22.0,25.0,28.565,82.173,True,True,1.588
28,2026-09-26 08:50:05+01:00,6.517512547,3.387697319,21.0,23.0,27.0,28.565,82.173,True,True,1.079
28,2026-09-26 08:50:06+01:00,6.517511143,3.387698543,21.0,23.0,27.0,28.565,82.173,True,True,0.207
28,2026-09-26 08:50:07+01:00,6.517502478,3.387693145,21.0,23.0,27.0,28.565,82.173,True,True,1.133
28,2026-09-26 08:50:08+01:00,6.517501773,3.387681687,21.0,23.0,27.0,28.565,82.173,True,True,1.268
28,2026-09-26 08:50:09+01:00,6.517497977,3.387669805,22.0,24.0,29.0,28.565,82.173,True,True,1.379
28,2026-09-26 08:50:10+01:00,6.517497402,3.387667878,23.0,25.0,32.0,28.565,82.173,True,True,0.222
28,2026-09-26 08:50:11+01:00,6.517494807,3.387659975,23.0,25.0,32.0,28.565,82.173,True,True,0.92
28,2026-09-26 08:50:12+01:00,6.517487601,3.387645324,23.0,25.0,32.0,28.565,82.173,True,True,1.806
28,2026-09-26 08:50:13+01:00,6.517487601,3.387645324,23.0,25.0,32.0,28.565,82.173,True,True,0.0
28,2026-09-26 08:50:14+01:00,6.517487381,3.387621124,23.0,25.0,32.0,28.565,82.173,True,True,2.674
28,2026-09-26 08:50:15+01:00,6.517487412,3.387611619,23.0,25.0,32.0,28.565,82.173,True,True,1.05
28,2026-09-26 08:50:16+01:00,6.517488448,3.387605123,23.0,25.0,32.0,28.565,82.173,True,True,0.727
28,2026-09-26 08:50:17+01:00,6.517487164,3.387596868,20.0,22.0,25.0,28.565,82.173,True,True,0.923
28,2026-09-26 08:50:18+01:00,6.517485588,3.387586823,20.0,22.0,25.0,28.565,82.173,True,True,1.123
28,2026-09-26 08:50:19+01:00,6.517481468,3.387574085,19.0,21.0,22.0,28.565,82.173,True,True,1.48
28,2026-09-26 08:50:20+01:00,6.517477504,3.38756662,19.0,21.0,22.0,28.565,82.173,True,True,0.935
28,2026-09-26 08:50:21+01:00,6.517478499,3.387560187,20.0,22.0,25.0,28.565,82.173,True,True,0.719
28,2026-09-26 08:50:22+01:00,6.517476812,3.387548293,20.0,22.0,25.0,28.565,82.173,True,True,1.327
28,2026-09-26 08:50:23+01:00,6.51747277,3.387540978,20.0,22.0,25.0,28.565,82.173,True,True,0.925
28,2026-09-26 08:50:24+01:00,6.517474557,3.387533424,18.0,20.0,21.0,28.565,82.173,True,True,0.858
28,2026-09-26 08:50:25+01:00,6.517470604,3.387528846,18.0,20.0,21.0,28.565,82.173,True,True,0.67
28,2026-09-26 08:50:26+01:00,6.517470525,3.387519844,18.0,20.0,21.0,28.565,82.173,True,True,0.995
28,2026-09-26 08:50:27+01:00,6.517471327,3.387509542,18.0,20.0,21.0,28.565,82.173,True,True,1.142
28,2026-09-26 08:50:28+01:00,6.51746263,3.387497289,16.0,17.0,18.0,28.565,82.173,True,True,1.664
28,2026-09-26 08:50:29+01:00,6.517461619,3.387483393,16.0,17.0,18.0,28.565,82.173,True,True,1.539
28,2026-09-26 08:50:30+01:00,6.517460766,3.387472328,15.0,16.0,17.0,28.565,82.173,True,True,1.226
28,2026-09-26 08:50:31+01:00,6.517452618,3.387457627,15.0,16.0,17.0,28.565,82.173,True,True,1.86
28,2026-09-26 08:50:32+01:00,6.517454027,3.387447681,15.0,16.0,17.0,28.565,81.064,True,True,1.11
28,2026-09-26 08:50:33+01:00,6.517457949,3.387439207,15.0,16.0,17.0,28.565,81.064,True,True,1.033
28,2026-09-26 08:50:34+01:00,6.51745857,3.387431388,15.0,16.0,17.0,28.565,81.064,True,True,0.867
28,2026-09-26 08:50:35+01:00,6.51745025,3.387406772,16.0,17.0,18.0,28.565,81.064,True,True,2.873
28,2026-09-26 08:50:36+01:00,6.517448629,3.387402798,15.0,16.0,17.0,28.565,81.064,True,True,0.475
28,2026-09-26 08:50:37+01:00,6.517448728,3.387394378,14.0,15.0,16.0,28.565,81.064,True,True,0.93
28,2026-09-26 08:50:38+01:00,6.517447334,3.387393797,15.0,16.0,17.0,28.565,81.064,True,True,0.168
28,2026-09-26 08:50:39+01:00,6.51744799,3.387382674,15.0,16.0,17.0,28.565,81.064,True,True,1.231
28,2026-09-26 08:50:40+01:00,6.517449395,3.387374625,14.0,15.0,16.0,28.565,81.064,True,True,0.903
28,2026-09-26 08:50:41+01:00,6.517450889,3.387355264,13.0,14.0,14.0,28.565,81.064,True,True,2.145
28,2026-09-26 08:50:42+01:00,6.517452605,3.387345769,14.0,15.0,16.0,28.565,81.064,True,True,1.066
28,2026-09-26 08:50:43+01:00,6.517450711,3.387340182,14.0,15.0,16.0,28.565,81.064,True,True,0.652
28,2026-09-26 08:50:44+01:00,6.517451811,3.387322889,14.0,15.0,16.0,28.565,81.064,True,True,1.914
28,2026-09-26 08:50:45+01:00,6.517450008,3.387320505,14.0,15.0,16.0,28.565,81.064,True,True,0.331
28,2026-09-26 08:50:46+01:00,6.517454844,3.387324451,14.0,15.0,16.0,28.565,81.064,True,True,0.692
28,2026-09-26 08:50:47+01:00,6.517468891,3.387321623,14.0,15.0,16.0,28.565,81.064,True,True,1.593
28,2026-09-26 08:50:48+01:00,6.51748019,3.387324707,14.0,15.0,16.0,28.565,81.064,True,True,1.302
28,2026-09-26 08:50:49+01:00,6.517494828,3.387326951,15.0,16.0,17.0,28.565,81.064,True,True,1.646
28,2026-09-26 08:50:50+01:00,6.517503564,3.38731626,15.0,16.0,17.0,28.565,81.064,True,True,1.529
28,2026-09-26 08:50:51+01:00,6.517514126,3.387314149,14.0,15.0,16.0,28.565,81.064,True,True,1.197
28,2026-09-26 08:50:52+01:00,6.517521481,3.387311982,14.0,15.0,16.0,28.565,81.064,True,True,0.852
28,2026-09-26 08:50:53+01:00,6.517529186,3.387314266,14.0,15.0,16.0,28.565,81.064,True,True,0.893
28,2026-09-26 08:50:54+01:00,6.517538047,3.387308213,14.0,15.0,16.0,28.565,81.064,True,True,1.191
28,2026-09-26 08:50:55+01:00,6.517547525,3.387299809,14.0,15.0,16.0,28.565,81.064,True,True,1.405
28,2026-09-26 08:50:56+01:00,6.517551044,3.387291341,14.0,15.0,16.0,28.565,81.064,True,True,1.014
28,2026-09-26 08:50:57+01:00,6.517555821,3.387282746,14.0,15.0,16.0,28.565,81.064,True,True,1.088
28,2026-09-26 08:50:58+01:00,6.517559862,3.387276326,14.0,15.0,16.0,28.565,81.064,True,True,0.84
28,2026-09-26 08:50:59+01:00,6.517559813,3.387273799,14.0,15.0,16.0,28.565,81.064,True,True,0.279
28,2026-09-26 08:51:00+01:00,6.517559339,3.387274775,14.0,15.0,16.0,28.565,81.064,True,True,0.12
28,2026-09-26 08:51:01+01:00,6.517559339,3.387274775,13.0,14.0,14.0,28.565,81.064,True,True,0.0
28,2026-09-26 08:51:02+01:00,6.517559339,3.387274775,13.0,14.0,14.0,28.565,81.064,True,True,0.0
29,2026-09-26 07:39:38+01:00,6.51764686,3.387243596,35.0,39.0,60.0,27.613,82.954,True,True,0.0
29,2026-09-26 07:39:39+01:00,6.517644919,3.387244208,35.0,39.0,60.0,27.613,82.954,True,True,0.226
29,2026-09-26 07:39:40+01:00,6.517645573,3.387244996,35.0,39.0,60.0,27.613,82.954,True,True,0.113
29,2026-09-26 07:39:41+01:00,6.517643193,3.387246564,35.0,39.0,60.0,27.613,82.954,True,True,0.316
29,2026-09-26 07:39:42+01:00,6.517641346,3.38724881,35.0,39.0,60.0,27.613,82.954,True,True,0.322
29,2026-09-26 07:39:43+01:00,6.517641745,3.387246923,38.0,43.0,66.0,27.613,82.954,True,True,0.213
29,2026-09-26 07:39:44+01:00,6.517643401,3.387243496,35.0,39.0,60.0,27.613,82.954,True,True,0.421
29,2026-09-26 07:39:45+01:00,6.517645728,3.387245371,35.0,39.0,60.0,27.613,82.954,True,True,0.331
29,2026-09-26 07:39:46+01:00,6.51764149,3.387244939,35.0,39.0,60.0,27.613,82.954,True,True,0.474
29,2026-09-26 07:39:47+01:00,6.517640179,3.387248366,38.0,43.0,66.0,27.613,82.954,True,True,0.406
29,2026-09-26 07:39:48+01:00,6.517640774,3.387247265,35.0,39.0,60.0,27.613,82.954,True,True,0.138
29,2026-09-26 07:39:49+01:00,6.517640234,3.387246665,35.0,39.0,60.0,27.613,82.954,True,True,0.089
29,2026-09-26 07:39:50+01:00,6.517638157,3.387245916,34.0,38.0,57.0,27.613,82.954,True,True,0.245
29,2026-09-26 07:39:51+01:00,6.517641409,3.387244865,33.0,36.0,54.0,27.613,82.954,True,True,0.38
29,2026-09-26 07:39:52+01:00,6.517643837,3.387246013,33.0,36.0,54.0,27.613,82.954,True,True,0.298
29,2026-09-26 07:39:53+01:00,6.517642465,3.387247826,33.0,36.0,54.0,27.613,82.954,True,True,0.252
29,2026-09-26 07:39:54+01:00,6.517643757,3.387249125,33.0,36.0,54.0,27.613,82.954,True,True,0.203
29,2026-09-26 07:39:55+01:00,6.517646805,3.387246085,33.0,36.0,54.0,27.613,82.954,True,True,0.477
29,2026-09-26 07:39:56+01:00,6.517644372,3.387243848,33.0,36.0,54.0,27.613,82.954,True,True,0.366
29,2026-09-26 07:39:57+01:00,6.517641603,3.387246563,33.0,36.0,54.0,27.613,82.954,True,True,0.43
29,2026-09-26 07:39:58+01:00,6.517641527,3.387244604,33.0,36.0,54.0,27.613,82.954,True,True,0.217
29,2026-09-26 07:39:59+01:00,6.517639291,3.387242362,38.0,43.0,66.0,27.613,82.954,True,True,0.351
29,2026-09-26 07:40:00+01:00,6.517635143,3.387241241,38.0,43.0,66.0,27.613,82.954,True,True,0.478
29,2026-09-26 07:40:01+01:00,6.5176334,3.387240521,38.0,43.0,66.0,27.613,82.954,True,True,0.21
29,2026-09-26 07:40:02+01:00,6.517635994,3.387241256,35.0,39.0,60.0,27.613,82.954,True,True,0.3
29,2026-09-26 07:40:03+01:00,6.517639052,3.387237867,33.0,36.0,54.0,27.613,82.954,True,True,0.506
29,2026-09-26 07:40:04+01:00,6.51763897,3.387236606,33.0,36.0,54.0,27.613,82.954,True,True,0.14
29,2026-09-26 07:40:05+01:00,6.517635348,3.387236417,35.0,39.0,60.0,27.613,82.954,True,True,0.403
29,2026-09-26 07:40:06+01:00,6.517637894,3.387236356,33.0,36.0,54.0,27.613,82.954,True,True,0.283
29,2026-09-26 07:40:07+01:00,6.517637867,3.387239698,35.0,39.0,60.0,27.613,82.954,True,True,0.369
29,2026-09-26 07:40:08+01:00,6.517638263,3.387247664,38.0,43.0,66.0,27.613,82.954,True,True,0.881
29,2026-09-26 07:40:09+01:00,6.517631654,3.387244888,38.0,43.0,66.0,27.613,82.954,True,True,0.796
29,2026-09-26 07:40:10+01:00,6.517626905,3.387243981,38.0,43.0,66.0,27.613,82.954,True,True,0.537
29,2026-09-26 07:40:11+01:00,6.517620218,3.387245058,38.0,43.0,66.0,27.613,82.954,True,True,0.753
29,2026-09-26 07:40:12+01:00,6.517614483,3.387247884,40.0,46.0,73.0,27.613,82.954,True,True,0.71
29,2026-09-26 07:40:13+01:00,6.517611203,3.387250489,38.0,43.0,66.0,27.613,82.954,True,True,0.465
29,2026-09-26 07:40:14+01:00,6.517604616,3.387251183,38.0,43.0,66.0,27.613,82.954,True,True,0.736
29,2026-09-26 07:40:15+01:00,6.517600286,3.387256679,35.0,39.0,60.0,27.613,82.954,True,True,0.775
29,2026-09-26 07:40:16+01:00,6.517596132,3.387257559,35.0,39.0,60.0,27.613,82.954,True,True,0.472
29,2026-09-26 07:40:17+01:00,6.517596219,3.387256595,33.0,36.0,54.0,27.613,82.954,True,True,0.107
29,2026-09-26 07:40:18+01:00,6.517594409,3.387259282,33.0,36.0,54.0,27.613,82.954,True,True,0.359
29,2026-09-26 07:40:19+01:00,6.517594402,3.387260618,33.0,36.0,54.0,27.613,82.954,True,True,0.148
29,2026-09-26 07:40:20+01:00,6.517595201,3.387265352,35.0,39.0,60.0,27.613,82.954,True,True,0.53
29,2026-09-26 07:40:21+01:00,6.517593633,3.387262799,35.0,39.0,60.0,27.613,82.954,True,True,0.332
29,2026-09-26 07:40:22+01:00,6.517595525,3.387256212,35.0,39.0,60.0,27.613,82.954,True,True,0.758
29,2026-09-26 07:40:23+01:00,6.517589818,3.387267165,33.0,36.0,54.0,27.613,82.954,True,True,1.366
29,2026-09-26 07:40:24+01:00,6.51759253,3.387263704,33.0,36.0,54.0,27.613,82.954,True,True,0.487
29,2026-09-26 07:40:25+01:00,6.517585651,3.387267159,33.0,36.0,54.0,27.613,82.954,True,True,0.855
29,2026-09-26 07:40:26+01:00,6.517588129,3.387260173,30.0,33.0,47.0,27.613,82.954,True,True,0.819
29,2026-09-26 07:40:27+01:00,6.517586831,3.387259015,30.0,33.0,47.0,27.613,82.954,True,True,0.193
29,2026-09-26 07:40:28+01:00,6.517586663,3.387260303,30.0,33.0,47.0,27.613,82.954,True,True,0.144
29,2026-09-26 07:40:29+01:00,6.517586198,3.387256505,30.0,33.0,47.0,27.613,82.954,True,True,0.423
29,2026-09-26 07:40:30+01:00,6.517578745,3.387261829,30.0,33.0,47.0,27.613,82.954,True,True,1.016
29,2026-09-26 07:40:31+01:00,6.517580478,3.387259884,30.0,33.0,47.0,27.613,82.954,True,True,0.289
29,2026-09-26 07:40:32+01:00,6.517580656,3.387259371,28.0,30.0,42.0,27.613,82.954,True,True,0.06
29,2026-09-26 07:40:33+01:00,6.517581025,3.387261702,28.0,30.0,42.0,27.613,82.954,True,True,0.261
29,2026-09-26 07:40:34+01:00,6.517585178,3.387261707,28.0,30.0,42.0,27.613,82.954,True,True,0.462
29,2026-09-26 07:40:35+01:00,6.517583619,3.387262617,30.0,33.0,47.0,27.613,82.954,True,True,0.2
29,2026-09-26 07:40:36+01:00,6.517582864,3.38726496,30.0,33.0,47.0,27.613,82.954,True,True,0.272
29,2026-09-26 07:40:37+01:00,6.517583566,3.387268852,30.0,33.0,47.0,27.613,82.954,True,True,0.437
29,2026-09-26 07:40:38+01:00,6.51758627,3.387268857,30.0,33.0,47.0,27.613,82.954,True,True,0.301
29,2026-09-26 07:40:39+01:00,6.517586739,3.387271322,33.0,36.0,54.0,27.613,82.954,True,True,0.277
29,2026-09-26 07:40:40+01:00,6.517587632,3.387264876,30.0,33.0,47.0,27.613,82.954,True,True,0.719
29,2026-09-26 07:40:41+01:00,6.517587151,3.3872645,30.0,33.0,47.0,27.613,82.954,True,True,0.068
29,2026-09-26 07:40:42+01:00,6.517591141,3.387265331,30.0,33.0,47.0,27.613,82.954,True,True,0.453
29,2026-09-26 07:40:43+01:00,6.517586896,3.387277179,30.0,33.0,47.0,27.613,82.954,True,True,1.391
29,2026-09-26 07:40:44+01:00,6.517582338,3.387283892,33.0,36.0,54.0,27.613,82.954,True,True,0.898
29,2026-09-26 07:40:45+01:00,6.517592462,3.387270875,33.0,36.0,54.0,27.613,82.954,True,True,1.826
29,2026-09-26 07:40:46+01:00,6.517591252,3.387277384,33.0,36.0,54.0,27.613,82.954,True,True,0.732
29,2026-09-26 07:40:47+01:00,6.517591131,3.387275122,33.0,36.0,54.0,27.613,82.954,True,True,0.25
29,2026-09-26 07:40:48+01:00,6.517587909,3.387275878,33.0,36.0,54.0,27.613,82.954,True,True,0.368
29,2026-09-26 07:40:49+01:00,6.51758431,3.387290482,33.0,36.0,54.0,27.613,82.954,True,True,1.662
29,2026-09-26 07:40:50+01:00,6.517581939,3.387291488,33.0,36.0,54.0,27.613,82.954,True,True,0.286
29,2026-09-26 07:40:51+01:00,6.517587543,3.387287268,33.0,36.0,54.0,27.613,82.954,True,True,0.778
29,2026-09-26 07:40:52+01:00,6.517588939,3.387282232,33.0,36.0,54.0,27.613,82.954,True,True,0.578
29,2026-09-26 07:40:53+01:00,6.517589216,3.387276977,33.0,36.0,54.0,27.613,82.954,True,True,0.581
29,2026-09-26 07:40:54+01:00,6.517583543,3.387279426,33.0,36.0,54.0,27.613,82.954,True,True,0.686
29,2026-09-26 07:40:55+01:00,6.517589188,3.387283434,33.0,36.0,54.0,27.613,82.954,True,True,0.768
29,2026-09-26 07:40:56+01:00,6.51759246,3.387279077,30.0,33.0,47.0,27.613,82.954,True,True,0.603
29,2026-09-26 07:40:57+01:00,6.517593884,3.387276242,30.0,33.0,47.0,27.613,82.954,True,True,0.351
29,2026-09-26 07:40:58+01:00,6.517592682,3.387275756,30.0,33.0,47.0,27.613,82.954,True,True,0.144
29,2026-09-26 07:40:59+01:00,6.517598461,3.387274485,30.0,33.0,47.0,27.613,82.954,True,True,0.658
29,2026-09-26 07:41:00+01:00,6.517595908,3.387278777,30.0,33.0,47.0,27.613,82.954,True,True,0.553
29,2026-09-26 07:41:01+01:00,6.517598383,3.387278375,30.0,33.0,47.0,27.613,82.954,True,True,0.279
29,2026-09-26 07:41:02+01:00,6.517601804,3.387277783,33.0,36.0,54.0,27.613,82.954,True,True,0.386
29,2026-09-26 07:41:03+01:00,6.517601147,3.387278031,33.0,36.0,54.0,27.613,82.954,True,True,0.078
29,2026-09-26 07:41:04+01:00,6.517602234,3.387276587,30.0,33.0,47.0,27.613,82.954,True,True,0.2
29,2026-09-26 07:41:05+01:00,6.517599613,3.387281604,30.0,33.0,47.0,27.613,82.954,True,True,0.626
29,2026-09-26 07:41:06+01:00,6.51759645,3.387284492,33.0,36.0,54.0,27.613,82.954,True,True,0.475
29,2026-09-26 07:41:07+01:00,6.517594457,3.387287496,33.0,36.0,54.0,27.613,82.954,True,True,0.399
29,2026-09-26 07:41:08+01:00,6.517594457,3.387287496,33.0,36.0,54.0,27.613,82.954,True,True,0.0
29,2026-09-26 07:41:09+01:00,6.51759332,3.387292847,33.0,36.0,54.0,27.613,82.954,True,True,0.605
29,2026-09-26 07:41:10+01:00,6.517595327,3.387288748,33.0,36.0,54.0,27.613,82.954,True,True,0.505
29,2026-09-26 07:41:11+01:00,6.517595469,3.387289243,33.0,36.0,54.0,27.613,82.954,True,True,0.057
29,2026-09-26 07:41:12+01:00,6.517595469,3.387289243,33.0,36.0,54.0,27.613,82.954,True,True,0.0
29,2026-09-26 07:41:13+01:00,6.517595469,3.387289243,33.0,36.0,54.0,27.613,82.954,True,True,0.0
29,2026-09-26 07:41:14+01:00,6.517595469,3.387289243,30.0,33.0,47.0,27.613,82.954,True,True,0.0
29,2026-09-26 07:41:15+01:00,6.517595469,3.387289243,30.0,33.0,47.0,27.613,82.954,True,True,0.0
29,2026-09-26 07:41:16+01:00,6.517595469,3.387289243,33.0,36.0,54.0,27.613,82.954,True,True,0.0
29,2026-09-26 07:41:17+01:00,6.517595469,3.387289243,33.0,36.0,54.0,27.613,82.954,True,True,0.0
29,2026-09-26 07:41:18+01:00,6.517590513,3.387285986,33.0,36.0,54.0,27.613,82.954,True,True,0.658
29,2026-09-26 07:41:19+01:00,6.517590661,3.387285851,33.0,36.0,54.0,27.613,82.954,True,True,0.022
29,2026-09-26 07:41:20+01:00,6.517590661,3.387285851,33.0,36.0,54.0,27.613,82.954,True,True,0.0
29,2026-09-26 07:41:21+01:00,6.517590661,3.387285851,33.0,36.0,54.0,27.613,82.954,True,True,0.0
29,2026-09-26 07:41:22+01:00,6.517590661,3.387285851,33.0,36.0,54.0,27.613,82.954,True,True,0.0
29,2026-09-26 07:41:23+01:00,6.517590661,3.387285851,33.0,36.0,54.0,27.613,82.954,True,True,0.0
29,2026-09-26 07:41:24+01:00,6.517590661,3.387285851,33.0,36.0,54.0,27.613,82.954,True,True,0.0
29,2026-09-26 07:41:25+01:00,6.517590661,3.387285851,33.0,36.0,54.0,27.613,82.954,True,True,0.0
29,2026-09-26 07:41:26+01:00,6.517590661,3.387285851,33.0,36.0,54.0,27.613,82.954,True,True,0.0
29,2026-09-26 07:41:27+01:00,6.517590661,3.387285851,33.0,36.0,54.0,27.613,82.954,True,True,0.0
29,2026-09-26 07:41:28+01:00,6.517590661,3.387285851,33.0,36.0,54.0,27.613,82.954,True,True,0.0
29,2026-09-26 07:41:29+01:00,6.517590661,3.387285851,33.0,36.0,54.0,27.613,82.954,True,True,0.0
29,2026-09-26 07:41:30+01:00,6.517590661,3.387285851,33.0,36.0,54.0,27.613,82.954,True,True,0.0
29,2026-09-26 07:41:31+01:00,6.517590661,3.387285851,33.0,36.0,54.0,27.613,82.954,True,True,0.0
29,2026-09-26 07:41:32+01:00,6.517590661,3.387285851,33.0,36.0,54.0,27.113,84.082,True,True,0.0
29,2026-09-26 07:41:33+01:00,6.517590661,3.387285851,33.0,36.0,54.0,27.113,84.082,True,True,0.0
29,2026-09-26 07:41:34+01:00,6.517605173,3.387281845,33.0,36.0,54.0,27.113,84.082,True,True,1.673
29,2026-09-26 07:41:35+01:00,6.517605392,3.387284129,35.0,39.0,60.0,27.113,84.082,True,True,0.254
29,2026-09-26 07:41:36+01:00,6.517594227,3.387293057,35.0,39.0,60.0,27.113,84.082,True,True,1.586
29,2026-09-26 07:41:37+01:00,6.517600572,3.387275465,35.0,39.0,60.0,27.113,84.082,True,True,2.068
29,2026-09-26 07:41:38+01:00,6.517607029,3.387272533,35.0,39.0,60.0,27.113,84.082,True,True,0.788
29,2026-09-26 07:41:39+01:00,6.517612135,3.387276343,35.0,39.0,60.0,27.113,84.082,True,True,0.707
29,2026-09-26 07:41:40+01:00,6.517617117,3.387280786,35.0,39.0,60.0,27.113,84.082,True,True,0.74
29,2026-09-26 07:41:41+01:00,6.517617618,3.387285139,35.0,39.0,60.0,27.113,84.082,True,True,0.484
29,2026-09-26 07:41:42+01:00,6.517620535,3.387286973,35.0,39.0,60.0,27.113,84.082,True,True,0.382
29,2026-09-26 07:41:43+01:00,6.51762087,3.387287198,35.0,39.0,60.0,27.113,84.082,True,True,0.045
29,2026-09-26 07:41:44+01:00,6.517615755,3.387282915,35.0,39.0,60.0,27.113,84.082,True,True,0.74
29,2026-09-26 07:41:45+01:00,6.517615104,3.387278082,35.0,39.0,60.0,27.113,84.082,True,True,0.539
29,2026-09-26 07:41:46+01:00,6.517612387,3.387272214,35.0,39.0,60.0,27.113,84.082,True,True,0.715
29,2026-09-26 07:41:47+01:00,6.517614212,3.387271698,34.0,38.0,57.0,27.113,84.082,True,True,0.211
29,2026-09-26 07:41:48+01:00,6.517609777,3.387273509,33.0,36.0,54.0,27.113,84.082,True,True,0.532
29,2026-09-26 07:41:49+01:00,6.517610689,3.387275406,30.0,33.0,47.0,27.113,84.082,True,True,0.233
29,2026-09-26 07:41:50+01:00,6.517614636,3.387275849,30.0,33.0,47.0,27.113,84.082,True,True,0.442
29,2026-09-26 07:41:51+01:00,6.517616591,3.387279045,30.0,33.0,47.0,27.113,84.082,True,True,0.415
29,2026-09-26 07:41:52+01:00,6.517616514,3.387278904,30.0,33.0,47.0,27.113,84.082,True,True,0.018
29,2026-09-26 07:41:53+01:00,6.517618668,3.387277904,30.0,33.0,47.0,27.113,84.082,True,True,0.264
29,2026-09-26 07:41:54+01:00,6.517616661,3.387279383,30.0,33.0,47.0,27.113,84.082,True,True,0.277
29,2026-09-26 07:41:55+01:00,6.517617221,3.387279495,33.0,36.0,54.0,27.113,84.082,True,True,0.063
29,2026-09-26 07:41:56+01:00,6.517610765,3.387279026,33.0,36.0,54.0,27.113,84.082,True,True,0.72
29,2026-09-26 07:41:57+01:00,6.517610585,3.3872801,33.0,36.0,54.0,27.113,84.082,True,True,0.12
29,2026-09-26 07:41:58+01:00,6.517607521,3.387279324,30.0,33.0,47.0,27.113,84.082,True,True,0.351
29,2026-09-26 07:41:59+01:00,6.517604983,3.387279071,30.0,33.0,47.0,27.113,84.082,True,True,0.284
29,2026-09-26 07:42:00+01:00,6.517604467,3.387278348,30.0,33.0,47.0,27.113,84.082,True,True,0.098
29,2026-09-26 07:42:01+01:00,6.517602535,3.387277264,33.0,36.0,54.0,27.113,84.082,True,True,0.246
29,2026-09-26 07:42:02+01:00,6.517599441,3.387277334,30.0,33.0,47.0,27.113,84.082,True,True,0.344
29,2026-09-26 07:42:03+01:00,6.517597511,3.387275958,30.0,33.0,47.0,27.113,84.082,True,True,0.263
29,2026-09-26 07:42:04+01:00,6.517593102,3.387275471,27.0,29.0,39.0,27.113,84.082,True,True,0.493
29,2026-09-26 07:42:05+01:00,6.517593304,3.387274367,26.0,28.0,37.0,27.113,84.082,True,True,0.124
29,2026-09-26 07:42:06+01:00,6.517591899,3.38727334,23.0,25.0,32.0,27.113,84.082,True,True,0.193
29,2026-09-26 07:42:07+01:00,6.51759205,3.387271242,23.0,25.0,32.0,27.113,84.082,True,True,0.232
29,2026-09-26 07:42:09+01:00,6.517593206,3.387272558,23.0,28.0,32.0,27.113,84.082,True,True,0.097
29,2026-09-26 07:42:11+01:00,6.517594666,3.387271228,23.0,25.0,37.0,27.113,84.082,True,True,0.109
29,2026-09-26 07:42:13+01:00,6.517592452,3.387270905,23.0,25.0,32.0,27.113,84.082,True,True,0.124
29,2026-09-26 07:42:15+01:00,6.51759602,3.387269645,23.0,25.0,32.0,27.113,84.082,True,True,0.21
29,2026-09-26 07:42:17+01:00,6.517598161,3.387273183,23.0,25.0,32.0,27.113,84.082,True,True,0.229
29,2026-09-26 07:42:19+01:00,6.517601466,3.387272257,23.0,25.0,32.0,27.113,84.082,True,True,0.191
29,2026-09-26 07:42:21+01:00,6.517599697,3.387276187,23.0,25.0,32.0,27.113,84.082,True,True,0.238
29,2026-09-26 07:42:23+01:00,6.517607151,3.387271249,23.0,25.0,32.0,27.113,84.082,True,True,0.496
29,2026-09-26 07:42:24+01:00,6.517598146,3.387269263,23.0,25.0,32.0,27.113,84.082,True,True,1.025
29,2026-09-26 07:42:25+01:00,6.517598146,3.387269263,23.0,25.0,32.0,27.113,84.082,True,True,0.0
29,2026-09-26 07:42:26+01:00,6.517595872,3.387263023,23.0,25.0,32.0,27.113,84.082,True,True,0.734
29,2026-09-26 07:42:27+01:00,6.517595872,3.387263023,23.0,25.0,32.0,27.113,84.082,True,True,0.0
29,2026-09-26 07:42:28+01:00,6.517604197,3.387261717,26.0,28.0,37.0,27.113,84.082,True,True,0.937
29,2026-09-26 07:42:29+01:00,6.517604197,3.387261717,28.0,30.0,42.0,27.113,84.082,True,True,0.0
29,2026-09-26 07:42:30+01:00,6.517608495,3.387262646,28.0,30.0,42.0,27.113,84.082,True,True,0.489
29,2026-09-26 07:42:31+01:00,6.517607521,3.387260604,30.0,33.0,47.0,27.113,84.082,True,True,0.25
29,2026-09-26 07:42:32+01:00,6.517611342,3.387260444,30.0,33.0,47.0,27.113,84.082,True,True,0.425
29,2026-09-26 07:42:33+01:00,6.517615797,3.387259751,30.0,33.0,47.0,27.113,84.082,True,True,0.501
29,2026-09-26 07:42:34+01:00,6.517615141,3.387262394,30.0,33.0,47.0,27.113,84.082,True,True,0.301
29,2026-09-26 07:42:35+01:00,6.517617697,3.387264237,30.0,33.0,47.0,27.113,84.082,True,True,0.35
29,2026-09-26 07:42:36+01:00,6.517614262,3.387265478,30.0,33.0,47.0,27.113,84.082,True,True,0.406
29,2026-09-26 07:42:37+01:00,6.517620775,3.3872665,30.0,33.0,47.0,27.113,84.082,True,True,0.733
29,2026-09-26 07:42:38+01:00,6.517621448,3.387266893,33.0,36.0,54.0,27.113,84.082,True,True,0.087
29,2026-09-26 07:42:39+01:00,6.517621843,3.387266816,30.0,33.0,47.0,27.113,84.082,True,True,0.045
29,2026-09-26 07:42:40+01:00,6.517621843,3.387266816,33.0,36.0,54.0,27.113,84.082,True,True,0.0
29,2026-09-26 07:42:41+01:00,6.517617391,3.38726567,33.0,36.0,54.0,27.113,84.082,True,True,0.511
29,2026-09-26 07:42:42+01:00,6.517619388,3.387268664,30.0,33.0,47.0,27.113,84.082,True,True,0.398
29,2026-09-26 07:42:43+01:00,6.517623361,3.387270996,30.0,33.0,47.0,27.113,84.082,True,True,0.511
29,2026-09-26 07:42:44+01:00,6.517623546,3.387271125,33.0,36.0,54.0,27.113,84.082,True,True,0.025
29,2026-09-26 07:42:45+01:00,6.517619039,3.387265765,33.0,36.0,54.0,27.113,84.082,True,True,0.776
29,2026-09-26 07:42:46+01:00,6.517625087,3.387277292,30.0,33.0,47.0,27.113,84.082,True,True,1.44
29,2026-09-26 07:42:47+01:00,6.517627278,3.387274967,30.0,33.0,47.0,27.113,84.082,True,True,0.354
29,2026-09-26 07:42:48+01:00,6.517625746,3.387277596,30.0,33.0,47.0,27.113,84.082,True,True,0.337
29,2026-09-26 07:42:49+01:00,6.517625725,3.387278532,30.0,33.0,47.0,27.113,84.082,True,True,0.103
29,2026-09-26 07:42:50+01:00,6.517627744,3.387276941,30.0,33.0,47.0,27.113,84.082,True,True,0.285
29,2026-09-26 07:42:51+01:00,6.517628493,3.387278577,30.0,33.0,47.0,27.113,84.082,True,True,0.199
29,2026-09-26 07:42:52+01:00,6.51762951,3.38727684,32.0,35.0,50.0,27.113,84.082,True,True,0.223
29,2026-09-26 07:42:53+01:00,6.517632959,3.387277003,33.0,36.0,54.0,27.113,84.082,True,True,0.384
29,2026-09-26 07:42:54+01:00,6.517634446,3.38727491,33.0,36.0,54.0,27.113,84.082,True,True,0.284
29,2026-09-26 07:42:55+01:00,6.517635599,3.387274588,33.0,36.0,54.0,27.113,84.082,True,True,0.133
29,2026-09-26 07:42:56+01:00,6.517638723,3.387273847,33.0,36.0,54.0,27.113,84.082,True,True,0.357
29,2026-09-26 07:42:57+01:00,6.517639562,3.387274969,33.0,36.0,54.0,27.113,84.082,True,True,0.155
29,2026-09-26 07:42:58+01:00,6.517641692,3.387274842,33.0,36.0,54.0,27.113,84.082,True,True,0.237
29,2026-09-26 07:42:59+01:00,6.517645632,3.38727351,33.0,36.0,54.0,27.113,84.082,True,True,0.462
29,2026-09-26 07:43:00+01:00,6.517646079,3.387273475,30.0,33.0,47.0,27.113,84.082,True,True,0.05
29,2026-09-26 07:43:01+01:00,6.517648862,3.387273439,28.0,30.0,42.0,27.113,84.082,True,True,0.309
29,2026-09-26 07:43:02+01:00,6.517648106,3.387274404,28.0,30.0,42.0,27.113,84.082,True,True,0.136
29,2026-09-26 07:43:03+01:00,6.517644149,3.387274818,28.0,30.0,42.0,27.113,84.082,True,True,0.442
29,2026-09-26 07:43:04+01:00,6.51764301,3.387275234,26.0,28.0,37.0,27.113,84.082,True,True,0.135
29,2026-09-26 07:43:05+01:00,6.517640324,3.387277756,26.0,28.0,37.0,27.113,84.082,True,True,0.408
29,2026-09-26 07:43:06+01:00,6.517643372,3.387274755,26.0,28.0,37.0,27.113,84.082,True,True,0.474
29,2026-09-26 07:43:07+01:00,6.517643151,3.387275119,23.0,25.0,32.0,27.113,84.082,True,True,0.047
29,2026-09-26 07:43:08+01:00,6.5176449,3.387276979,23.0,25.0,32.0,27.113,84.082,True,True,0.283
29,2026-09-26 07:43:09+01:00,6.517640673,3.38728004,26.0,28.0,37.0,27.113,84.082,True,True,0.579
29,2026-09-26 07:43:10+01:00,6.517635266,3.387280246,28.0,30.0,42.0,27.113,84.082,True,True,0.602
29,2026-09-26 07:43:11+01:00,6.517631012,3.387273932,28.0,30.0,42.0,27.113,84.082,True,True,0.843
29,2026-09-26 07:43:12+01:00,6.517628719,3.387276528,28.0,30.0,42.0,27.113,84.082,True,True,0.384
29,2026-09-26 07:43:13+01:00,6.517644294,3.387283089,28.0,30.0,42.0,27.113,84.082,True,True,1.877
29,2026-09-26 07:43:14+01:00,6.517634094,3.387281607,28.0,30.0,42.0,27.113,84.082,True,True,1.146
29,2026-09-26 07:43:15+01:00,6.517637453,3.387278209,26.0,28.0,37.0,27.113,84.082,True,True,0.53
29,2026-09-26 07:43:16+01:00,6.517635229,3.387285352,26.0,28.0,37.0,27.113,84.082,True,True,0.827
29,2026-09-26 07:43:17+01:00,6.517632681,3.387285923,26.0,28.0,37.0,27.113,84.082,True,True,0.29
29,2026-09-26 07:43:18+01:00,6.517633223,3.387284917,26.0,28.0,37.0,27.113,84.082,True,True,0.126
29,2026-09-26 07:43:19+01:00,6.517638055,3.387282676,26.0,28.0,37.0,27.113,84.082,True,True,0.592
29,2026-09-26 07:43:20+01:00,6.517641417,3.387279128,26.0,28.0,37.0,27.113,84.082,True,True,0.542
29,2026-09-26 07:43:21+01:00,6.517650041,3.387278084,23.0,25.0,32.0,27.113,84.082,True,True,0.966
29,2026-09-26 07:43:22+01:00,6.517657344,3.387273921,23.0,25.0,32.0,27.113,84.082,True,True,0.933
29,2026-09-26 07:43:23+01:00,6.517657344,3.387273921,26.0,28.0,37.0,27.113,84.082,True,True,0.0
29,2026-09-26 07:43:24+01:00,6.517657344,3.387273921,26.0,28.0,37.0,27.113,84.082,True,True,0.0
29,2026-09-26 07:43:25+01:00,6.517657344,3.387273921,26.0,28.0,37.0,27.113,84.082,True,True,0.0
29,2026-09-26 07:43:26+01:00,6.517663559,3.387278807,26.0,28.0,37.0,27.113,84.082,True,True,0.877
29,2026-09-26 07:43:27+01:00,6.517664542,3.387282442,23.0,25.0,32.0,27.113,84.082,True,True,0.416
29,2026-09-26 07:43:28+01:00,6.517657252,3.387290093,23.0,25.0,32.0,27.113,84.082,True,True,1.171
29,2026-09-26 07:43:29+01:00,6.517653472,3.387290989,23.0,25.0,32.0,27.113,84.082,True,True,0.432
29,2026-09-26 07:43:30+01:00,6.517647047,3.387296676,23.0,25.0,32.0,27.113,84.082,True,True,0.951
29,2026-09-26 07:43:31+01:00,6.517639526,3.38729638,23.0,25.0,32.0,27.113,84.082,True,True,0.837
29,2026-09-26 07:43:32+01:00,6.517635106,3.387300373,26.0,28.0,37.0,27.113,84.082,True,True,0.66
29,2026-09-26 07:43:33+01:00,6.517625393,3.387306897,26.0,28.0,37.0,27.113,84.082,True,True,1.298
29,2026-09-26 07:43:34+01:00,6.517620674,3.387304767,23.0,25.0,32.0,27.113,84.082,True,True,0.575
29,2026-09-26 07:43:35+01:00,6.517620707,3.38730407,23.0,25.0,32.0,27.113,84.082,True,True,0.077
29,2026-09-26 07:43:36+01:00,6.517612389,3.387307932,26.0,28.0,37.0,27.113,84.082,True,True,1.019
29,2026-09-26 07:43:37+01:00,6.517610858,3.387305986,26.0,28.0,37.0,27.113,84.082,True,True,0.274
29,2026-09-26 07:43:38+01:00,6.517605548,3.387310998,26.0,28.0,37.0,27.113,84.082,True,True,0.809
29,2026-09-26 07:43:39+01:00,6.517605888,3.387309047,26.0,28.0,37.0,27.113,84.082,True,True,0.219
29,2026-09-26 07:43:40+01:00,6.517605269,3.387311576,23.0,25.0,32.0,27.113,84.082,True,True,0.288
29,2026-09-26 07:43:41+01:00,6.517607037,3.387312628,23.0,25.0,32.0,27.113,84.082,True,True,0.228
29,2026-09-26 07:43:42+01:00,6.517605323,3.387311031,26.0,28.0,37.0,27.113,84.082,True,True,0.26
29,2026-09-26 07:43:43+01:00,6.517606405,3.387313335,28.0,30.0,42.0,27.113,84.082,True,True,0.282
29,2026-09-26 07:43:44+01:00,6.51760286,3.387315941,28.0,30.0,42.0,27.113,84.082,True,True,0.488
29,2026-09-26 07:43:45+01:00,6.517606585,3.387316528,30.0,33.0,47.0,27.113,84.082,True,True,0.419
29,2026-09-26 07:43:46+01:00,6.517603952,3.387316996,30.0,33.0,47.0,27.113,84.082,True,True,0.297
29,2026-09-26 07:43:47+01:00,6.517604112,3.387315789,30.0,33.0,47.0,27.113,84.082,True,True,0.135
29,2026-09-26 07:43:48+01:00,6.517606487,3.387318875,30.0,33.0,47.0,27.113,84.082,True,True,0.431
29,2026-09-26 07:43:49+01:00,6.517606934,3.387318539,33.0,36.0,54.0,27.113,84.082,True,True,0.062
29,2026-09-26 07:43:50+01:00,6.517609795,3.38731587,33.0,36.0,54.0,27.113,84.082,True,True,0.434
29,2026-09-26 07:43:51+01:00,6.517608745,3.387313895,30.0,33.0,47.0,27.113,84.082,True,True,0.247
29,2026-09-26 07:43:52+01:00,6.517610876,3.387312413,30.0,33.0,47.0,27.113,84.082,True,True,0.288
29,2026-09-26 07:43:53+01:00,6.517612308,3.387317307,33.0,36.0,54.0,27.113,84.082,True,True,0.564
29,2026-09-26 07:43:54+01:00,6.517613088,3.387311399,33.0,36.0,54.0,27.113,84.082,True,True,0.658
29,2026-09-26 07:43:55+01:00,6.517620661,3.387314507,30.0,33.0,47.0,27.113,84.082,True,True,0.909
29,2026-09-26 07:43:56+01:00,6.517623185,3.38730981,30.0,33.0,47.0,27.113,84.082,True,True,0.59
29,2026-09-26 07:43:57+01:00,6.517625274,3.387309039,30.0,33.0,47.0,27.113,84.082,True,True,0.247
29,2026-09-26 07:43:58+01:00,6.517621918,3.387309324,30.0,33.0,47.0,27.113,84.082,True,True,0.374
29,2026-09-26 07:43:59+01:00,6.5176213,3.387309311,30.0,33.0,47.0,27.113,84.082,True,True,0.069
29,2026-09-26 07:44:00+01:00,6.517626588,3.387307525,30.0,33.0,47.0,27.113,84.082,True,True,0.62
29,2026-09-26 07:44:01+01:00,6.517626717,3.387306922,30.0,33.0,47.0,27.113,84.082,True,True,0.068
29,2026-09-26 07:44:02+01:00,6.517622006,3.387305758,30.0,33.0,47.0,27.113,84.082,True,True,0.539
29,2026-09-26 07:44:03+01:00,6.517626151,3.387306746,30.0,33.0,47.0,27.113,84.082,True,True,0.474
29,2026-09-26 07:44:04+01:00,6.517625568,3.387300828,28.0,30.0,42.0,27.113,84.082,True,True,0.657
29,2026-09-26 07:44:05+01:00,6.517630888,3.387298898,28.0,30.0,42.0,27.113,84.082,True,True,0.629
29,2026-09-26 07:44:06+01:00,6.517627112,3.387294202,28.0,30.0,42.0,27.113,84.082,True,True,0.667
29,2026-09-26 07:44:07+01:00,6.517628812,3.387292835,28.0,30.0,42.0,27.113,84.082,True,True,0.242
29,2026-09-26 07:44:08+01:00,6.517626519,3.387286715,28.0,30.0,42.0,27.113,84.082,True,True,0.723
29,2026-09-26 07:44:09+01:00,6.517634513,3.387291178,26.0,28.0,37.0,27.113,84.082,True,True,1.016
29,2026-09-26 07:44:10+01:00,6.517628714,3.387285727,23.0,25.0,32.0,27.113,84.082,True,True,0.882
29,2026-09-26 07:44:11+01:00,6.517640071,3.387284048,23.0,25.0,32.0,27.113,84.082,True,True,1.276
29,2026-09-26 07:44:12+01:00,6.517641106,3.387280797,22.0,24.0,29.0,27.113,84.082,True,True,0.377
29,2026-09-26 07:44:13+01:00,6.517641795,3.387279199,22.0,24.0,29.0,27.113,84.082,True,True,0.192
29,2026-09-26 07:44:14+01:00,6.517641795,3.387279199,22.0,24.0,29.0,27.113,84.082,True,True,0.0
29,2026-09-26 07:44:15+01:00,6.517644347,3.387281027,23.0,25.0,32.0,27.113,84.082,True,True,0.348
29,2026-09-26 07:44:16+01:00,6.517636904,3.387279914,23.0,25.0,32.0,27.113,84.082,True,True,0.837
29,2026-09-26 07:44:17+01:00,6.517636941,3.387282649,23.0,25.0,32.0,27.113,84.082,True,True,0.302
29,2026-09-26 07:44:18+01:00,6.517634964,3.387282597,22.0,24.0,29.0,27.113,84.082,True,True,0.22
29,2026-09-26 07:44:19+01:00,6.51762809,3.387278411,22.0,24.0,29.0,27.113,84.082,True,True,0.893
29,2026-09-26 07:44:20+01:00,6.517628626,3.38727757,22.0,24.0,29.0,27.113,84.082,True,True,0.11
29,2026-09-26 07:44:21+01:00,6.51762919,3.387276903,23.0,25.0,32.0,27.113,84.082,True,True,0.097
29,2026-09-26 07:44:22+01:00,6.517632958,3.387277554,23.0,25.0,32.0,27.113,84.082,True,True,0.425
29,2026-09-26 07:44:23+01:00,6.517639066,3.38728367,23.0,25.0,32.0,27.113,84.082,True,True,0.958
29,2026-09-26 07:44:24+01:00,6.517639488,3.387270525,23.0,25.0,32.0,27.113,84.082,True,True,1.453
29,2026-09-26 07:44:25+01:00,6.517621995,3.387260969,23.0,25.0,32.0,27.113,84.082,True,True,2.213
29,2026-09-26 07:44:26+01:00,6.517636613,3.387273671,23.0,25.0,32.0,27.113,84.082,True,True,2.147
29,2026-09-26 07:44:27+01:00,6.517627625,3.387276083,26.0,28.0,37.0,27.113,84.082,True,True,1.034
29,2026-09-26 07:44:28+01:00,6.517623038,3.38726999,26.0,28.0,37.0,27.113,84.082,True,True,0.845
29,2026-09-26 07:44:29+01:00,6.517623321,3.387272056,26.0,28.0,37.0,27.113,84.082,True,True,0.23
29,2026-09-26 07:44:30+01:00,6.517615525,3.387271471,26.0,28.0,37.0,27.113,84.082,True,True,0.869
29,2026-09-26 07:44:31+01:00,6.517617791,3.387274452,24.0,26.0,34.0,27.113,84.082,True,True,0.415
29,2026-09-26 07:44:32+01:00,6.517617939,3.387274542,23.0,25.0,32.0,27.113,84.644,True,True,0.019
29,2026-09-26 07:44:33+01:00,6.517610855,3.387274514,22.0,24.0,29.0,27.113,84.644,True,True,0.788
29,2026-09-26 07:44:34+01:00,6.517610602,3.387274218,22.0,24.0,29.0,27.113,84.644,True,True,0.043
29,2026-09-26 07:44:35+01:00,6.5176115,3.387276763,22.0,24.0,29.0,27.113,84.644,True,True,0.298
29,2026-09-26 07:44:36+01:00,6.517613926,3.387277673,22.0,24.0,29.0,27.113,84.644,True,True,0.288
29,2026-09-26 07:44:37+01:00,6.517614282,3.38727666,22.0,24.0,29.0,27.113,84.644,True,True,0.119
29,2026-09-26 07:44:38+01:00,6.517618627,3.387276551,22.0,24.0,29.0,27.113,84.644,True,True,0.483
29,2026-09-26 07:44:39+01:00,6.517617923,3.387275214,21.0,23.0,27.0,27.113,84.644,True,True,0.167
29,2026-09-26 07:44:40+01:00,6.517608006,3.387268663,21.0,23.0,27.0,27.113,84.644,True,True,1.319
29,2026-09-26 07:44:41+01:00,6.517608297,3.387268926,21.0,23.0,27.0,27.113,84.644,True,True,0.043
29,2026-09-26 07:44:42+01:00,6.517594038,3.387257376,21.0,23.0,27.0,27.113,84.644,True,True,2.035
29,2026-09-26 07:44:43+01:00,6.51758831,3.387251352,22.0,24.0,29.0,27.113,84.644,True,True,0.921
29,2026-09-26 07:44:44+01:00,6.517584515,3.387247946,22.0,24.0,29.0,27.113,84.644,True,True,0.565
29,2026-09-26 07:44:45+01:00,6.517581042,3.387243108,23.0,25.0,32.0,27.113,84.644,True,True,0.659
29,2026-09-26 07:44:46+01:00,6.517575561,3.387238461,23.0,25.0,32.0,27.113,84.644,True,True,0.797
29,2026-09-26 07:44:47+01:00,6.517575946,3.387238857,23.0,25.0,32.0,27.113,84.644,True,True,0.061
29,2026-09-26 07:44:48+01:00,6.517578965,3.387232873,26.0,28.0,37.0,27.113,84.644,True,True,0.741
29,2026-09-26 07:44:49+01:00,6.517578888,3.387229794,26.0,28.0,37.0,27.113,84.644,True,True,0.34
29,2026-09-26 07:44:50+01:00,6.517578888,3.387229794,26.0,28.0,37.0,27.113,84.644,True,True,0.0
29,2026-09-26 07:44:51+01:00,6.517568041,3.387220134,26.0,28.0,37.0,27.113,84.644,True,True,1.61
29,2026-09-26 07:44:52+01:00,6.517568041,3.387220134,26.0,28.0,37.0,27.113,84.644,True,True,0.0
29,2026-09-26 07:44:53+01:00,6.517568041,3.387220134,23.0,25.0,32.0,27.113,84.644,True,True,0.0
29,2026-09-26 07:44:54+01:00,6.517568831,3.387216443,23.0,25.0,32.0,27.113,84.644,True,True,0.417
29,2026-09-26 07:44:55+01:00,6.517568969,3.387214509,23.0,25.0,32.0,27.113,84.644,True,True,0.214
29,2026-09-26 07:44:56+01:00,6.517568969,3.387214509,23.0,25.0,32.0,27.113,84.644,True,True,0.0
29,2026-09-26 07:44:57+01:00,6.517568969,3.387214509,22.0,24.0,29.0,27.113,84.644,True,True,0.0
29,2026-09-26 07:44:59+01:00,6.517568969,3.387214509,22.0,24.0,29.0,27.113,84.644,True,True,0.0
29,2026-09-26 07:45:00+01:00,6.517568969,3.387214509,22.0,24.0,29.0,27.113,84.644,True,True,0.0
29,2026-09-26 07:45:01+01:00,6.517568969,3.387214509,23.0,25.0,32.0,27.113,84.644,True,True,0.0
29,2026-09-26 07:45:02+01:00,6.517568969,3.387214509,23.0,25.0,32.0,27.113,84.644,True,True,0.0
29,2026-09-26 07:45:03+01:00,6.517568969,3.387214509,23.0,25.0,32.0,27.113,84.644,True,True,0.0
29,2026-09-26 07:45:04+01:00,6.517602434,3.387227872,23.0,25.0,32.0,27.113,84.644,False,True,4.003
29,2026-09-26 07:45:05+01:00,6.517594663,3.387224335,26.0,28.0,37.0,27.113,84.644,True,True,0.948
29,2026-09-26 07:45:06+01:00,6.517594728,3.387224944,26.0,28.0,37.0,27.113,84.644,True,True,0.068
29,2026-09-26 07:45:07+01:00,6.517594728,3.387224944,26.0,28.0,37.0,27.113,84.644,True,True,0.0
29,2026-09-26 07:45:08+01:00,6.517588324,3.387229936,26.0,28.0,37.0,27.113,84.644,True,True,0.901
29,2026-09-26 07:45:09+01:00,6.517586617,3.387230033,26.0,28.0,37.0,27.113,84.644,True,True,0.19
29,2026-09-26 07:45:10+01:00,6.517586155,3.387229731,26.0,28.0,37.0,27.113,84.644,True,True,0.061
29,2026-09-26 07:45:11+01:00,6.517593926,3.38723199,26.0,28.0,37.0,27.113,84.644,True,True,0.899
29,2026-09-26 07:45:12+01:00,6.517594255,3.387231956,26.0,28.0,37.0,27.113,84.644,True,True,0.037
29,2026-09-26 07:45:13+01:00,6.517594255,3.387231956,28.0,30.0,42.0,27.113,84.644,True,True,0.0
29,2026-09-26 07:45:14+01:00,6.517594255,3.387231956,28.0,30.0,42.0,27.113,84.644,True,True,0.0
29,2026-09-26 07:45:15+01:00,6.517600941,3.387235681,28.0,30.0,42.0,27.113,84.644,True,True,0.85
29,2026-09-26 07:45:16+01:00,6.51760507,3.387244312,28.0,30.0,42.0,27.113,84.644,True,True,1.058
29,2026-09-26 07:45:17+01:00,6.517592574,3.387247479,28.0,30.0,42.0,27.113,84.644,True,True,1.433
29,2026-09-26 07:45:18+01:00,6.517598194,3.387253223,28.0,30.0,42.0,27.113,84.644,True,True,0.891
29,2026-09-26 07:45:19+01:00,6.517604292,3.387256028,28.0,30.0,42.0,27.113,84.644,True,True,0.746
29,2026-09-26 07:45:20+01:00,6.517605919,3.387257274,26.0,28.0,37.0,27.113,84.644,True,True,0.227
29,2026-09-26 07:45:21+01:00,6.517605919,3.387257274,26.0,28.0,37.0,27.113,84.644,True,True,0.0
29,2026-09-26 07:45:22+01:00,6.517605919,3.387257274,26.0,28.0,37.0,27.113,84.644,True,True,0.0
29,2026-09-26 07:45:23+01:00,6.517601225,3.387260736,26.0,28.0,37.0,27.113,84.644,True,True,0.647
29,2026-09-26 07:45:24+01:00,6.517603831,3.387263551,26.0,28.0,37.0,27.113,84.644,True,True,0.425
29,2026-09-26 07:45:25+01:00,6.517609875,3.387265952,26.0,28.0,37.0,27.113,84.644,True,True,0.723
29,2026-09-26 07:45:26+01:00,6.51760759,3.387267548,26.0,28.0,37.0,27.113,84.644,True,True,0.309
29,2026-09-26 07:45:27+01:00,6.517603458,3.387264728,23.0,25.0,32.0,27.113,84.644,True,True,0.555
29,2026-09-26 07:45:29+01:00,6.51760411,3.387262918,23.0,25.0,32.0,27.113,84.644,True,True,0.106
29,2026-09-26 07:45:31+01:00,6.517604008,3.387266919,26.0,28.0,37.0,27.113,84.644,True,True,0.221
29,2026-09-26 07:45:33+01:00,6.517604257,3.387258978,22.0,24.0,29.0,27.113,85.203,True,True,0.439
29,2026-09-26 07:45:35+01:00,6.517605063,3.387249598,22.0,24.0,29.0,27.113,85.203,True,True,0.52
29,2026-09-26 07:45:37+01:00,6.51759818,3.387242093,23.0,25.0,32.0,27.113,85.203,True,True,0.564
29,2026-09-26 07:45:39+01:00,6.517582351,3.387246305,22.0,24.0,29.0,27.113,85.203,True,True,0.91
29,2026-09-26 07:45:40+01:00,6.517582351,3.387246305,22.0,24.0,29.0,27.113,85.203,True,True,0.0
29,2026-09-26 07:45:41+01:00,6.517577951,3.387242618,22.0,24.0,29.0,27.113,85.203,True,True,0.637
29,2026-09-26 07:45:42+01:00,6.517579608,3.387228582,22.0,24.0,29.0,27.113,85.203,True,True,1.562
29,2026-09-26 07:45:43+01:00,6.517579608,3.387228582,22.0,24.0,29.0,27.113,85.203,True,True,0.0
29,2026-09-26 07:45:44+01:00,6.5175852,3.387232271,23.0,25.0,32.0,27.113,85.203,True,True,0.743
29,2026-09-26 07:45:45+01:00,6.5175852,3.387232271,23.0,25.0,32.0,27.113,85.203,True,True,0.0
29,2026-09-26 07:45:46+01:00,6.51758575,3.387233557,23.0,25.0,32.0,27.113,85.203,True,True,0.155
29,2026-09-26 07:45:47+01:00,6.51758575,3.387233557,26.0,28.0,37.0,27.113,85.203,True,True,0.0
29,2026-09-26 07:45:48+01:00,6.517592372,3.38723743,26.0,28.0,37.0,27.113,85.203,True,True,0.852
29,2026-09-26 07:45:49+01:00,6.517593583,3.387238306,26.0,28.0,37.0,27.113,85.203,True,True,0.166
29,2026-09-26 07:45:50+01:00,6.517597767,3.387237901,26.0,28.0,37.0,27.113,85.203,True,True,0.467
29,2026-09-26 07:45:51+01:00,6.517598067,3.387238365,28.0,30.0,42.0,27.113,85.203,True,True,0.061
29,2026-09-26 07:45:52+01:00,6.517603416,3.387236075,28.0,30.0,42.0,27.113,85.203,True,True,0.646
29,2026-09-26 07:45:53+01:00,6.517609611,3.38723719,28.0,30.0,42.0,27.113,85.203,True,True,0.7
29,2026-09-26 07:45:54+01:00,6.517609605,3.387237074,28.0,30.0,42.0,27.113,85.203,True,True,0.013
29,2026-09-26 07:45:55+01:00,6.51760916,3.387237071,28.0,30.0,42.0,27.113,85.203,True,True,0.049
29,2026-09-26 07:45:56+01:00,6.517610415,3.387232237,30.0,33.0,47.0,27.113,85.203,True,True,0.552
29,2026-09-26 07:45:57+01:00,6.517600462,3.387235458,28.0,30.0,42.0,27.113,85.203,True,True,1.163
29,2026-09-26 07:45:58+01:00,6.517603469,3.387236968,26.0,28.0,37.0,27.113,85.203,True,True,0.374
29,2026-09-26 07:45:59+01:00,6.517607303,3.387244786,26.0,28.0,37.0,27.113,85.203,True,True,0.963
29,2026-09-26 07:46:00+01:00,6.51760974,3.387245273,30.0,33.0,47.0,27.113,85.203,True,True,0.276
29,2026-09-26 07:46:01+01:00,6.517612098,3.387246951,30.0,33.0,47.0,27.113,85.203,True,True,0.321
29,2026-09-26 07:46:02+01:00,6.517612726,3.387247752,29.0,32.0,45.0,27.113,85.203,True,True,0.113
29,2026-09-26 07:46:03+01:00,6.517613763,3.387253895,28.0,30.0,42.0,27.113,85.203,True,True,0.688
29,2026-09-26 07:46:04+01:00,6.517610433,3.387250229,28.0,30.0,42.0,27.113,85.203,True,True,0.549
29,2026-09-26 07:46:05+01:00,6.517606657,3.387252191,28.0,30.0,42.0,27.113,85.203,True,True,0.473
29,2026-09-26 07:46:06+01:00,6.517604204,3.387255464,26.0,28.0,37.0,27.113,85.203,True,True,0.453
29,2026-09-26 07:46:07+01:00,6.517601348,3.387254035,28.0,30.0,42.0,27.113,85.203,True,True,0.355
29,2026-09-26 07:46:08+01:00,6.517601237,3.387254407,26.0,28.0,37.0,27.113,85.203,True,True,0.043
29,2026-09-26 07:46:09+01:00,6.517600343,3.387256509,30.0,33.0,47.0,27.113,85.203,True,True,0.253
29,2026-09-26 07:46:10+01:00,6.51759979,3.387255777,29.0,32.0,45.0,27.113,85.203,True,True,0.102
29,2026-09-26 07:46:11+01:00,6.517600588,3.387256602,26.0,28.0,37.0,27.113,85.203,True,True,0.127
29,2026-09-26 07:46:12+01:00,6.517599452,3.387255697,26.0,28.0,37.0,27.113,85.203,True,True,0.161
29,2026-09-26 07:46:13+01:00,6.517598098,3.387261417,26.0,28.0,37.0,27.113,85.203,True,True,0.65
29,2026-09-26 07:46:14+01:00,6.517596892,3.387264169,26.0,28.0,37.0,27.113,85.203,True,True,0.332
29,2026-09-26 07:46:15+01:00,6.51759278,3.387266797,26.0,28.0,37.0,27.113,85.203,True,True,0.542
29,2026-09-26 07:46:16+01:00,6.517584869,3.387270985,26.0,28.0,37.0,27.113,85.203,True,True,0.994
29,2026-09-26 07:46:17+01:00,6.517580724,3.387267679,24.0,26.0,34.0,27.113,85.203,True,True,0.588
29,2026-09-26 07:46:18+01:00,6.517576836,3.387270791,23.0,25.0,32.0,27.113,85.203,True,True,0.552
29,2026-09-26 07:46:19+01:00,6.51757294,3.387272889,23.0,25.0,32.0,27.113,85.203,True,True,0.491
29,2026-09-26 07:46:20+01:00,6.51757022,3.387274109,26.0,28.0,37.0,27.113,85.203,True,True,0.331
29,2026-09-26 07:46:21+01:00,6.517565802,3.387273459,28.0,30.0,42.0,27.113,85.203,True,True,0.496
29,2026-09-26 07:46:22+01:00,6.517562403,3.38727055,28.0,30.0,42.0,27.113,85.203,True,True,0.496
29,2026-09-26 07:46:23+01:00,6.517562002,3.387270779,28.0,30.0,42.0,27.113,85.203,True,True,0.051
29,2026-09-26 07:46:24+01:00,6.517564811,3.387272729,26.0,28.0,37.0,27.113,85.203,True,True,0.379
29,2026-09-26 07:46:25+01:00,6.517563589,3.387275881,27.0,29.0,39.0,27.113,85.203,True,True,0.374
29,2026-09-26 07:46:26+01:00,6.517557831,3.387275236,23.0,25.0,32.0,27.113,85.203,True,True,0.644
29,2026-09-26 07:46:27+01:00,6.517555717,3.387275268,23.0,25.0,32.0,27.113,85.203,True,True,0.235
29,2026-09-26 07:46:28+01:00,6.517557366,3.387274521,23.0,25.0,32.0,27.113,85.203,True,True,0.201
29,2026-09-26 07:46:29+01:00,6.517557015,3.387273516,26.0,28.0,37.0,27.113,85.203,True,True,0.118
29,2026-09-26 07:46:30+01:00,6.517555502,3.387278939,26.0,28.0,37.0,27.113,85.203,True,True,0.622
29,2026-09-26 07:46:31+01:00,6.517556671,3.387281871,26.0,28.0,37.0,27.113,85.203,True,True,0.349
29,2026-09-26 07:46:32+01:00,6.517554257,3.387279756,26.0,28.0,37.0,29.112,91.777,True,False,0.356
29,2026-09-26 07:46:33+01:00,6.517554973,3.387277099,23.0,25.0,32.0,29.112,91.777,True,False,0.304
29,2026-09-26 07:46:34+01:00,6.517553796,3.387277313,26.0,28.0,37.0,29.112,91.777,True,False,0.133
29,2026-09-26 07:46:35+01:00,6.517551587,3.387274773,26.0,28.0,37.0,29.112,91.777,True,False,0.373
29,2026-09-26 07:46:36+01:00,6.517550815,3.387283071,26.0,28.0,37.0,29.112,91.777,True,False,0.921
29,2026-09-26 07:46:37+01:00,6.517554,3.387278524,26.0,28.0,37.0,29.112,91.777,True,False,0.615
29,2026-09-26 07:46:38+01:00,6.517553457,3.387279351,23.0,25.0,32.0,29.112,91.777,True,False,0.11
29,2026-09-26 07:46:39+01:00,6.517555163,3.387277171,23.0,25.0,32.0,29.112,91.777,True,False,0.307
29,2026-09-26 07:46:40+01:00,6.517550946,3.387276396,23.0,25.0,32.0,29.112,91.777,True,False,0.477
29,2026-09-26 07:46:41+01:00,6.517549422,3.387273278,26.0,28.0,37.0,29.112,91.777,True,False,0.384
29,2026-09-26 07:46:42+01:00,6.517550031,3.387272612,26.0,28.0,37.0,29.112,91.777,True,False,0.1
29,2026-09-26 07:46:43+01:00,6.517547005,3.38726972,26.0,28.0,37.0,29.112,91.777,True,False,0.464
29,2026-09-26 07:46:44+01:00,6.517548976,3.38726891,26.0,28.0,37.0,29.112,91.777,True,False,0.237
29,2026-09-26 07:46:45+01:00,6.517548976,3.387262023,26.0,28.0,37.0,29.112,91.777,True,False,0.761
29,2026-09-26 07:46:46+01:00,6.517548334,3.387258687,26.0,28.0,37.0,29.112,91.777,True,False,0.375
29,2026-09-26 07:46:47+01:00,6.517550176,3.387257143,23.0,25.0,32.0,29.112,91.777,True,False,0.267
29,2026-09-26 07:46:48+01:00,6.517549564,3.387256452,23.0,25.0,32.0,29.112,91.777,True,False,0.102
29,2026-09-26 07:46:49+01:00,6.517551055,3.387254795,23.0,25.0,32.0,29.112,91.777,True,False,0.247
29,2026-09-26 07:46:50+01:00,6.517547242,3.38725112,23.0,25.0,32.0,29.112,91.777,True,False,0.587
29,2026-09-26 07:46:51+01:00,6.517551605,3.387250824,26.0,28.0,37.0,29.112,91.777,True,False,0.486
29,2026-09-26 07:46:52+01:00,6.517551605,3.387250824,26.0,28.0,37.0,29.112,91.777,True,False,0.0
29,2026-09-26 07:46:53+01:00,6.51755381,3.387243902,28.0,30.0,42.0,29.112,91.777,True,False,0.803
29,2026-09-26 07:46:54+01:00,6.517555025,3.387242659,28.0,30.0,42.0,29.112,91.777,True,False,0.193
29,2026-09-26 07:46:55+01:00,6.517555383,3.387239047,28.0,30.0,42.0,29.112,91.777,True,False,0.401
29,2026-09-26 07:46:56+01:00,6.517556735,3.387237521,28.0,30.0,42.0,29.112,91.777,True,False,0.226
29,2026-09-26 07:46:57+01:00,6.517556977,3.38723492,28.0,30.0,42.0,29.112,91.777,True,False,0.289
29,2026-09-26 07:46:58+01:00,6.517560147,3.387232408,28.0,30.0,42.0,29.112,91.777,True,False,0.449
29,2026-09-26 07:46:59+01:00,6.51755586,3.387229993,26.0,28.0,37.0,29.112,91.777,True,False,0.546
29,2026-09-26 07:47:00+01:00,6.51755738,3.387230406,26.0,28.0,37.0,29.112,91.777,True,False,0.175
29,2026-09-26 07:47:01+01:00,6.51756593,3.387226756,26.0,28.0,37.0,29.112,91.777,True,False,1.033
29,2026-09-26 07:47:02+01:00,6.517571483,3.38722083,26.0,28.0,37.0,29.112,91.777,True,False,0.9
29,2026-09-26 07:47:03+01:00,6.517572497,3.387213759,26.0,28.0,37.0,29.112,91.777,True,False,0.789
29,2026-09-26 07:47:04+01:00,6.517574576,3.387207255,26.0,28.0,37.0,29.112,91.777,True,False,0.755
29,2026-09-26 07:47:05+01:00,6.517577224,3.387214941,28.0,30.0,42.0,29.112,91.777,True,False,0.899
29,2026-09-26 07:47:06+01:00,6.517572138,3.387210732,28.0,30.0,42.0,29.112,91.777,True,False,0.732
29,2026-09-26 07:47:07+01:00,6.517574089,3.387207172,28.0,30.0,42.0,29.112,91.777,True,False,0.449
29,2026-09-26 07:47:08+01:00,6.517573549,3.387194827,26.0,28.0,37.0,29.112,91.777,True,False,1.365
29,2026-09-26 07:47:09+01:00,6.517570369,3.387186712,26.0,28.0,37.0,29.112,91.777,True,False,0.964
29,2026-09-26 07:47:10+01:00,6.517569138,3.387180703,26.0,28.0,37.0,29.112,91.777,True,False,0.678
29,2026-09-26 07:47:11+01:00,6.517564828,3.387171962,23.0,25.0,32.0,29.112,91.777,True,False,1.078
29,2026-09-26 07:47:12+01:00,6.51756025,3.387161379,23.0,25.0,32.0,29.112,91.777,True,False,1.275
29,2026-09-26 07:47:13+01:00,6.517560147,3.387131788,24.0,26.0,34.0,29.112,91.777,True,False,3.269
29,2026-09-26 07:47:14+01:00,6.517559961,3.387132849,26.0,28.0,37.0,29.112,91.777,True,False,0.119
29,2026-09-26 07:47:15+01:00,6.517560156,3.387134409,26.0,28.0,37.0,29.112,91.777,True,False,0.174
29,2026-09-26 07:47:16+01:00,6.517554599,3.387120712,26.0,28.0,37.0,29.112,91.777,True,False,1.634
29,2026-09-26 07:47:17+01:00,6.517550857,3.387114904,26.0,28.0,37.0,29.112,91.777,True,False,0.765
29,2026-09-26 07:47:18+01:00,6.517550448,3.387105465,23.0,25.0,32.0,29.112,91.777,True,False,1.044
29,2026-09-26 07:47:19+01:00,6.517550202,3.38709517,23.0,25.0,32.0,29.112,91.777,True,False,1.138
29,2026-09-26 07:47:20+01:00,6.517550787,3.387085899,23.0,25.0,32.0,29.112,91.777,True,False,1.026
29,2026-09-26 07:47:21+01:00,6.517551537,3.387076758,22.0,24.0,29.0,29.112,91.777,True,False,1.013
29,2026-09-26 07:47:22+01:00,6.517553157,3.387072483,23.0,25.0,32.0,29.112,91.777,True,False,0.505
29,2026-09-26 07:47:23+01:00,6.51755447,3.387062323,22.0,24.0,29.0,29.112,91.777,True,False,1.132
29,2026-09-26 07:47:24+01:00,6.517555402,3.387055566,22.0,24.0,29.0,29.112,91.777,True,False,0.754
29,2026-09-26 07:47:25+01:00,6.517556325,3.387043159,22.0,24.0,29.0,29.112,91.777,True,False,1.375
29,2026-09-26 07:47:26+01:00,6.517554655,3.387036967,22.0,24.0,29.0,29.112,91.777,True,False,0.709
29,2026-09-26 07:47:27+01:00,6.51754978,3.387032479,22.0,24.0,29.0,29.112,91.777,True,False,0.735
29,2026-09-26 07:47:28+01:00,6.517552377,3.387022037,22.0,24.0,29.0,29.112,91.777,True,False,1.189
29,2026-09-26 07:47:29+01:00,6.517553699,3.387013758,22.0,24.0,29.0,29.112,91.777,True,False,0.926
29,2026-09-26 07:47:30+01:00,6.51755719,3.387010414,22.0,24.0,29.0,29.112,91.777,True,False,0.536
29,2026-09-26 07:47:31+01:00,6.51755605,3.387000748,22.0,24.0,29.0,29.112,91.777,True,False,1.075
29,2026-09-26 07:47:32+01:00,6.517556888,3.386990186,23.0,25.0,32.0,28.613,78.37,True,False,1.171
29,2026-09-26 07:47:33+01:00,6.517555116,3.386987071,23.0,25.0,32.0,28.613,78.37,True,False,0.397
29,2026-09-26 07:47:34+01:00,6.517555438,3.386986251,22.0,24.0,29.0,28.613,78.37,True,False,0.097
29,2026-09-26 07:47:35+01:00,6.517557926,3.386981284,23.0,25.0,32.0,28.613,78.37,True,False,0.615
29,2026-09-26 07:47:36+01:00,6.517560025,3.386969758,22.0,24.0,29.0,28.613,78.37,True,False,1.295
29,2026-09-26 07:47:37+01:00,6.517561715,3.386959572,21.0,23.0,27.0,28.613,78.37,True,False,1.141
29,2026-09-26 07:47:38+01:00,6.517563643,3.386949963,21.0,23.0,27.0,28.613,78.37,True,False,1.083
29,2026-09-26 07:47:39+01:00,6.51756381,3.386941057,21.0,23.0,27.0,28.613,78.37,True,False,0.984
29,2026-09-26 07:47:40+01:00,6.517564061,3.386932889,23.0,25.0,32.0,28.613,78.37,True,False,0.903
29,2026-09-26 07:47:41+01:00,6.517562145,3.386921964,23.0,25.0,32.0,28.613,78.37,True,False,1.226
29,2026-09-26 07:47:42+01:00,6.517561595,3.386910991,23.0,25.0,32.0,28.613,78.37,True,False,1.214
29,2026-09-26 07:47:43+01:00,6.517560657,3.386896966,23.0,25.0,32.0,28.613,78.37,True,False,1.553
29,2026-09-26 07:47:44+01:00,6.517559873,3.386885227,23.0,25.0,32.0,28.613,78.37,True,False,1.3
29,2026-09-26 07:47:45+01:00,6.517561832,3.386877856,26.0,28.0,37.0,28.613,78.37,True,False,0.843
29,2026-09-26 07:47:46+01:00,6.51756131,3.38686594,23.0,25.0,32.0,28.613,78.37,True,False,1.318
29,2026-09-26 07:47:47+01:00,6.517560899,3.386857812,23.0,25.0,32.0,28.613,78.37,True,False,0.899
29,2026-09-26 07:47:48+01:00,6.517561018,3.38684871,23.0,25.0,32.0,28.613,78.37,True,False,1.006
29,2026-09-26 07:47:49+01:00,6.517562146,3.386841439,26.0,28.0,37.0,28.613,78.37,True,False,0.813
29,2026-09-26 07:47:50+01:00,6.517561654,3.386828817,23.0,25.0,32.0,28.613,78.37,True,False,1.396
29,2026-09-26 07:47:51+01:00,6.517557182,3.38681976,23.0,25.0,32.0,28.613,78.37,True,False,1.117
29,2026-09-26 07:47:52+01:00,6.517558718,3.386808975,22.0,24.0,29.0,28.613,78.37,True,False,1.204
29,2026-09-26 07:47:53+01:00,6.51755804,3.386802465,22.0,24.0,29.0,28.613,78.37,True,False,0.723
29,2026-09-26 07:47:54+01:00,6.517556185,3.386791313,22.0,24.0,29.0,28.613,78.37,True,False,1.249
29,2026-09-26 07:47:55+01:00,6.517551345,3.386781674,22.0,24.0,29.0,28.613,78.37,True,False,1.193
29,2026-09-26 07:47:56+01:00,6.517546434,3.386770806,23.0,25.0,32.0,28.613,78.37,True,False,1.319
29,2026-09-26 07:47:57+01:00,6.517543305,3.38676504,22.0,24.0,29.0,28.613,78.37,True,False,0.726
29,2026-09-26 07:47:58+01:00,6.517534541,3.386759085,23.0,25.0,32.0,28.613,78.37,True,False,1.176
29,2026-09-26 07:47:59+01:00,6.517524914,3.386753147,22.0,24.0,29.0,28.613,78.37,True,False,1.255
29,2026-09-26 07:48:00+01:00,6.517522675,3.386750587,23.0,25.0,32.0,28.613,78.37,True,False,0.377
29,2026-09-26 07:48:01+01:00,6.517519371,3.386751436,23.0,25.0,30.0,28.613,78.37,True,False,0.379
29,2026-09-26 07:48:02+01:00,6.517513668,3.386743606,22.0,24.0,29.0,28.613,78.37,True,False,1.073
29,2026-09-26 07:48:03+01:00,6.517508304,3.386738253,22.0,24.0,29.0,28.613,78.37,True,False,0.84
29,2026-09-26 07:48:04+01:00,6.517505016,3.386736369,23.0,25.0,32.0,28.613,78.37,True,False,0.421
29,2026-09-26 07:48:05+01:00,6.517502043,3.386734454,23.0,25.0,32.0,28.613,78.37,True,False,0.392
29,2026-09-26 07:48:06+01:00,6.517492877,3.386739426,23.0,25.0,32.0,28.613,78.37,True,False,1.158
29,2026-09-26 07:48:07+01:00,6.517493893,3.386738,23.0,25.0,32.0,28.613,78.37,True,False,0.194
29,2026-09-26 07:48:08+01:00,6.517496742,3.386736888,23.0,25.0,32.0,28.613,78.37,True,False,0.34
29,2026-09-26 07:48:09+01:00,6.517498174,3.386738006,23.0,25.0,32.0,28.613,78.37,True,False,0.202
29,2026-09-26 07:48:10+01:00,6.517498966,3.386735077,22.0,24.0,29.0,28.613,78.37,True,False,0.335
29,2026-09-26 07:48:11+01:00,6.517498107,3.386734794,22.0,24.0,29.0,28.613,78.37,True,False,0.101
29,2026-09-26 07:48:12+01:00,6.51749985,3.386739823,22.0,24.0,29.0,28.613,78.37,True,False,0.588
29,2026-09-26 07:48:13+01:00,6.517498421,3.386740939,23.0,25.0,32.0,28.613,78.37,True,False,0.201
29,2026-09-26 07:48:14+01:00,6.517498153,3.38673912,23.0,25.0,32.0,28.613,78.37,True,False,0.203
29,2026-09-26 07:48:15+01:00,6.517497215,3.386738969,23.0,25.0,32.0,28.613,78.37,True,False,0.106
29,2026-09-26 07:48:16+01:00,6.517500648,3.386744657,23.0,25.0,32.0,28.613,78.37,True,False,0.735
29,2026-09-26 07:48:17+01:00,6.517501243,3.386742874,23.0,25.0,32.0,28.613,78.37,True,False,0.208
29,2026-09-26 07:48:18+01:00,6.517502359,3.386741712,23.0,25.0,32.0,28.613,78.37,True,False,0.179
29,2026-09-26 07:48:19+01:00,6.517501273,3.386750244,22.0,24.0,29.0,28.613,78.37,True,False,0.95
29,2026-09-26 07:48:20+01:00,6.517501802,3.38675075,22.0,24.0,29.0,28.613,78.37,True,False,0.081
29,2026-09-26 07:48:21+01:00,6.517501802,3.38675075,22.0,24.0,29.0,28.613,78.37,True,False,0.0
29,2026-09-26 07:48:22+01:00,6.517502284,3.386749033,23.0,25.0,32.0,28.613,78.37,True,False,0.197
29,2026-09-26 07:48:23+01:00,6.517503217,3.386748429,23.0,25.0,32.0,28.613,78.37,True,False,0.123
29,2026-09-26 07:48:24+01:00,6.517503641,3.386747406,23.0,25.0,32.0,28.613,78.37,True,False,0.122
29,2026-09-26 07:48:25+01:00,6.517506061,3.386744862,26.0,28.0,37.0,28.613,78.37,True,False,0.389
29,2026-09-26 07:48:26+01:00,6.517505737,3.386741687,26.0,28.0,37.0,28.613,78.37,True,False,0.353
29,2026-09-26 07:48:27+01:00,6.517507817,3.386740034,26.0,28.0,37.0,28.613,78.37,True,False,0.295
29,2026-09-26 07:48:28+01:00,6.517507425,3.386744102,23.0,25.0,32.0,28.613,78.37,True,False,0.452
29,2026-09-26 07:48:29+01:00,6.517507864,3.386742241,23.0,25.0,32.0,28.613,78.37,True,False,0.211
29,2026-09-26 07:48:30+01:00,6.517506174,3.386741878,23.0,25.0,32.0,28.613,78.37,True,False,0.192
29,2026-09-26 07:48:31+01:00,6.517503227,3.38673886,23.0,25.0,32.0,28.613,78.37,True,False,0.467
29,2026-09-26 07:48:32+01:00,6.517498499,3.386731835,23.0,25.0,32.0,28.113,80.102,True,False,0.937
29,2026-09-26 07:48:33+01:00,6.517485757,3.386719515,23.0,25.0,32.0,28.113,80.102,True,False,1.965
29,2026-09-26 07:48:34+01:00,6.517480848,3.38671546,28.0,30.0,42.0,28.113,80.102,True,False,0.706
29,2026-09-26 07:48:35+01:00,6.517476595,3.38671324,23.0,25.0,32.0,28.113,80.102,True,False,0.533
29,2026-09-26 07:48:36+01:00,6.517467448,3.386711269,23.0,25.0,32.0,28.113,80.102,True,False,1.04
29,2026-09-26 07:48:37+01:00,6.517455978,3.386707529,23.0,25.0,32.0,28.113,80.102,True,False,1.341
29,2026-09-26 07:48:38+01:00,6.517446225,3.386706458,23.0,25.0,32.0,28.113,80.102,True,False,1.091
29,2026-09-26 07:48:39+01:00,6.517439283,3.386708069,23.0,25.0,30.0,28.113,80.102,True,False,0.792
29,2026-09-26 07:48:40+01:00,6.517430456,3.386713586,22.0,24.0,29.0,28.113,80.102,True,False,1.155
29,2026-09-26 07:48:41+01:00,6.517424991,3.386714437,22.0,24.0,29.0,28.113,80.102,True,False,0.615
29,2026-09-26 07:48:42+01:00,6.517425305,3.386714992,21.0,23.0,27.0,28.113,80.102,True,False,0.071
29,2026-09-26 07:48:43+01:00,6.517421986,3.386711259,21.0,23.0,27.0,28.113,80.102,True,False,0.553
29,2026-09-26 07:48:44+01:00,6.517422031,3.386701872,21.0,23.0,27.0,28.113,80.102,True,False,1.037
29,2026-09-26 07:48:45+01:00,6.517421934,3.386690354,21.0,23.0,27.0,28.113,80.102,True,False,1.273
29,2026-09-26 07:48:46+01:00,6.517422799,3.38667942,22.0,24.0,29.0,28.113,80.102,True,False,1.212
29,2026-09-26 07:48:47+01:00,6.517423037,3.386666336,22.0,24.0,29.0,28.113,80.102,True,False,1.446
29,2026-09-26 07:48:48+01:00,6.517424056,3.38665715,22.0,24.0,29.0,28.113,80.102,True,False,1.021
29,2026-09-26 07:48:49+01:00,6.51741285,3.386641658,22.0,24.0,29.0,28.113,80.102,True,False,2.117
29,2026-09-26 07:48:50+01:00,6.517401881,3.386630194,22.0,24.0,29.0,28.113,80.102,True,False,1.758
29,2026-09-26 07:48:51+01:00,6.517396669,3.386621432,22.0,24.0,29.0,28.113,80.102,True,False,1.128
29,2026-09-26 07:48:52+01:00,6.517392387,3.386612184,22.0,24.0,29.0,28.113,80.102,True,False,1.127
29,2026-09-26 07:48:53+01:00,6.517388642,3.386603211,22.0,24.0,29.0,28.113,80.102,True,False,1.075
29,2026-09-26 07:48:54+01:00,6.517387302,3.386593722,22.0,24.0,28.0,28.113,80.102,True,False,1.059
29,2026-09-26 07:48:56+01:00,6.517380681,3.386580487,23.0,25.0,32.0,28.113,80.102,True,False,0.819
29,2026-09-26 07:48:58+01:00,6.517385125,3.386561388,23.0,25.0,32.0,28.113,80.102,True,False,1.084
29,2026-09-26 07:49:00+01:00,6.51738566,3.386530919,22.0,24.0,29.0,28.113,80.102,True,False,1.683
29,2026-09-26 07:49:02+01:00,6.517388745,3.386508299,21.0,23.0,27.0,28.113,80.102,True,False,1.261
29,2026-09-26 07:49:04+01:00,6.517389982,3.386479628,21.0,23.0,27.0,28.113,80.102,True,False,1.585
29,2026-09-26 07:49:06+01:00,6.517388691,3.38646024,22.0,24.0,29.0,28.113,80.102,True,False,1.073
29,2026-09-26 07:49:08+01:00,6.517394082,3.386436642,22.0,24.0,29.0,28.113,80.102,True,False,1.338
29,2026-09-26 07:49:10+01:00,6.517389502,3.386410231,22.0,24.0,29.0,28.113,80.102,True,False,1.481
29,2026-09-26 07:49:11+01:00,6.517389502,3.386410231,22.0,24.0,29.0,28.113,80.102,True,False,0.0
29,2026-09-26 07:49:13+01:00,6.517399043,3.386371551,23.0,25.0,32.0,28.113,80.102,True,False,2.201
29,2026-09-26 07:49:14+01:00,6.517399043,3.386371551,23.0,25.0,32.0,28.113,80.102,True,False,0.0
29,2026-09-26 07:49:15+01:00,6.517405174,3.386346503,23.0,25.0,32.0,28.113,80.102,True,False,2.85
29,2026-09-26 07:49:16+01:00,6.517405174,3.386346503,22.0,24.0,29.0,28.113,80.102,True,False,0.0
29,2026-09-26 07:49:17+01:00,6.517414977,3.386313423,22.0,24.0,29.0,28.113,80.102,True,False,3.814
29,2026-09-26 07:49:18+01:00,6.517414977,3.386313423,22.0,24.0,29.0,28.113,80.102,True,False,0.0
29,2026-09-26 07:49:19+01:00,6.517416914,3.38627228,22.0,24.0,29.0,28.113,80.102,False,False,4.55
29,2026-09-26 07:49:20+01:00,6.517416914,3.38627228,22.0,24.0,29.0,28.113,80.102,True,False,0.0
29,2026-09-26 07:49:21+01:00,6.517429743,3.386233354,22.0,24.0,29.0,28.113,80.102,False,False,4.531
29,2026-09-26 07:49:22+01:00,6.517435666,3.386211235,22.0,24.0,29.0,28.113,80.102,True,False,2.531
29,2026-09-26 07:49:23+01:00,6.517439883,3.386190541,22.0,24.0,29.0,28.113,80.102,True,False,2.334
29,2026-09-26 07:49:24+01:00,6.517452217,3.386169792,22.0,24.0,29.0,28.113,80.102,True,False,2.671
29,2026-09-26 07:49:25+01:00,6.517461635,3.386148909,22.0,24.0,29.0,28.113,80.102,True,False,2.534
29,2026-09-26 07:49:26+01:00,6.517470382,3.386126901,23.0,25.0,32.0,28.113,80.102,True,False,2.619
29,2026-09-26 07:49:27+01:00,6.517478117,3.386097749,23.0,25.0,32.0,28.113,80.102,True,False,3.333
29,2026-09-26 07:49:28+01:00,6.517479877,3.386058858,23.0,25.0,32.0,28.113,80.102,False,False,4.301
29,2026-09-26 07:49:29+01:00,6.517481811,3.386030273,26.0,28.0,37.0,28.113,80.102,True,False,3.165
29,2026-09-26 07:49:30+01:00,6.517484753,3.386003341,23.0,25.0,32.0,28.113,80.102,True,False,2.993
29,2026-09-26 07:49:31+01:00,6.517484946,3.385976603,26.0,28.0,37.0,28.113,80.102,True,False,2.954
29,2026-09-26 07:49:32+01:00,6.517490038,3.385952207,26.0,28.0,37.0,27.613,78.949,True,False,2.754
29,2026-09-26 07:49:33+01:00,6.517494064,3.385924131,26.0,28.0,37.0,27.613,78.949,True,False,3.134
29,2026-09-26 07:49:34+01:00,6.517493267,3.385895814,26.0,28.0,37.0,27.613,78.949,True,False,3.13
29,2026-09-26 07:49:35+01:00,6.517502123,3.38587222,26.0,28.0,37.0,27.613,78.949,True,False,2.786
29,2026-09-26 07:49:36+01:00,6.517500509,3.385842605,26.0,28.0,37.0,27.613,78.949,True,False,3.277
29,2026-09-26 07:49:37+01:00,6.51751074,3.385818979,26.0,28.0,37.0,27.613,78.949,True,False,2.847
29,2026-09-26 07:49:38+01:00,6.517524203,3.385797791,26.0,28.0,37.0,27.613,78.949,True,False,2.779
29,2026-09-26 07:49:39+01:00,6.51752853,3.385771793,26.0,28.0,37.0,27.613,78.949,True,False,2.912
29,2026-09-26 07:49:40+01:00,6.517528124,3.385751123,23.0,25.0,32.0,27.613,78.949,True,False,2.284
29,2026-09-26 07:49:41+01:00,6.517533885,3.385721559,23.0,25.0,32.0,27.613,78.949,True,False,3.328
29,2026-09-26 07:49:42+01:00,6.517521025,3.385688825,23.0,25.0,32.0,27.613,78.949,True,False,3.889
29,2026-09-26 07:49:43+01:00,6.517512054,3.385668624,21.0,23.0,27.0,27.613,78.949,True,False,2.445
29,2026-09-26 07:49:44+01:00,6.517495804,3.385652828,22.0,24.0,28.0,27.613,78.949,True,False,2.512
29,2026-09-26 07:49:45+01:00,6.517475262,3.385638551,22.0,24.0,29.0,27.613,78.949,True,False,2.776
29,2026-09-26 07:49:46+01:00,6.517456457,3.385624972,22.0,24.0,29.0,27.613,78.949,True,False,2.573
29,2026-09-26 07:49:47+01:00,6.517431438,3.385607735,22.0,24.0,29.0,27.613,78.949,True,False,3.371
29,2026-09-26 07:49:48+01:00,6.517409959,3.385592529,22.0,24.0,29.0,27.613,78.949,True,False,2.92
29,2026-09-26 07:49:49+01:00,6.517392572,3.385585771,22.0,24.0,29.0,27.613,78.949,True,False,2.072
29,2026-09-26 07:49:50+01:00,6.51737288,3.385573472,22.0,24.0,29.0,27.613,78.949,True,False,2.577
29,2026-09-26 07:49:51+01:00,6.517363608,3.385570633,22.0,24.0,29.0,27.613,78.949,True,False,1.078
29,2026-09-26 07:49:52+01:00,6.517351051,3.385564765,23.0,25.0,32.0,27.613,78.949,True,False,1.539
29,2026-09-26 07:49:53+01:00,6.517341576,3.385556642,23.0,25.0,32.0,27.613,78.949,True,False,1.384
29,2026-09-26 07:49:54+01:00,6.51732778,3.385550309,23.0,25.0,32.0,27.613,78.949,True,False,1.686
29,2026-09-26 07:49:55+01:00,6.517317284,3.385553842,23.0,25.0,32.0,27.613,78.949,True,False,1.231
29,2026-09-26 07:49:56+01:00,6.517301381,3.38555395,23.0,25.0,32.0,27.613,78.949,True,False,1.768
29,2026-09-26 07:49:57+01:00,6.517284842,3.385550396,23.0,25.0,32.0,27.613,78.949,True,False,1.88
29,2026-09-26 07:49:58+01:00,6.517267723,3.38554518,23.0,25.0,32.0,27.613,78.949,True,False,1.989
29,2026-09-26 07:49:59+01:00,6.517254106,3.385543006,23.0,25.0,32.0,27.613,78.949,True,False,1.533
29,2026-09-26 07:50:00+01:00,6.51723744,3.385543395,23.0,25.0,32.0,27.613,78.949,True,False,1.854
29,2026-09-26 07:50:01+01:00,6.51722206,3.385539132,23.0,25.0,32.0,27.613,78.949,True,False,1.774
29,2026-09-26 07:50:02+01:00,6.517213838,3.385537184,26.0,28.0,37.0,27.613,78.949,True,False,0.939
29,2026-09-26 07:50:03+01:00,6.517202071,3.385534374,26.0,28.0,37.0,27.613,78.949,True,False,1.345
29,2026-09-26 07:50:04+01:00,6.517191594,3.385528037,28.0,30.0,42.0,27.613,78.949,True,False,1.359
29,2026-09-26 07:50:05+01:00,6.517178959,3.385517267,28.0,30.0,42.0,27.613,78.949,True,False,1.841
29,2026-09-26 07:50:06+01:00,6.517174972,3.385506893,26.0,28.0,37.0,27.613,78.949,True,False,1.229
29,2026-09-26 07:50:07+01:00,6.517171143,3.385494353,27.0,29.0,39.0,27.613,78.949,True,False,1.449
29,2026-09-26 07:50:08+01:00,6.517165845,3.38547726,28.0,30.0,42.0,27.613,78.949,True,False,1.978
29,2026-09-26 07:50:09+01:00,6.517167448,3.385466045,30.0,33.0,47.0,27.613,78.949,True,False,1.252
29,2026-09-26 07:50:10+01:00,6.517166062,3.385453196,30.0,33.0,47.0,27.613,78.949,True,False,1.428
29,2026-09-26 07:50:11+01:00,6.517163685,3.385438105,28.0,30.0,42.0,27.613,78.949,True,False,1.688
29,2026-09-26 07:50:12+01:00,6.51716326,3.385425746,28.0,30.0,42.0,27.613,78.949,True,False,1.366
29,2026-09-26 07:50:13+01:00,6.517164189,3.385411138,28.0,30.0,42.0,27.613,78.949,True,False,1.617
29,2026-09-26 07:50:14+01:00,6.517162757,3.385395096,28.0,30.0,42.0,27.613,78.949,True,False,1.779
29,2026-09-26 07:50:15+01:00,6.517161952,3.385381382,30.0,33.0,47.0,27.613,78.949,True,False,1.518
29,2026-09-26 07:50:16+01:00,6.517160118,3.385366483,28.0,30.0,42.0,27.613,78.949,True,False,1.659
29,2026-09-26 07:50:17+01:00,6.517160638,3.38535284,28.0,30.0,42.0,27.613,78.949,True,False,1.508
29,2026-09-26 07:50:18+01:00,6.517158416,3.385342151,28.0,30.0,42.0,27.613,78.949,True,False,1.206
29,2026-09-26 07:50:19+01:00,6.51715553,3.385328415,28.0,30.0,42.0,27.613,78.949,True,False,1.551
29,2026-09-26 07:50:20+01:00,6.517151383,3.38531771,28.0,30.0,42.0,27.613,78.949,True,False,1.269
29,2026-09-26 07:50:21+01:00,6.51715162,3.385305893,28.0,30.0,42.0,27.613,78.949,True,False,1.306
29,2026-09-26 07:50:22+01:00,6.517150096,3.385289181,28.0,30.0,42.0,27.613,78.949,True,False,1.854
29,2026-09-26 07:50:23+01:00,6.51715045,3.38527411,28.0,30.0,42.0,27.613,78.949,True,False,1.665
29,2026-09-26 07:50:24+01:00,6.517149685,3.385259852,23.0,25.0,32.0,27.613,78.949,True,False,1.577
29,2026-09-26 07:50:25+01:00,6.517151256,3.38524647,24.0,26.0,34.0,27.613,78.949,True,False,1.489
29,2026-09-26 07:50:26+01:00,6.517150668,3.385230792,26.0,28.0,37.0,27.613,78.949,True,False,1.733
29,2026-09-26 07:50:27+01:00,6.517148012,3.385215448,28.0,30.0,42.0,27.613,78.949,True,False,1.721
29,2026-09-26 07:50:28+01:00,6.517147534,3.385204995,28.0,30.0,42.0,27.613,78.949,True,False,1.156
29,2026-09-26 07:50:29+01:00,6.517153382,3.385186041,28.0,30.0,42.0,27.613,78.949,True,False,2.193
29,2026-09-26 07:50:30+01:00,6.517146121,3.385175805,28.0,30.0,42.0,27.613,78.949,True,False,1.389
29,2026-09-26 07:50:31+01:00,6.517140154,3.385165692,26.0,28.0,37.0,27.613,78.949,True,False,1.299
29,2026-09-26 07:50:32+01:00,6.517127463,3.385157346,26.0,28.0,37.0,27.113,82.387,True,False,1.686
29,2026-09-26 07:50:33+01:00,6.517114888,3.385156716,27.0,29.0,39.0,27.113,82.387,True,False,1.4
29,2026-09-26 07:50:34+01:00,6.517100294,3.385156449,28.0,30.0,42.0,27.113,82.387,True,False,1.623
29,2026-09-26 07:50:35+01:00,6.51708436,3.385158817,28.0,30.0,42.0,27.113,82.387,True,False,1.791
29,2026-09-26 07:50:36+01:00,6.517073672,3.385157793,30.0,33.0,47.0,27.113,82.387,True,False,1.194
29,2026-09-26 07:50:37+01:00,6.517062693,3.385163239,30.0,33.0,47.0,27.113,82.387,True,False,1.361
29,2026-09-26 07:50:38+01:00,6.517050446,3.385161319,30.0,33.0,47.0,27.113,82.387,True,False,1.378
29,2026-09-26 07:50:39+01:00,6.517035445,3.385159959,30.0,33.0,47.0,27.113,82.387,True,False,1.675
29,2026-09-26 07:50:40+01:00,6.51702064,3.385158509,30.0,33.0,47.0,27.113,82.387,True,False,1.654
29,2026-09-26 07:50:41+01:00,6.51700638,3.385156915,30.0,33.0,47.0,27.113,82.387,True,False,1.595
29,2026-09-26 07:50:42+01:00,6.516993377,3.385155088,28.0,30.0,42.0,27.113,82.387,True,False,1.46
29,2026-09-26 07:50:43+01:00,6.516979498,3.385152691,28.0,30.0,42.0,27.113,82.387,True,False,1.566
29,2026-09-26 07:50:44+01:00,6.516964355,3.385152789,28.0,30.0,42.0,27.113,82.387,True,False,1.684
29,2026-09-26 07:50:45+01:00,6.516952061,3.385150969,28.0,30.0,42.0,27.113,82.387,True,False,1.382
29,2026-09-26 07:50:46+01:00,6.516943589,3.385149922,28.0,30.0,42.0,27.113,82.387,True,False,0.949
29,2026-09-26 07:50:47+01:00,6.516932125,3.385148545,28.0,30.0,42.0,27.113,82.387,True,False,1.284
29,2026-09-26 07:50:48+01:00,6.516917844,3.385152969,28.0,30.0,42.0,27.113,82.387,True,False,1.661
29,2026-09-26 07:50:49+01:00,6.516906128,3.385153596,28.0,30.0,42.0,27.113,82.387,True,False,1.305
29,2026-09-26 07:50:50+01:00,6.516891976,3.385155041,28.0,30.0,42.0,27.113,82.387,True,False,1.582
29,2026-09-26 07:50:51+01:00,6.516875593,3.385152492,26.0,28.0,37.0,27.113,82.387,True,False,1.843
29,2026-09-26 07:50:52+01:00,6.516862458,3.385151769,28.0,30.0,42.0,27.113,82.387,True,False,1.463
29,2026-09-26 07:50:53+01:00,6.51685127,3.385148104,28.0,30.0,42.0,27.113,82.387,True,False,1.308
29,2026-09-26 07:50:54+01:00,6.516839804,3.385147923,30.0,33.0,47.0,27.113,82.387,True,False,1.275
29,2026-09-26 07:50:55+01:00,6.516828265,3.385148904,30.0,33.0,47.0,27.113,82.387,True,False,1.288
29,2026-09-26 07:50:56+01:00,6.516816768,3.385148419,28.0,30.0,42.0,27.113,82.387,True,False,1.28
29,2026-09-26 07:50:57+01:00,6.516807111,3.385145245,26.0,28.0,37.0,27.113,82.387,True,False,1.13
29,2026-09-26 07:50:58+01:00,6.516794778,3.385141299,23.0,25.0,32.0,27.113,82.387,True,False,1.439
29,2026-09-26 07:50:59+01:00,6.516783102,3.385137282,27.0,29.0,39.0,27.113,82.387,True,False,1.372
29,2026-09-26 07:51:00+01:00,6.516770646,3.385136091,28.0,30.0,42.0,27.113,82.387,True,False,1.391
29,2026-09-26 07:51:01+01:00,6.516759332,3.385130923,26.0,28.0,37.0,27.113,82.387,True,False,1.382
29,2026-09-26 07:51:02+01:00,6.516750991,3.385123749,26.0,28.0,37.0,27.113,82.387,True,False,1.22
29,2026-09-26 07:51:03+01:00,6.516735863,3.385122189,23.0,25.0,32.0,27.113,82.387,True,False,1.691
29,2026-09-26 07:51:04+01:00,6.516725704,3.38511711,23.0,25.0,32.0,27.113,82.387,True,False,1.261
29,2026-09-26 07:51:05+01:00,6.516716376,3.385113202,23.0,25.0,32.0,27.113,82.387,True,False,1.123
29,2026-09-26 07:51:06+01:00,6.516708231,3.385110255,23.0,25.0,32.0,27.113,82.387,True,False,0.962
29,2026-09-26 07:51:07+01:00,6.516697018,3.385099985,23.0,25.0,30.0,27.113,82.387,True,False,1.686
29,2026-09-26 07:51:08+01:00,6.516683088,3.385093213,23.0,25.0,32.0,27.113,82.387,True,False,1.72
29,2026-09-26 07:51:09+01:00,6.516667475,3.385092807,23.0,25.0,32.0,27.113,82.387,True,False,1.737
29,2026-09-26 07:51:10+01:00,6.51665431,3.385096475,22.0,24.0,29.0,27.113,82.387,True,False,1.519
29,2026-09-26 07:51:11+01:00,6.51664503,3.385097052,22.0,24.0,29.0,27.113,82.387,True,False,1.034
29,2026-09-26 07:51:12+01:00,6.516632218,3.385085263,23.0,25.0,32.0,27.113,82.387,True,False,1.93
29,2026-09-26 07:51:13+01:00,6.516616845,3.385082675,23.0,25.0,32.0,27.113,82.387,True,False,1.733
29,2026-09-26 07:51:14+01:00,6.516601778,3.385079782,23.0,25.0,32.0,27.113,82.387,True,False,1.706
29,2026-09-26 07:51:15+01:00,6.516591809,3.38508986,26.0,28.0,37.0,27.113,82.387,True,False,1.571
29,2026-09-26 07:51:16+01:00,6.516573729,3.385090221,23.0,25.0,32.0,27.113,82.387,True,False,2.011
29,2026-09-26 07:51:17+01:00,6.51655929,3.385090463,23.0,25.0,32.0,27.113,82.387,True,False,1.606
29,2026-09-26 07:51:18+01:00,6.516549111,3.385096709,23.0,25.0,32.0,27.113,82.387,True,False,1.326
29,2026-09-26 07:51:19+01:00,6.516534575,3.385097151,26.0,28.0,37.0,27.113,82.387,True,False,1.617
29,2026-09-26 07:51:20+01:00,6.516522475,3.385097314,26.0,28.0,37.0,27.113,82.387,True,False,1.346
29,2026-09-26 07:51:21+01:00,6.516509846,3.385099344,23.0,25.0,32.0,27.113,82.387,True,False,1.422
29,2026-09-26 07:51:22+01:00,6.516497786,3.385099842,23.0,25.0,32.0,27.113,82.387,True,False,1.342
29,2026-09-26 07:51:23+01:00,6.516482293,3.385099276,26.0,28.0,37.0,27.113,82.387,True,False,1.724
29,2026-09-26 07:51:24+01:00,6.516468646,3.385098821,26.0,28.0,37.0,27.113,82.387,True,False,1.518
29,2026-09-26 07:51:25+01:00,6.516456195,3.385095167,26.0,28.0,37.0,27.113,82.387,True,False,1.442
29,2026-09-26 07:51:26+01:00,6.516443892,3.385096445,23.0,25.0,32.0,27.113,82.387,True,False,1.375
29,2026-09-26 07:51:27+01:00,6.516431237,3.385093268,23.0,25.0,32.0,27.113,82.387,True,False,1.45
29,2026-09-26 07:51:28+01:00,6.516418942,3.385091189,22.0,24.0,29.0,27.113,82.387,True,False,1.386
29,2026-09-26 07:51:29+01:00,6.516406386,3.385090308,22.0,24.0,29.0,27.113,82.387,True,False,1.4
29,2026-09-26 07:51:30+01:00,6.516397746,3.385086856,22.0,24.0,29.0,27.113,82.387,True,False,1.034
29,2026-09-26 07:51:31+01:00,6.516382399,3.385088472,22.0,24.0,29.0,27.113,82.387,True,False,1.716
29,2026-09-26 07:51:32+01:00,6.516372286,3.385087517,22.0,24.0,29.0,27.113,83.519,True,True,1.129
29,2026-09-26 07:51:33+01:00,6.516359267,3.385084933,23.0,25.0,32.0,27.113,83.519,True,True,1.476
29,2026-09-26 07:51:34+01:00,6.516345875,3.38508359,23.0,25.0,32.0,27.113,83.519,True,True,1.496
29,2026-09-26 07:51:35+01:00,6.516330523,3.385084109,22.0,24.0,29.0,27.113,83.519,True,True,1.708
29,2026-09-26 07:51:36+01:00,6.516319459,3.385085507,22.0,24.0,29.0,27.113,83.519,True,True,1.24
29,2026-09-26 07:51:37+01:00,6.516309305,3.385084101,22.0,24.0,29.0,27.113,83.519,True,True,1.14
29,2026-09-26 07:51:38+01:00,6.51629808,3.385088268,23.0,25.0,32.0,27.113,83.519,True,True,1.33
29,2026-09-26 07:51:39+01:00,6.516286329,3.385086058,23.0,25.0,32.0,27.113,83.519,True,True,1.329
29,2026-09-26 07:51:40+01:00,6.516275171,3.38509062,23.0,25.0,32.0,27.113,83.519,True,True,1.339
29,2026-09-26 07:51:41+01:00,6.516260235,3.38509348,23.0,25.0,32.0,27.113,83.519,True,True,1.691
29,2026-09-26 07:51:42+01:00,6.516238053,3.385090344,22.0,24.0,29.0,27.113,83.519,True,True,2.491
29,2026-09-26 07:51:43+01:00,6.516228959,3.385096643,22.0,24.0,29.0,27.113,83.519,True,True,1.228
29,2026-09-26 07:51:44+01:00,6.516217879,3.385102078,23.0,25.0,32.0,27.113,83.519,True,True,1.371
29,2026-09-26 07:51:45+01:00,6.516208409,3.385102845,22.0,24.0,29.0,27.113,83.519,True,True,1.056
29,2026-09-26 07:51:46+01:00,6.516197234,3.385103483,22.0,24.0,29.0,27.113,83.519,True,True,1.245
29,2026-09-26 07:51:47+01:00,6.516183544,3.385107437,22.0,24.0,29.0,27.113,83.519,True,True,1.584
29,2026-09-26 07:51:48+01:00,6.516167362,3.385106123,22.0,24.0,29.0,27.113,83.519,True,True,1.805
29,2026-09-26 07:51:49+01:00,6.516160384,3.3851076,22.0,24.0,29.0,27.113,83.519,True,True,0.793
29,2026-09-26 07:51:50+01:00,6.516147701,3.385113845,22.0,24.0,29.0,27.113,83.519,True,True,1.57
29,2026-09-26 07:51:51+01:00,6.516132856,3.385118031,22.0,24.0,29.0,27.113,83.519,True,True,1.714
29,2026-09-26 07:51:52+01:00,6.516125899,3.385125877,22.0,24.0,29.0,27.113,83.519,True,True,1.162
29,2026-09-26 07:51:53+01:00,6.516113688,3.38513111,22.0,24.0,29.0,27.113,83.519,True,True,1.476
29,2026-09-26 07:51:54+01:00,6.516104555,3.38513719,21.0,23.0,27.0,27.113,83.519,True,True,1.218
29,2026-09-26 07:51:55+01:00,6.51609358,3.385139832,21.0,23.0,27.0,27.113,83.519,True,True,1.255
29,2026-09-26 07:51:56+01:00,6.516078567,3.385142068,21.0,23.0,27.0,27.113,83.519,True,True,1.688
29,2026-09-26 07:51:57+01:00,6.516066328,3.385142078,21.0,23.0,27.0,27.113,83.519,True,True,1.361
29,2026-09-26 07:51:58+01:00,6.516054929,3.385145041,21.0,23.0,27.0,27.113,83.519,True,True,1.309
29,2026-09-26 07:51:59+01:00,6.516039604,3.385149077,22.0,24.0,28.0,27.113,83.519,True,True,1.761
29,2026-09-26 07:52:00+01:00,6.516027589,3.385157655,22.0,24.0,29.0,27.113,83.519,True,True,1.638
29,2026-09-26 07:52:01+01:00,6.516017447,3.385161512,21.0,23.0,27.0,27.113,83.519,True,True,1.206
29,2026-09-26 07:52:02+01:00,6.516009028,3.385167291,21.0,23.0,27.0,27.113,83.519,True,True,1.133
29,2026-09-26 07:52:03+01:00,6.516003744,3.385174555,22.0,24.0,29.0,27.113,83.519,True,True,0.995
29,2026-09-26 07:52:04+01:00,6.515999304,3.385187809,22.0,24.0,29.0,27.113,83.519,True,True,1.545
29,2026-09-26 07:52:05+01:00,6.515991657,3.38519945,22.0,24.0,29.0,27.113,83.519,True,True,1.542
29,2026-09-26 07:52:06+01:00,6.515984799,3.385208605,21.0,23.0,27.0,27.113,83.519,True,True,1.267
29,2026-09-26 07:52:07+01:00,6.515977237,3.385218033,21.0,23.0,27.0,27.113,83.519,True,True,1.339
29,2026-09-26 07:52:08+01:00,6.515967026,3.385225048,21.0,23.0,27.0,27.113,83.519,True,True,1.375
29,2026-09-26 07:52:09+01:00,6.515959068,3.385235586,21.0,23.0,27.0,27.113,83.519,True,True,1.462
29,2026-09-26 07:52:10+01:00,6.515948006,3.385242596,21.0,23.0,27.0,27.113,83.519,True,True,1.454
29,2026-09-26 07:52:11+01:00,6.515936949,3.38524601,21.0,23.0,27.0,27.113,83.519,True,True,1.286
29,2026-09-26 07:52:12+01:00,6.515923885,3.385256527,22.0,24.0,29.0,27.113,83.519,True,True,1.86
29,2026-09-26 07:52:13+01:00,6.515914701,3.385261724,22.0,24.0,29.0,27.113,83.519,True,True,1.172
29,2026-09-26 07:52:14+01:00,6.515905656,3.385271913,22.0,24.0,29.0,27.113,83.519,True,True,1.51
29,2026-09-26 07:52:16+01:00,6.515896882,3.385282331,22.0,24.0,29.0,27.113,83.519,True,True,0.754
29,2026-09-26 07:52:18+01:00,6.515878227,3.385294466,21.0,23.0,27.0,27.113,83.519,True,True,1.235
29,2026-09-26 07:52:20+01:00,6.515857173,3.385311562,21.0,23.0,27.0,27.113,83.519,True,True,1.504
29,2026-09-26 07:52:22+01:00,6.515843491,3.385339999,21.0,23.0,27.0,27.113,83.519,True,True,1.745
29,2026-09-26 07:52:24+01:00,6.515832734,3.385356159,21.0,23.0,27.0,27.113,83.519,True,True,1.074
29,2026-09-26 07:52:26+01:00,6.515807225,3.385371512,21.0,23.0,27.0,27.113,83.519,True,True,1.652
29,2026-09-26 07:52:27+01:00,6.515786767,3.385381313,21.0,23.0,27.0,27.113,83.519,True,True,2.519
29,2026-09-26 07:52:29+01:00,6.515768725,3.385389685,21.0,23.0,27.0,27.113,83.519,True,True,1.105
29,2026-09-26 07:52:31+01:00,6.515745862,3.385409117,21.0,23.0,27.0,27.113,83.519,True,True,1.664
29,2026-09-26 07:52:32+01:00,6.515745862,3.385409117,21.0,23.0,27.0,27.113,84.082,True,True,0.0
29,2026-09-26 07:52:33+01:00,6.515720781,3.385417445,21.0,23.0,27.0,27.113,84.082,True,True,2.937
29,2026-09-26 07:52:34+01:00,6.515720781,3.385417445,20.0,22.0,25.0,27.113,84.082,True,True,0.0
29,2026-09-26 07:52:35+01:00,6.515697044,3.385424668,19.0,21.0,22.0,27.113,84.082,True,True,2.757
29,2026-09-26 07:52:36+01:00,6.515697044,3.385424668,19.0,21.0,22.0,27.113,84.082,True,True,0.0
29,2026-09-26 07:52:37+01:00,6.515673426,3.38543969,19.0,21.0,22.0,27.113,84.082,True,True,3.107
29,2026-09-26 07:52:38+01:00,6.515673426,3.38543969,19.0,21.0,22.0,27.113,84.082,True,True,0.0
29,2026-09-26 07:52:39+01:00,6.515650186,3.385453369,20.0,22.0,25.0,27.113,84.082,True,True,2.994
29,2026-09-26 07:52:40+01:00,6.515650186,3.385453369,19.0,21.0,22.0,27.113,84.082,True,True,0.0
29,2026-09-26 07:52:41+01:00,6.51563359,3.385466835,19.0,21.0,22.0,27.113,84.082,True,True,2.37
29,2026-09-26 07:52:42+01:00,6.515624685,3.38547948,19.0,21.0,22.0,27.113,84.082,True,True,1.712
29,2026-09-26 07:52:43+01:00,6.515618129,3.385488226,19.0,21.0,22.0,27.113,84.082,True,True,1.21
29,2026-09-26 07:52:44+01:00,6.515612911,3.385500522,20.0,22.0,25.0,27.113,84.082,True,True,1.477
29,2026-09-26 07:52:45+01:00,6.515609299,3.385510003,20.0,22.0,25.0,27.113,84.082,True,True,1.122
29,2026-09-26 07:52:46+01:00,6.515604546,3.385520071,21.0,23.0,27.0,27.113,84.082,True,True,1.231
29,2026-09-26 07:52:47+01:00,6.515599314,3.385526561,21.0,23.0,27.0,27.113,84.082,True,True,0.923
29,2026-09-26 07:52:48+01:00,6.515591713,3.385534676,21.0,23.0,27.0,27.113,84.082,True,True,1.232
29,2026-09-26 07:52:49+01:00,6.515587917,3.385547249,21.0,23.0,27.0,27.113,84.082,True,True,1.452
29,2026-09-26 07:52:50+01:00,6.515583016,3.385560346,21.0,23.0,27.0,27.113,84.082,True,True,1.546
29,2026-09-26 07:52:51+01:00,6.515578661,3.385566065,21.0,23.0,27.0,27.113,84.082,True,True,0.796
29,2026-09-26 07:52:52+01:00,6.515573805,3.38558148,21.0,23.0,27.0,27.113,84.082,True,True,1.787
29,2026-09-26 07:52:53+01:00,6.515568715,3.385592152,21.0,23.0,27.0,27.113,84.082,True,True,1.308
29,2026-09-26 07:52:54+01:00,6.515565119,3.385607238,21.0,23.0,27.0,27.113,84.082,True,True,1.714
29,2026-09-26 07:52:55+01:00,6.515562862,3.38561398,21.0,23.0,27.0,27.113,84.082,True,True,0.786
29,2026-09-26 07:52:56+01:00,6.515558311,3.385629776,21.0,23.0,27.0,27.113,84.082,True,True,1.817
29,2026-09-26 07:52:57+01:00,6.51555619,3.385643711,20.0,22.0,25.0,27.113,84.082,True,True,1.557
29,2026-09-26 07:52:58+01:00,6.515551663,3.385651067,20.0,22.0,25.0,27.113,84.082,True,True,0.956
29,2026-09-26 07:52:59+01:00,6.515548799,3.385666423,19.0,21.0,22.0,27.113,84.082,True,True,1.726
29,2026-09-26 07:53:00+01:00,6.515544495,3.385678035,20.0,21.0,24.0,27.113,84.082,True,True,1.369
29,2026-09-26 07:53:01+01:00,6.51554377,3.385692933,20.0,22.0,25.0,27.113,84.082,True,True,1.648
29,2026-09-26 07:53:02+01:00,6.515540744,3.385707038,20.0,22.0,25.0,27.113,84.082,True,True,1.594
29,2026-09-26 07:53:03+01:00,6.515538439,3.385714966,19.0,21.0,22.0,27.113,84.082,True,True,0.913
29,2026-09-26 07:53:04+01:00,6.515536762,3.385722659,19.0,21.0,22.0,27.113,84.082,True,True,0.87
29,2026-09-26 07:53:05+01:00,6.515530361,3.385735108,19.0,21.0,22.0,27.113,84.082,True,True,1.549
29,2026-09-26 07:53:06+01:00,6.515524691,3.385748748,19.0,21.0,22.0,27.113,84.082,True,True,1.633
29,2026-09-26 07:53:07+01:00,6.515521318,3.385758585,19.0,21.0,22.0,27.113,84.082,True,True,1.15
29,2026-09-26 07:53:08+01:00,6.515515382,3.385771717,20.0,22.0,25.0,27.113,84.082,True,True,1.594
29,2026-09-26 07:53:09+01:00,6.515510874,3.385781526,21.0,23.0,27.0,27.113,84.082,True,True,1.194
29,2026-09-26 07:53:10+01:00,6.515505819,3.385790848,21.0,23.0,27.0,27.113,84.082,True,True,1.173
29,2026-09-26 07:53:11+01:00,6.51550017,3.385798529,20.0,22.0,25.0,27.113,84.082,True,True,1.056
29,2026-09-26 07:53:12+01:00,6.515494405,3.385806446,20.0,22.0,25.0,27.113,84.082,True,True,1.084
29,2026-09-26 07:53:13+01:00,6.515492121,3.385821403,20.0,22.0,25.0,27.113,84.082,True,True,1.672
29,2026-09-26 07:53:14+01:00,6.515488743,3.385833264,20.0,22.0,25.0,27.113,84.082,True,True,1.363
29,2026-09-26 07:53:15+01:00,6.515487093,3.385846717,20.0,22.0,25.0,27.113,84.082,True,True,1.498
29,2026-09-26 07:53:16+01:00,6.515481356,3.38585752,20.0,22.0,25.0,27.113,84.082,True,True,1.353
29,2026-09-26 07:53:17+01:00,6.515479951,3.385868891,20.0,22.0,25.0,27.113,84.082,True,True,1.266
29,2026-09-26 07:53:18+01:00,6.515476609,3.385881172,21.0,23.0,27.0,27.113,84.082,True,True,1.407
29,2026-09-26 07:53:19+01:00,6.515475236,3.385891797,21.0,23.0,27.0,27.113,84.082,True,True,1.184
29,2026-09-26 07:53:20+01:00,6.515472659,3.38590276,21.0,23.0,27.0,27.113,84.082,True,True,1.245
29,2026-09-26 07:53:21+01:00,6.515469238,3.385915027,21.0,23.0,27.0,27.113,84.082,True,True,1.408
29,2026-09-26 07:53:22+01:00,6.515466265,3.385927871,21.0,23.0,27.0,27.113,84.082,True,True,1.457
29,2026-09-26 07:53:23+01:00,6.515464561,3.385935492,21.0,23.0,27.0,27.113,84.082,True,True,0.863
29,2026-09-26 07:53:24+01:00,6.515460213,3.385954052,21.0,23.0,27.0,27.113,84.082,True,True,2.107
29,2026-09-26 07:53:25+01:00,6.515456527,3.385964223,21.0,23.0,27.0,27.113,84.082,True,True,1.196
29,2026-09-26 07:53:26+01:00,6.515452018,3.385978122,21.0,23.0,27.0,27.113,84.082,True,True,1.615
29,2026-09-26 07:53:27+01:00,6.515446603,3.385984963,21.0,23.0,27.0,27.113,84.082,True,True,0.966
29,2026-09-26 07:53:28+01:00,6.515446878,3.38599478,21.0,23.0,27.0,27.113,84.082,True,True,1.085
29,2026-09-26 07:53:29+01:00,6.515445304,3.386010756,21.0,23.0,27.0,27.113,84.082,True,True,1.774
29,2026-09-26 07:53:30+01:00,6.515440663,3.386024157,21.0,23.0,27.0,27.113,84.082,True,True,1.568
29,2026-09-26 07:53:31+01:00,6.515433039,3.386034975,21.0,23.0,27.0,27.113,84.082,True,True,1.465
29,2026-09-26 07:53:32+01:00,6.515431468,3.386042966,21.0,23.0,27.0,27.113,85.203,True,True,0.9
29,2026-09-26 07:53:33+01:00,6.515427145,3.386049436,21.0,23.0,27.0,27.113,85.203,True,True,0.861
29,2026-09-26 07:53:34+01:00,6.515420181,3.386057847,21.0,23.0,27.0,27.113,85.203,True,True,1.21
29,2026-09-26 07:53:35+01:00,6.515413132,3.386069642,21.0,23.0,27.0,27.113,85.203,True,True,1.521
29,2026-09-26 07:53:36+01:00,6.515406885,3.386080182,21.0,23.0,27.0,27.113,85.203,True,True,1.356
29,2026-09-26 07:53:37+01:00,6.515398533,3.386086672,21.0,23.0,27.0,27.113,85.203,True,True,1.173
29,2026-09-26 07:53:38+01:00,6.515393136,3.386092554,21.0,23.0,27.0,27.113,85.203,True,True,0.885
29,2026-09-26 07:53:39+01:00,6.51538174,3.386099559,21.0,23.0,27.0,27.113,85.203,True,True,1.485
29,2026-09-26 07:53:40+01:00,6.515372298,3.386105619,21.0,23.0,27.0,27.113,85.203,True,True,1.245
29,2026-09-26 07:53:41+01:00,6.515364499,3.386107155,21.0,23.0,27.0,27.113,85.203,True,True,0.884
29,2026-09-26 07:53:42+01:00,6.515356593,3.386115571,20.0,22.0,25.0,27.113,85.203,True,True,1.28
29,2026-09-26 07:53:43+01:00,6.51534571,3.386124429,21.0,23.0,27.0,27.113,85.203,True,True,1.556
29,2026-09-26 07:53:44+01:00,6.515336738,3.38612923,21.0,23.0,27.0,27.113,85.203,True,True,1.13
29,2026-09-26 07:53:45+01:00,6.515328394,3.386137229,21.0,23.0,27.0,27.113,85.203,True,True,1.281
29,2026-09-26 07:53:46+01:00,6.515314814,3.386142819,21.0,23.0,27.0,27.113,85.203,True,True,1.631
29,2026-09-26 07:53:47+01:00,6.515302521,3.386145938,21.0,22.0,26.0,27.113,85.203,True,True,1.41
29,2026-09-26 07:53:48+01:00,6.515294607,3.386160077,21.0,23.0,27.0,27.113,85.203,True,True,1.793
29,2026-09-26 07:53:49+01:00,6.515286042,3.386165928,21.0,23.0,27.0,27.113,85.203,True,True,1.151
29,2026-09-26 07:53:50+01:00,6.515277036,3.386172306,21.0,23.0,27.0,27.113,85.203,True,True,1.224
29,2026-09-26 07:53:51+01:00,6.515262913,3.386175485,21.0,23.0,27.0,27.113,85.203,True,True,1.609
29,2026-09-26 07:53:52+01:00,6.515252495,3.386176137,21.0,23.0,27.0,27.113,85.203,True,True,1.161
29,2026-09-26 07:53:53+01:00,6.515245901,3.38618408,21.0,23.0,27.0,27.113,85.203,True,True,1.144
29,2026-09-26 07:53:54+01:00,6.515235309,3.386193079,21.0,23.0,27.0,27.113,85.203,True,True,1.541
29,2026-09-26 07:53:55+01:00,6.51522621,3.38620104,21.0,23.0,27.0,27.113,85.203,True,True,1.341
29,2026-09-26 07:53:56+01:00,6.515215354,3.386209752,21.0,23.0,27.0,27.113,85.203,True,True,1.544
29,2026-09-26 07:53:57+01:00,6.515207664,3.386214046,21.0,23.0,27.0,27.113,85.203,True,True,0.978
29,2026-09-26 07:53:58+01:00,6.515194364,3.386216435,21.0,23.0,27.0,27.113,85.203,True,True,1.502
29,2026-09-26 07:53:59+01:00,6.515184772,3.386221817,21.0,23.0,27.0,27.113,85.203,True,True,1.221
29,2026-09-26 07:54:00+01:00,6.515177485,3.386227387,21.0,23.0,27.0,27.113,85.203,True,True,1.017
29,2026-09-26 07:54:01+01:00,6.515168742,3.386237976,21.0,23.0,27.0,27.113,85.203,True,True,1.521
29,2026-09-26 07:54:02+01:00,6.515159181,3.386248801,21.0,23.0,27.0,27.113,85.203,True,True,1.6
29,2026-09-26 07:54:03+01:00,6.51514993,3.386260937,21.0,23.0,27.0,27.113,85.203,True,True,1.69
29,2026-09-26 07:54:04+01:00,6.5151389,3.386262506,21.0,23.0,27.0,27.113,85.203,True,True,1.239
29,2026-09-26 07:54:05+01:00,6.515128293,3.386271406,21.0,23.0,27.0,27.113,85.203,True,True,1.536
29,2026-09-26 07:54:06+01:00,6.515118545,3.386273137,21.0,23.0,27.0,27.113,85.203,True,True,1.101
29,2026-09-26 07:54:07+01:00,6.515109734,3.386283042,21.0,23.0,27.0,27.113,85.203,True,True,1.469
29,2026-09-26 07:54:08+01:00,6.51510003,3.386288381,22.0,24.0,29.0,27.113,85.203,True,True,1.23
29,2026-09-26 07:54:09+01:00,6.515088494,3.386293471,21.0,23.0,27.0,27.113,85.203,True,True,1.401
29,2026-09-26 07:54:10+01:00,6.515079119,3.386298282,21.0,23.0,27.0,27.113,85.203,True,True,1.17
29,2026-09-26 07:54:11+01:00,6.515069167,3.386305254,21.0,23.0,27.0,27.113,85.203,True,True,1.348
29,2026-09-26 07:54:12+01:00,6.515060433,3.386312071,21.0,23.0,27.0,27.113,85.203,True,True,1.229
29,2026-09-26 07:54:13+01:00,6.515052071,3.386322248,21.0,23.0,27.0,27.113,85.203,True,True,1.459
29,2026-09-26 07:54:14+01:00,6.515045656,3.386317896,21.0,23.0,27.0,27.113,85.203,True,True,0.86
29,2026-09-26 07:54:15+01:00,6.515037395,3.386330501,21.0,23.0,27.0,27.113,85.203,True,True,1.668
29,2026-09-26 07:54:16+01:00,6.515024696,3.386339287,21.0,23.0,27.0,27.113,85.203,True,True,1.714
29,2026-09-26 07:54:17+01:00,6.515019172,3.386348947,21.0,23.0,27.0,27.113,85.203,True,True,1.231
29,2026-09-26 07:54:18+01:00,6.51501098,3.386359067,21.0,23.0,27.0,27.113,85.203,True,True,1.442
29,2026-09-26 07:54:19+01:00,6.51500074,3.386365254,21.0,23.0,27.0,27.113,85.203,True,True,1.328
29,2026-09-26 07:54:20+01:00,6.514990838,3.386373952,21.0,23.0,27.0,27.113,85.203,True,True,1.461
29,2026-09-26 07:54:21+01:00,6.514980365,3.386380387,21.0,23.0,27.0,27.113,85.203,True,True,1.364
29,2026-09-26 07:54:22+01:00,6.51496909,3.386382984,21.0,23.0,27.0,27.113,85.203,True,True,1.286
29,2026-09-26 07:54:23+01:00,6.514961683,3.386388955,20.0,22.0,25.0,27.113,85.203,True,True,1.055
29,2026-09-26 07:54:24+01:00,6.514952249,3.386396701,20.0,22.0,25.0,27.113,85.203,True,True,1.354
29,2026-09-26 07:54:25+01:00,6.514943765,3.386400266,20.0,22.0,25.0,27.113,85.203,True,True,1.022
29,2026-09-26 07:54:26+01:00,6.514934305,3.386406487,20.0,22.0,25.0,27.113,85.203,True,True,1.257
29,2026-09-26 07:54:27+01:00,6.514924648,3.38641416,20.0,22.0,25.0,27.113,85.203,True,True,1.368
29,2026-09-26 07:54:28+01:00,6.514914525,3.386429863,20.0,21.0,24.0,27.113,85.203,True,True,2.068
29,2026-09-26 07:54:29+01:00,6.514906576,3.386435884,19.0,21.0,22.0,27.113,85.203,True,True,1.106
29,2026-09-26 07:54:30+01:00,6.514902354,3.386446034,19.0,21.0,22.0,27.113,85.203,True,True,1.216
29,2026-09-26 07:54:31+01:00,6.514892769,3.386454008,19.0,21.0,22.0,27.113,85.203,True,True,1.383
29,2026-09-26 07:54:32+01:00,6.514882126,3.386462174,19.0,21.0,22.0,27.113,85.203,True,True,1.488
29,2026-09-26 07:54:33+01:00,6.514873959,3.38646902,19.0,21.0,22.0,27.113,85.203,True,True,1.182
29,2026-09-26 07:54:34+01:00,6.51486332,3.386473802,19.0,21.0,22.0,27.113,85.203,True,True,1.296
29,2026-09-26 07:54:35+01:00,6.514854847,3.386483144,19.0,21.0,22.0,27.113,85.203,True,True,1.397
29,2026-09-26 07:54:36+01:00,6.514846439,3.386491768,19.0,21.0,22.0,27.113,85.203,True,True,1.335
29,2026-09-26 07:54:37+01:00,6.514835295,3.386500914,19.0,21.0,22.0,27.113,85.203,True,True,1.599
29,2026-09-26 07:54:38+01:00,6.514826268,3.386508083,19.0,21.0,22.0,27.113,85.203,True,True,1.279
29,2026-09-26 07:54:39+01:00,6.514815306,3.38651989,19.0,21.0,22.0,27.113,85.203,True,True,1.785
29,2026-09-26 07:54:40+01:00,6.514806415,3.386525268,19.0,21.0,22.0,27.113,85.203,True,True,1.153
29,2026-09-26 07:54:41+01:00,6.51479551,3.386535205,19.0,21.0,22.0,27.113,85.203,True,True,1.636
29,2026-09-26 07:54:42+01:00,6.51478592,3.386539143,19.0,21.0,22.0,27.113,85.203,True,True,1.152
29,2026-09-26 07:54:43+01:00,6.514778555,3.386548127,19.0,21.0,22.0,27.113,85.203,True,True,1.287
29,2026-09-26 07:54:44+01:00,6.514770017,3.386553482,19.0,21.0,22.0,27.113,85.203,True,True,1.119
29,2026-09-26 07:54:45+01:00,6.514761856,3.386558133,19.0,21.0,22.0,27.113,85.203,True,True,1.043
29,2026-09-26 07:54:46+01:00,6.514750515,3.386564942,19.0,21.0,22.0,27.113,85.203,True,True,1.468
29,2026-09-26 07:54:47+01:00,6.514739841,3.386565449,19.0,21.0,22.0,27.113,85.203,True,True,1.188
29,2026-09-26 07:54:48+01:00,6.514727253,3.386569929,18.0,20.0,21.0,27.113,85.203,True,True,1.485
29,2026-09-26 07:54:49+01:00,6.514717682,3.38657592,18.0,20.0,21.0,27.113,85.203,True,True,1.253
29,2026-09-26 07:54:50+01:00,6.514714466,3.386586078,18.0,20.0,21.0,27.113,85.203,True,True,1.178
29,2026-09-26 07:54:51+01:00,6.514705216,3.386599713,17.0,18.0,19.0,27.113,85.203,True,True,1.824
29,2026-09-26 07:54:52+01:00,6.514693881,3.386605324,18.0,20.0,21.0,27.113,85.203,True,True,1.405
29,2026-09-26 07:54:53+01:00,6.514682152,3.386610804,17.0,18.0,19.0,27.113,85.203,True,True,1.438
29,2026-09-26 07:54:54+01:00,6.514670334,3.386619255,17.0,18.0,19.0,27.113,85.203,True,True,1.612
29,2026-09-26 07:54:55+01:00,6.514660281,3.386627012,17.0,18.0,19.0,27.113,85.203,True,True,1.409
29,2026-09-26 07:54:56+01:00,6.514650504,3.386632004,18.0,20.0,21.0,27.113,85.203,True,True,1.219
29,2026-09-26 07:54:57+01:00,6.51464151,3.386640076,19.0,21.0,22.0,27.113,85.203,True,True,1.34
29,2026-09-26 07:54:58+01:00,6.514633457,3.386650755,19.0,21.0,22.0,27.113,85.203,True,True,1.481
29,2026-09-26 07:54:59+01:00,6.514627227,3.386663152,19.0,21.0,22.0,27.113,85.203,True,True,1.535
29,2026-09-26 07:55:00+01:00,6.514620757,3.386668009,20.0,22.0,25.0,27.113,85.203,True,True,0.897
29,2026-09-26 07:55:01+01:00,6.514611125,3.38667382,20.0,22.0,25.0,27.113,85.203,True,True,1.249
29,2026-09-26 07:55:02+01:00,6.514597731,3.386679603,20.0,22.0,25.0,27.113,85.203,True,True,1.621
29,2026-09-26 07:55:03+01:00,6.5145886,3.386687439,20.0,22.0,25.0,27.113,85.203,True,True,1.334
29,2026-09-26 07:55:04+01:00,6.514579504,3.386691869,22.0,24.0,29.0,27.113,85.203,True,True,1.124
29,2026-09-26 07:55:05+01:00,6.514566848,3.386700186,22.0,24.0,29.0,27.113,85.203,True,True,1.681
29,2026-09-26 07:55:06+01:00,6.51455459,3.386708901,21.0,23.0,27.0,27.113,85.203,True,True,1.669
29,2026-09-26 07:55:07+01:00,6.514545715,3.386714117,22.0,24.0,29.0,27.113,85.203,True,True,1.143
29,2026-09-26 07:55:08+01:00,6.514534942,3.386717738,22.0,24.0,29.0,27.113,85.203,True,True,1.263
29,2026-09-26 07:55:09+01:00,6.514524194,3.386725495,22.0,24.0,29.0,27.113,85.203,True,True,1.471
29,2026-09-26 07:55:10+01:00,6.514513557,3.386731568,22.0,24.0,29.0,27.113,85.203,True,True,1.36
29,2026-09-26 07:55:11+01:00,6.514503036,3.386738056,22.0,24.0,29.0,27.113,85.203,True,True,1.372
29,2026-09-26 07:55:12+01:00,6.514497488,3.386750313,22.0,24.0,29.0,27.113,85.203,True,True,1.488
29,2026-09-26 07:55:13+01:00,6.514490123,3.386754966,22.0,24.0,29.0,27.113,85.203,True,True,0.967
29,2026-09-26 07:55:14+01:00,6.514488695,3.386755128,22.0,24.0,29.0,27.113,85.203,True,True,0.16
29,2026-09-26 07:55:15+01:00,6.514468721,3.386765725,22.0,24.0,28.0,27.113,85.203,True,True,2.511
29,2026-09-26 07:55:16+01:00,6.514461812,3.386777527,21.0,23.0,27.0,27.113,85.203,True,True,1.513
29,2026-09-26 07:55:17+01:00,6.514450646,3.386781761,21.0,23.0,27.0,27.113,85.203,True,True,1.327
29,2026-09-26 07:55:18+01:00,6.514444151,3.386787446,21.0,23.0,27.0,27.113,85.203,True,True,0.957
29,2026-09-26 07:55:19+01:00,6.514432758,3.386799994,20.0,22.0,25.0,27.113,85.203,True,True,1.878
29,2026-09-26 07:55:20+01:00,6.51442531,3.386812238,20.0,22.0,25.0,27.113,85.203,True,True,1.586
29,2026-09-26 07:55:21+01:00,6.51441874,3.386817381,20.0,22.0,25.0,27.113,85.203,True,True,0.925
29,2026-09-26 07:55:22+01:00,6.514408555,3.386828132,20.0,22.0,25.0,27.113,85.203,True,True,1.641
29,2026-09-26 07:55:23+01:00,6.514396435,3.38683313,20.0,22.0,25.0,27.113,85.203,True,True,1.456
29,2026-09-26 07:55:24+01:00,6.514387585,3.386839117,19.0,21.0,22.0,27.113,85.203,True,True,1.186
29,2026-09-26 07:55:25+01:00,6.514375998,3.386847999,17.0,19.0,20.0,27.113,85.203,True,True,1.62
29,2026-09-26 07:55:26+01:00,6.514364894,3.386856444,17.0,18.0,19.0,27.113,85.203,True,True,1.548
29,2026-09-26 07:55:27+01:00,6.514355764,3.38686496,18.0,20.0,21.0,27.113,85.203,True,True,1.384
29,2026-09-26 07:55:28+01:00,6.514351357,3.386875476,18.0,20.0,21.0,27.113,85.203,True,True,1.261
29,2026-09-26 07:55:29+01:00,6.514343252,3.386887197,19.0,21.0,22.0,27.113,85.203,True,True,1.578
29,2026-09-26 07:55:30+01:00,6.514334973,3.386893608,19.0,21.0,22.0,27.113,85.203,True,True,1.162
29,2026-09-26 07:55:31+01:00,6.514322971,3.386898731,18.0,20.0,21.0,27.113,85.203,True,True,1.45
29,2026-09-26 07:55:32+01:00,6.514316741,3.386909176,19.0,21.0,22.0,27.113,84.644,True,True,1.346
29,2026-09-26 07:55:33+01:00,6.514319399,3.386921478,20.0,22.0,25.0,27.113,84.644,True,True,1.391
29,2026-09-26 07:55:34+01:00,6.51430629,3.386937957,20.0,22.0,25.0,27.113,84.644,True,True,2.332
29,2026-09-26 07:55:35+01:00,6.514296495,3.386953462,21.0,23.0,27.0,27.113,84.644,True,True,2.03
29,2026-09-26 07:55:36+01:00,6.514286228,3.386957171,21.0,23.0,27.0,27.113,84.644,True,True,1.213
29,2026-09-26 07:55:37+01:00,6.514276228,3.386970157,21.0,23.0,27.0,27.113,84.644,True,True,1.815
29,2026-09-26 07:55:38+01:00,6.514265644,3.386988516,21.0,23.0,27.0,27.113,84.644,True,True,2.345
29,2026-09-26 07:55:39+01:00,6.514261887,3.386991568,20.0,22.0,25.0,27.113,84.644,True,True,0.537
29,2026-09-26 07:55:40+01:00,6.514251942,3.387003479,20.0,22.0,25.0,27.113,84.644,True,True,1.719
29,2026-09-26 07:55:41+01:00,6.514246815,3.387013788,20.0,22.0,25.0,27.113,84.644,True,True,1.274
29,2026-09-26 07:55:42+01:00,6.514244886,3.387023432,20.0,22.0,25.0,27.113,84.644,True,True,1.087
29,2026-09-26 07:55:43+01:00,6.514236469,3.387034852,21.0,23.0,27.0,27.113,84.644,True,True,1.571
29,2026-09-26 07:55:44+01:00,6.514228637,3.387044154,21.0,23.0,27.0,27.113,84.644,True,True,1.347
29,2026-09-26 07:55:45+01:00,6.514219787,3.387052927,21.0,23.0,27.0,27.113,84.644,True,True,1.381
29,2026-09-26 07:55:47+01:00,6.514212965,3.387054641,21.0,23.0,27.0,27.113,84.644,True,True,0.391
29,2026-09-26 07:55:49+01:00,6.514194189,3.387067981,20.0,22.0,25.0,27.113,84.644,True,True,1.278
29,2026-09-26 07:55:51+01:00,6.514176779,3.387085123,20.0,22.0,25.0,27.113,84.644,True,True,1.354
29,2026-09-26 07:55:53+01:00,6.514159757,3.387105503,21.0,23.0,27.0,27.113,84.644,True,True,1.471
29,2026-09-26 07:55:55+01:00,6.514144068,3.387126122,20.0,22.0,25.0,27.113,84.644,True,True,1.435
29,2026-09-26 07:55:56+01:00,6.514138858,3.387127925,20.0,22.0,25.0,27.113,84.644,True,True,0.613
29,2026-09-26 07:55:57+01:00,6.514123005,3.387144688,20.0,22.0,25.0,27.113,84.644,True,True,2.557
29,2026-09-26 07:55:58+01:00,6.51411139,3.387153676,20.0,22.0,25.0,27.113,84.644,True,True,1.629
29,2026-09-26 07:55:59+01:00,6.51411139,3.387153676,20.0,22.0,25.0,27.113,84.644,True,True,0.0
29,2026-09-26 07:56:00+01:00,6.514096426,3.387168362,20.0,22.0,25.0,27.113,84.644,True,True,2.324
29,2026-09-26 07:56:01+01:00,6.514096426,3.387168362,21.0,23.0,27.0,27.113,84.644,True,True,0.0
29,2026-09-26 07:56:02+01:00,6.514079119,3.38717984,21.0,23.0,27.0,27.113,84.644,True,True,2.305
29,2026-09-26 07:56:03+01:00,6.514079119,3.38717984,21.0,23.0,27.0,27.113,84.644,True,True,0.0
29,2026-09-26 07:56:04+01:00,6.514056359,3.387180658,19.0,21.0,22.0,27.113,84.644,True,True,2.532
29,2026-09-26 07:56:05+01:00,6.514056359,3.387180658,20.0,22.0,25.0,27.113,84.644,True,True,0.0
29,2026-09-26 07:56:06+01:00,6.514041027,3.387206749,20.0,22.0,25.0,27.113,84.644,True,True,3.349
29,2026-09-26 07:56:07+01:00,6.514030632,3.387210027,20.0,22.0,25.0,27.113,84.644,True,True,1.211
29,2026-09-26 07:56:08+01:00,6.51402295,3.38722318,20.0,22.0,25.0,27.113,84.644,True,True,1.686
29,2026-09-26 07:56:09+01:00,6.51402295,3.38722318,19.0,21.0,22.0,27.113,84.644,True,True,0.0
29,2026-09-26 07:56:10+01:00,6.514007347,3.387242028,19.0,21.0,22.0,27.113,84.644,True,True,2.71
29,2026-09-26 07:56:11+01:00,6.514007347,3.387242028,19.0,21.0,22.0,27.113,84.644,True,True,0.0
29,2026-09-26 07:56:12+01:00,6.513990174,3.387253744,19.0,21.0,22.0,27.113,84.644,True,True,2.307
29,2026-09-26 07:56:13+01:00,6.513980778,3.387261574,19.0,21.0,22.0,27.113,84.644,True,True,1.356
29,2026-09-26 07:56:14+01:00,6.513972898,3.387265523,19.0,21.0,22.0,27.113,84.644,True,True,0.979
29,2026-09-26 07:56:15+01:00,6.513969072,3.387279075,19.0,21.0,22.0,27.113,84.644,True,True,1.556
29,2026-09-26 07:56:16+01:00,6.513964792,3.387289,20.0,22.0,25.0,27.113,84.644,True,True,1.195
29,2026-09-26 07:56:17+01:00,6.513958543,3.387298715,20.0,22.0,25.0,27.113,84.644,True,True,1.279
29,2026-09-26 07:56:18+01:00,6.513953914,3.387307769,21.0,22.0,26.0,27.113,84.644,True,True,1.125
29,2026-09-26 07:56:19+01:00,6.513949543,3.387322114,20.0,22.0,25.0,27.113,84.644,True,True,1.658
29,2026-09-26 07:56:20+01:00,6.513928686,3.387348678,20.0,22.0,25.0,27.113,84.644,True,True,3.74
29,2026-09-26 07:56:21+01:00,6.513938144,3.387351291,21.0,23.0,27.0,27.113,84.644,True,True,1.091
29,2026-09-26 07:56:22+01:00,6.513924279,3.387353594,20.0,22.0,25.0,27.113,84.644,True,True,1.563
29,2026-09-26 07:56:23+01:00,6.513912087,3.38735536,19.0,21.0,22.0,27.113,84.644,True,True,1.37
29,2026-09-26 07:56:24+01:00,6.513905341,3.38736732,19.0,21.0,22.0,27.113,84.644,True,True,1.519
29,2026-09-26 07:56:25+01:00,6.513898229,3.387377709,18.0,20.0,21.0,27.113,84.644,True,True,1.394
29,2026-09-26 07:56:26+01:00,6.513892343,3.387395231,18.0,20.0,21.0,27.113,84.644,True,True,2.043
29,2026-09-26 07:56:27+01:00,6.513884608,3.387405047,19.0,21.0,22.0,27.113,84.644,True,True,1.384
29,2026-09-26 07:56:28+01:00,6.513875135,3.387410021,20.0,22.0,25.0,27.113,84.644,True,True,1.188
29,2026-09-26 07:56:29+01:00,6.513865704,3.387415754,20.0,22.0,25.0,27.113,84.644,True,True,1.225
29,2026-09-26 07:56:30+01:00,6.513856278,3.387418831,19.0,21.0,22.0,27.113,84.644,True,True,1.102
29,2026-09-26 07:56:31+01:00,6.513843681,3.387425525,19.0,21.0,22.0,27.113,84.644,True,True,1.584
29,2026-09-26 07:56:32+01:00,6.513835971,3.387434303,19.0,21.0,22.0,27.113,84.644,True,True,1.294
29,2026-09-26 07:56:33+01:00,6.513826387,3.387439614,18.0,20.0,21.0,27.113,84.644,True,True,1.217
29,2026-09-26 07:56:34+01:00,6.513814923,3.387446538,18.0,20.0,21.0,27.113,84.644,True,True,1.487
29,2026-09-26 07:56:35+01:00,6.513806323,3.38745061,18.0,20.0,21.0,27.113,84.644,True,True,1.057
29,2026-09-26 07:56:36+01:00,6.513797296,3.387456853,18.0,20.0,21.0,27.113,84.644,True,True,1.218
29,2026-09-26 07:56:37+01:00,6.513790171,3.387466879,18.0,20.0,21.0,27.113,84.644,True,True,1.362
29,2026-09-26 07:56:38+01:00,6.513782875,3.387473748,19.0,21.0,22.0,27.113,84.644,True,True,1.111
29,2026-09-26 07:56:39+01:00,6.513772054,3.38748035,19.0,21.0,22.0,27.113,84.644,True,True,1.407
29,2026-09-26 07:56:40+01:00,6.513764964,3.387486769,19.0,21.0,22.0,27.113,84.644,True,True,1.06
29,2026-09-26 07:56:41+01:00,6.513759476,3.387496302,19.0,21.0,22.0,27.113,84.644,True,True,1.217
29,2026-09-26 07:56:42+01:00,6.51375171,3.3875035,19.0,21.0,22.0,27.113,84.644,True,True,1.174
29,2026-09-26 07:56:43+01:00,6.513744333,3.387510185,19.0,21.0,22.0,27.113,84.644,True,True,1.104
29,2026-09-26 07:56:44+01:00,6.513735133,3.387516555,19.0,21.0,22.0,27.113,84.644,True,True,1.242
29,2026-09-26 07:56:45+01:00,6.513726356,3.387527728,19.0,21.0,22.0,27.113,84.644,True,True,1.574
29,2026-09-26 07:56:46+01:00,6.513719159,3.387533754,19.0,21.0,22.0,27.113,84.644,True,True,1.041
29,2026-09-26 07:56:47+01:00,6.513711811,3.387543062,19.0,21.0,22.0,27.113,84.644,True,True,1.313
29,2026-09-26 07:56:48+01:00,6.513705316,3.387552319,19.0,21.0,22.0,27.113,84.644,True,True,1.252
29,2026-09-26 07:56:49+01:00,6.513704264,3.387561766,19.0,21.0,22.0,27.113,84.644,True,True,1.05
29,2026-09-26 07:56:50+01:00,6.51370057,3.387569917,18.0,20.0,21.0,27.113,84.644,True,True,0.99
29,2026-09-26 07:56:51+01:00,6.513698673,3.387582846,18.0,20.0,21.0,27.113,84.644,True,True,1.444
29,2026-09-26 07:56:52+01:00,6.51369734,3.387593307,19.0,21.0,22.0,27.113,84.644,True,True,1.165
29,2026-09-26 07:56:53+01:00,6.513703505,3.387606124,19.0,21.0,22.0,27.113,84.644,True,True,1.573
29,2026-09-26 07:56:54+01:00,6.513703592,3.38761843,19.0,21.0,22.0,27.113,84.644,True,True,1.36
29,2026-09-26 07:56:55+01:00,6.513701341,3.387633849,19.0,21.0,22.0,27.113,84.644,True,True,1.722
29,2026-09-26 07:56:56+01:00,6.51369884,3.387645041,20.0,22.0,25.0,27.113,84.644,True,True,1.267
29,2026-09-26 07:56:57+01:00,6.513698416,3.387655381,20.0,22.0,25.0,27.113,84.644,True,True,1.143
29,2026-09-26 07:56:58+01:00,6.513701162,3.387663053,20.0,22.0,25.0,27.113,84.644,True,True,0.901
29,2026-09-26 07:56:59+01:00,6.513699861,3.387676786,20.0,22.0,25.0,27.113,84.644,True,True,1.524
29,2026-09-26 07:57:00+01:00,6.513697344,3.387687562,19.0,21.0,22.0,27.113,84.644,True,True,1.223
29,2026-09-26 07:57:01+01:00,6.513695797,3.387698709,19.0,21.0,22.0,27.113,84.644,True,True,1.243
29,2026-09-26 07:57:02+01:00,6.513693176,3.387708303,19.0,21.0,22.0,27.113,84.644,True,True,1.099
29,2026-09-26 07:57:03+01:00,6.513695533,3.387719169,19.0,21.0,22.0,27.113,84.644,True,True,1.229
29,2026-09-26 07:57:04+01:00,6.513693414,3.387728937,19.0,21.0,22.0,27.113,84.644,True,True,1.105
29,2026-09-26 07:57:05+01:00,6.513696303,3.387741064,19.0,21.0,22.0,27.113,84.644,True,True,1.378
29,2026-09-26 07:57:06+01:00,6.513700684,3.387749745,18.0,20.0,21.0,27.113,84.644,True,True,1.076
29,2026-09-26 07:57:07+01:00,6.513706887,3.387759269,18.0,20.0,21.0,27.113,84.644,True,True,1.258
29,2026-09-26 07:57:08+01:00,6.513713884,3.387768583,18.0,20.0,21.0,27.113,84.644,True,True,1.29
29,2026-09-26 07:57:09+01:00,6.513714241,3.387779648,18.0,20.0,21.0,27.113,84.644,True,True,1.223
29,2026-09-26 07:57:10+01:00,6.51371595,3.387789214,18.0,20.0,21.0,27.113,84.644,True,True,1.074
29,2026-09-26 07:57:11+01:00,6.513720043,3.387803332,17.0,18.0,19.0,27.113,84.644,True,True,1.625
29,2026-09-26 07:57:12+01:00,6.513730427,3.387811881,18.0,20.0,21.0,27.113,84.644,True,True,1.492
29,2026-09-26 07:57:13+01:00,6.513733131,3.387822257,19.0,21.0,22.0,27.113,84.644,True,True,1.185
29,2026-09-26 07:57:14+01:00,6.513737511,3.387833224,19.0,21.0,22.0,27.113,84.644,True,True,1.306
29,2026-09-26 07:57:15+01:00,6.513741818,3.387845327,19.0,21.0,22.0,27.113,84.644,True,True,1.42
29,2026-09-26 07:57:16+01:00,6.513744564,3.387856834,19.0,21.0,22.0,27.113,84.644,True,True,1.307
29,2026-09-26 07:57:17+01:00,6.513745153,3.387866249,19.0,21.0,22.0,27.113,84.644,True,True,1.042
29,2026-09-26 07:57:18+01:00,6.513747319,3.387878256,19.0,21.0,22.0,27.113,84.644,True,True,1.348
29,2026-09-26 07:57:19+01:00,6.513741975,3.387888156,19.0,21.0,22.0,27.113,84.644,True,True,1.245
29,2026-09-26 07:57:20+01:00,6.513738018,3.387902602,19.0,21.0,22.0,27.113,84.644,True,True,1.655
29,2026-09-26 07:57:21+01:00,6.51373267,3.387914377,19.0,21.0,22.0,27.113,84.644,True,True,1.43
29,2026-09-26 07:57:22+01:00,6.513728986,3.387923476,19.0,21.0,22.0,27.113,84.644,True,True,1.085
29,2026-09-26 07:57:23+01:00,6.513723866,3.387935843,19.0,21.0,22.0,27.113,84.644,True,True,1.48
29,2026-09-26 07:57:24+01:00,6.513718718,3.387948103,19.0,21.0,22.0,27.113,84.644,True,True,1.47
29,2026-09-26 07:57:25+01:00,6.513713118,3.387960245,19.0,21.0,22.0,27.113,84.644,True,True,1.479
29,2026-09-26 07:57:26+01:00,6.513706318,3.387970363,19.0,21.0,22.0,27.113,84.644,True,True,1.35
29,2026-09-26 07:57:27+01:00,6.513699962,3.387978405,19.0,21.0,22.0,27.113,84.644,True,True,1.135
29,2026-09-26 07:57:28+01:00,6.513693932,3.387989578,19.0,21.0,22.0,27.113,84.644,True,True,1.405
29,2026-09-26 07:57:29+01:00,6.513686954,3.388002076,19.0,21.0,22.0,27.113,84.644,True,True,1.584
29,2026-09-26 07:57:30+01:00,6.513677593,3.38800787,19.0,21.0,22.0,27.113,84.644,True,True,1.222
29,2026-09-26 07:57:31+01:00,6.513667792,3.388020464,19.0,21.0,22.0,27.113,84.644,True,True,1.767
29,2026-09-26 07:57:32+01:00,6.513658181,3.388025743,19.0,21.0,22.0,27.113,84.644,True,True,1.217
29,2026-09-26 07:57:33+01:00,6.513648836,3.388034635,19.0,21.0,22.0,27.113,84.644,True,True,1.43
29,2026-09-26 07:57:34+01:00,6.513640787,3.388041528,19.0,21.0,22.0,27.113,84.644,True,True,1.175
29,2026-09-26 07:57:35+01:00,6.513633149,3.3880491,19.0,21.0,22.0,27.113,84.644,True,True,1.192
29,2026-09-26 07:57:36+01:00,6.513622921,3.388057724,19.0,21.0,22.0,27.113,84.644,True,True,1.484
29,2026-09-26 07:57:37+01:00,6.513614555,3.38806417,19.0,21.0,22.0,27.113,84.644,True,True,1.172
29,2026-09-26 07:57:38+01:00,6.513606438,3.388075986,19.0,21.0,22.0,27.113,84.644,True,True,1.587
29,2026-09-26 07:57:39+01:00,6.513603018,3.388089841,19.0,21.0,22.0,27.113,84.644,True,True,1.577
29,2026-09-26 07:57:40+01:00,6.51359965,3.388101408,18.0,20.0,21.0,27.113,84.644,True,True,1.332
29,2026-09-26 07:57:41+01:00,6.513594731,3.388113468,18.0,20.0,21.0,27.113,84.644,True,True,1.44
29,2026-09-26 07:57:42+01:00,6.513592834,3.388127359,19.0,21.0,22.0,27.113,84.644,True,True,1.549
29,2026-09-26 07:57:43+01:00,6.513590547,3.388138528,18.0,20.0,21.0,27.113,84.644,True,True,1.26
29,2026-09-26 07:57:44+01:00,6.513590405,3.38815168,18.0,20.0,21.0,27.113,84.644,True,True,1.453
29,2026-09-26 07:57:45+01:00,6.513590061,3.388164478,18.0,20.0,21.0,27.113,84.644,True,True,1.414
29,2026-09-26 07:57:46+01:00,6.5135865,3.388177116,18.0,20.0,21.0,27.113,84.644,True,True,1.451
29,2026-09-26 07:57:47+01:00,6.513581787,3.388187552,18.0,20.0,21.0,27.113,84.644,True,True,1.266
29,2026-09-26 07:57:48+01:00,6.513574627,3.388201928,18.0,20.0,21.0,27.113,84.644,True,True,1.777
29,2026-09-26 07:57:49+01:00,6.513567164,3.388209288,18.0,20.0,21.0,27.113,84.644,True,True,1.162
29,2026-09-26 07:57:50+01:00,6.513557716,3.388218566,17.0,18.0,19.0,27.113,84.644,True,True,1.468
29,2026-09-26 07:57:51+01:00,6.513552713,3.388226119,17.0,18.0,19.0,27.113,84.644,True,True,1.003
29,2026-09-26 07:57:52+01:00,6.513546766,3.388235556,17.0,18.0,19.0,27.113,84.644,True,True,1.235
29,2026-09-26 07:57:53+01:00,6.513539773,3.388250265,17.0,18.0,19.0,27.113,84.644,True,True,1.801
29,2026-09-26 07:57:54+01:00,6.513535502,3.388259692,18.0,20.0,21.0,27.113,84.644,True,True,1.145
29,2026-09-26 07:57:55+01:00,6.51352832,3.388272844,18.0,20.0,21.0,27.113,84.644,True,True,1.658
29,2026-09-26 07:57:56+01:00,6.513522849,3.388283549,18.0,20.0,21.0,27.113,84.644,True,True,1.33
29,2026-09-26 07:57:57+01:00,6.51351472,3.388294554,18.0,20.0,21.0,27.113,84.644,True,True,1.515
29,2026-09-26 07:57:58+01:00,6.513509662,3.388306643,18.0,20.0,21.0,27.113,84.644,True,True,1.449
29,2026-09-26 07:57:59+01:00,6.513502494,3.38831675,17.0,18.0,19.0,27.113,84.644,True,True,1.372
29,2026-09-26 07:58:00+01:00,6.513496735,3.388325362,17.0,18.0,19.0,27.113,84.644,True,True,1.147
29,2026-09-26 07:58:01+01:00,6.513491589,3.388342067,18.0,20.0,21.0,27.113,84.644,True,True,1.932
29,2026-09-26 07:58:02+01:00,6.513487389,3.388349574,18.0,20.0,21.0,27.113,84.644,True,True,0.952
29,2026-09-26 07:58:03+01:00,6.513483722,3.388359513,18.0,20.0,21.0,27.113,84.644,True,True,1.171
29,2026-09-26 07:58:04+01:00,6.513476395,3.388368013,19.0,21.0,22.0,27.113,84.644,True,True,1.243
29,2026-09-26 07:58:05+01:00,6.513469442,3.388377917,19.0,21.0,22.0,27.113,84.644,True,True,1.34
29,2026-09-26 07:58:06+01:00,6.513461796,3.388385779,19.0,21.0,22.0,27.113,84.644,True,True,1.215
29,2026-09-26 07:58:07+01:00,6.513455883,3.388398394,19.0,21.0,22.0,27.113,84.644,True,True,1.541
29,2026-09-26 07:58:08+01:00,6.513449125,3.388407824,19.0,21.0,22.0,27.113,84.644,True,True,1.285
29,2026-09-26 07:58:09+01:00,6.513443087,3.388417612,19.0,21.0,22.0,27.113,84.644,True,True,1.273
29,2026-09-26 07:58:10+01:00,6.513432681,3.388425236,19.0,21.0,22.0,27.113,84.644,True,True,1.431
29,2026-09-26 07:58:11+01:00,6.513424557,3.388435837,19.0,21.0,22.0,27.113,84.644,True,True,1.479
29,2026-09-26 07:58:12+01:00,6.513422908,3.388446906,19.0,21.0,22.0,27.113,84.644,True,True,1.237
29,2026-09-26 07:58:13+01:00,6.513420032,3.388460568,19.0,21.0,22.0,27.113,84.644,True,True,1.543
29,2026-09-26 07:58:14+01:00,6.513415778,3.388473998,19.0,21.0,22.0,27.113,84.644,True,True,1.557
29,2026-09-26 07:58:15+01:00,6.513410196,3.388486171,19.0,21.0,22.0,27.113,84.644,True,True,1.481
29,2026-09-26 07:58:16+01:00,6.513402871,3.38849639,19.0,21.0,22.0,27.113,84.644,True,True,1.392
29,2026-09-26 07:58:17+01:00,6.513398406,3.388509248,19.0,21.0,22.0,27.113,84.644,True,True,1.505
29,2026-09-26 07:58:18+01:00,6.513389374,3.388514589,19.0,21.0,22.0,27.113,84.644,True,True,1.165
29,2026-09-26 07:58:19+01:00,6.513383091,3.388522803,19.0,21.0,22.0,27.113,84.644,True,True,1.145
29,2026-09-26 07:58:20+01:00,6.513380373,3.388532899,19.0,21.0,22.0,27.113,84.644,True,True,1.156
29,2026-09-26 07:58:21+01:00,6.513375734,3.388547256,19.0,21.0,22.0,27.113,84.644,True,True,1.668
29,2026-09-26 07:58:22+01:00,6.513368499,3.388556359,17.0,18.0,19.0,27.113,84.644,True,True,1.288
29,2026-09-26 07:58:23+01:00,6.513360578,3.388567252,17.0,18.0,19.0,27.113,84.644,True,True,1.491
29,2026-09-26 07:58:24+01:00,6.513352157,3.38857918,17.0,18.0,19.0,27.113,84.644,True,True,1.617
29,2026-09-26 07:58:25+01:00,6.513345771,3.388589438,16.0,17.0,18.0,27.113,84.644,True,True,1.337
29,2026-09-26 07:58:26+01:00,6.513337793,3.388600728,16.0,17.0,18.0,27.113,84.644,True,True,1.531
29,2026-09-26 07:58:27+01:00,6.513330744,3.388611092,16.0,17.0,18.0,27.113,84.644,True,True,1.388
29,2026-09-26 07:58:28+01:00,6.513322305,3.388622136,16.0,17.0,18.0,27.113,84.644,True,True,1.539
29,2026-09-26 07:58:29+01:00,6.513314642,3.388633172,16.0,17.0,18.0,27.113,84.644,True,True,1.487
29,2026-09-26 07:58:30+01:00,6.513306443,3.388642402,16.0,17.0,18.0,27.113,84.644,True,True,1.368
29,2026-09-26 07:58:31+01:00,6.513303507,3.388655649,16.0,17.0,18.0,27.113,84.644,True,True,1.499
29,2026-09-26 07:58:32+01:00,6.513297765,3.388665357,16.0,17.0,18.0,27.113,84.644,True,True,1.248
29,2026-09-26 07:58:33+01:00,6.513289798,3.388673465,16.0,17.0,18.0,27.113,84.644,True,True,1.26
29,2026-09-26 07:58:34+01:00,6.513281744,3.388684117,16.0,17.0,18.0,27.113,84.644,True,True,1.479
29,2026-09-26 07:58:35+01:00,6.513274388,3.38869389,16.0,17.0,18.0,27.113,84.644,True,True,1.355
29,2026-09-26 07:58:36+01:00,6.513268257,3.388704444,16.0,17.0,18.0,27.113,84.644,True,True,1.351
29,2026-09-26 07:58:37+01:00,6.513264884,3.388714066,16.0,17.0,18.0,27.113,84.644,True,True,1.127
29,2026-09-26 07:58:38+01:00,6.513260376,3.388727525,16.0,17.0,18.0,27.113,84.644,True,True,1.569
29,2026-09-26 07:58:39+01:00,6.513254777,3.388738193,16.0,17.0,18.0,27.113,84.644,True,True,1.333
29,2026-09-26 07:58:40+01:00,6.513251182,3.388752797,16.0,17.0,18.0,27.113,84.644,True,True,1.662
29,2026-09-26 07:58:41+01:00,6.51324765,3.388762974,17.0,18.0,19.0,27.113,84.644,True,True,1.191
29,2026-09-26 07:58:42+01:00,6.513242892,3.388776819,17.0,18.0,19.0,27.113,84.644,True,True,1.618
29,2026-09-26 07:58:43+01:00,6.513236161,3.388787033,18.0,20.0,21.0,27.113,84.644,True,True,1.354
29,2026-09-26 07:58:44+01:00,6.513231434,3.388791928,18.0,20.0,21.0,27.113,84.644,True,True,0.754
29,2026-09-26 07:58:45+01:00,6.51322657,3.388806952,18.0,20.0,21.0,27.113,84.644,True,True,1.746
29,2026-09-26 07:58:46+01:00,6.513220196,3.388816103,18.0,20.0,21.0,27.113,84.644,True,True,1.235
29,2026-09-26 07:58:47+01:00,6.513216593,3.388827766,18.0,20.0,21.0,27.113,84.644,True,True,1.349
29,2026-09-26 07:58:48+01:00,6.513210225,3.388838221,17.0,18.0,19.0,27.113,84.644,True,True,1.355
29,2026-09-26 07:58:49+01:00,6.513204229,3.388848082,17.0,18.0,19.0,27.113,84.644,True,True,1.277
29,2026-09-26 07:58:50+01:00,6.513197883,3.388857085,17.0,18.0,19.0,27.113,84.644,True,True,1.22
29,2026-09-26 07:58:51+01:00,6.513190495,3.388872917,16.0,17.0,18.0,27.113,84.644,True,True,1.932
29,2026-09-26 07:58:52+01:00,6.513190385,3.388882105,16.0,17.0,18.0,27.113,84.644,True,True,1.015
29,2026-09-26 07:58:53+01:00,6.513184626,3.388891918,16.0,17.0,18.0,27.113,84.644,True,True,1.259
29,2026-09-26 07:58:54+01:00,6.513179313,3.388903001,16.0,17.0,18.0,27.113,84.644,True,True,1.359
29,2026-09-26 07:58:55+01:00,6.513176376,3.388915574,15.0,16.0,17.0,27.113,84.644,True,True,1.427
29,2026-09-26 07:58:56+01:00,6.513172393,3.388928504,15.0,16.0,17.0,27.113,84.644,True,True,1.496
29,2026-09-26 07:58:57+01:00,6.513166145,3.388937207,16.0,17.0,18.0,27.113,84.644,True,True,1.186
29,2026-09-26 07:58:58+01:00,6.513162079,3.388953442,17.0,18.0,19.0,27.113,84.644,True,True,1.85
29,2026-09-26 07:58:59+01:00,6.513154545,3.388962907,17.0,18.0,19.0,27.113,84.644,True,True,1.34
29,2026-09-26 07:59:00+01:00,6.513150102,3.388972586,16.0,17.0,18.0,27.113,84.644,True,True,1.178
29,2026-09-26 07:59:01+01:00,6.513143084,3.388980606,16.0,17.0,18.0,27.113,84.644,True,True,1.181
29,2026-09-26 07:59:02+01:00,6.513137122,3.388990941,16.0,17.0,18.0,27.113,84.644,True,True,1.32
29,2026-09-26 07:59:03+01:00,6.513133407,3.389000921,16.0,17.0,18.0,27.113,84.644,True,True,1.177
29,2026-09-26 07:59:04+01:00,6.513125531,3.38900917,16.0,17.0,18.0,27.113,84.644,True,True,1.264
29,2026-09-26 07:59:05+01:00,6.513116193,3.389015176,16.0,17.0,18.0,27.113,84.644,True,True,1.232
29,2026-09-26 07:59:06+01:00,6.513109232,3.389025274,17.0,18.0,19.0,27.113,84.644,True,True,1.358
29,2026-09-26 07:59:07+01:00,6.51310362,3.389034031,18.0,20.0,21.0,27.113,84.644,True,True,1.151
29,2026-09-26 07:59:08+01:00,6.513098599,3.389046731,18.0,20.0,21.0,27.113,84.644,True,True,1.51
29,2026-09-26 07:59:09+01:00,6.513090893,3.38905841,17.0,18.0,19.0,27.113,84.644,True,True,1.549
29,2026-09-26 07:59:10+01:00,6.513092142,3.389069899,18.0,20.0,21.0,27.113,84.644,True,True,1.277
29,2026-09-26 07:59:11+01:00,6.513085222,3.38908157,18.0,20.0,21.0,27.113,84.644,True,True,1.502
29,2026-09-26 07:59:12+01:00,6.513076908,3.389091231,17.0,18.0,19.0,27.113,84.644,True,True,1.412
29,2026-09-26 07:59:14+01:00,6.513072344,3.389105353,17.0,18.0,19.0,27.113,84.644,True,True,0.82
29,2026-09-26 07:59:16+01:00,6.513063061,3.389124104,17.0,18.0,19.0,27.113,84.644,True,True,1.157
29,2026-09-26 07:59:17+01:00,6.513049741,3.389146347,17.0,18.0,19.0,27.113,84.644,True,True,2.869
29,2026-09-26 07:59:18+01:00,6.513042071,3.389154084,16.0,17.0,18.0,27.113,84.644,True,True,1.207
29,2026-09-26 07:59:20+01:00,6.513038375,3.389167396,16.0,17.0,18.0,27.113,84.644,True,True,0.764
29,2026-09-26 07:59:22+01:00,6.513030687,3.389187589,17.0,18.0,19.0,27.113,84.644,True,True,1.195
29,2026-09-26 07:59:24+01:00,6.513018317,3.389223951,16.0,17.0,18.0,27.113,84.644,True,True,2.123
29,2026-09-26 07:59:26+01:00,6.513006259,3.38924866,16.0,17.0,18.0,27.113,84.644,True,True,1.521
29,2026-09-26 07:59:28+01:00,6.513000375,3.389267142,16.0,17.0,18.0,27.113,84.644,True,True,1.072
29,2026-09-26 07:59:29+01:00,6.512998604,3.389280604,16.0,17.0,18.0,27.113,84.644,True,True,1.5
29,2026-09-26 07:59:30+01:00,6.512998604,3.389280604,16.0,17.0,18.0,27.113,84.644,True,True,0.0
29,2026-09-26 07:59:31+01:00,6.51298384,3.389297925,16.0,17.0,18.0,27.113,84.644,True,True,2.521
29,2026-09-26 07:59:32+01:00,6.51298384,3.389297925,16.0,17.0,18.0,27.113,85.761,True,True,0.0
29,2026-09-26 07:59:33+01:00,6.512974282,3.389321726,17.0,18.0,19.0,27.113,85.761,True,True,2.836
29,2026-09-26 07:59:34+01:00,6.512974282,3.389321726,17.0,18.0,19.0,27.113,85.761,True,True,0.0
29,2026-09-26 07:59:35+01:00,6.512958032,3.389336469,17.0,18.0,19.0,27.113,85.761,True,True,2.433
29,2026-09-26 07:59:36+01:00,6.512951015,3.389349868,17.0,18.0,19.0,27.113,85.761,True,True,1.673
29,2026-09-26 07:59:37+01:00,6.512946784,3.389362326,17.0,18.0,19.0,27.113,85.761,True,True,1.455
29,2026-09-26 07:59:38+01:00,6.512943758,3.389372317,16.0,17.0,18.0,27.113,85.761,True,True,1.154
29,2026-09-26 07:59:39+01:00,6.512943848,3.389384764,16.0,17.0,18.0,27.113,85.761,True,True,1.375
29,2026-09-26 07:59:40+01:00,6.512939672,3.389395495,16.0,17.0,18.0,27.113,85.761,True,True,1.273
29,2026-09-26 07:59:41+01:00,6.512934848,3.389408387,16.0,17.0,18.0,27.113,85.761,True,True,1.522
29,2026-09-26 07:59:42+01:00,6.512930048,3.389421051,16.0,17.0,18.0,27.113,85.761,True,True,1.497
29,2026-09-26 07:59:43+01:00,6.512925987,3.389431938,16.0,17.0,18.0,27.113,85.761,True,True,1.285
29,2026-09-26 07:59:44+01:00,6.512922685,3.389445612,16.0,17.0,18.0,27.113,85.761,True,True,1.555
29,2026-09-26 07:59:45+01:00,6.512915223,3.389454071,16.0,17.0,18.0,27.113,85.761,True,True,1.25
29,2026-09-26 07:59:46+01:00,6.512908702,3.389460203,16.0,17.0,18.0,27.113,85.761,True,True,0.992
29,2026-09-26 07:59:47+01:00,6.512901973,3.389472107,16.0,17.0,18.0,27.113,85.761,True,True,1.513
29,2026-09-26 07:59:48+01:00,6.512897181,3.389484088,15.0,16.0,17.0,27.113,85.761,True,True,1.427
29,2026-09-26 07:59:49+01:00,6.512893548,3.389496046,15.0,16.0,17.0,27.113,85.761,True,True,1.381
29,2026-09-26 07:59:50+01:00,6.512886008,3.389504553,15.0,16.0,17.0,27.113,85.761,True,True,1.259
29,2026-09-26 07:59:51+01:00,6.512878489,3.389519255,15.0,16.0,17.0,27.113,85.761,True,True,1.827
29,2026-09-26 07:59:52+01:00,6.512872713,3.389529376,16.0,17.0,18.0,27.113,85.761,True,True,1.289
29,2026-09-26 07:59:53+01:00,6.512870286,3.389542824,16.0,17.0,18.0,27.113,85.761,True,True,1.51
29,2026-09-26 07:59:54+01:00,6.512865591,3.389555016,16.0,17.0,18.0,27.113,85.761,True,True,1.445
29,2026-09-26 07:59:55+01:00,6.512860941,3.389565944,17.0,18.0,19.0,27.113,85.761,True,True,1.313
29,2026-09-26 07:59:56+01:00,6.512856348,3.3895788,16.0,17.0,18.0,27.113,85.761,True,True,1.509
29,2026-09-26 07:59:57+01:00,6.512848163,3.38958685,17.0,18.0,19.0,27.113,85.761,True,True,1.273
29,2026-09-26 07:59:58+01:00,6.512845218,3.389598884,18.0,20.0,21.0,27.113,85.761,True,True,1.369
29,2026-09-26 07:59:59+01:00,6.512841204,3.389610753,18.0,20.0,21.0,27.113,85.761,True,True,1.385
29,2026-09-26 08:00:00+01:00,6.512837072,3.389623886,18.0,20.0,21.0,27.113,85.761,True,True,1.522
29,2026-09-26 08:00:01+01:00,6.512837273,3.389635317,19.0,21.0,22.0,27.113,85.761,True,True,1.263
29,2026-09-26 08:00:02+01:00,6.512833024,3.389645723,19.0,21.0,22.0,27.113,85.761,True,True,1.243
29,2026-09-26 08:00:03+01:00,6.512827982,3.389652017,20.0,22.0,25.0,27.113,85.761,True,True,0.893
29,2026-09-26 08:00:04+01:00,6.512823968,3.38965534,20.0,22.0,25.0,27.113,85.761,True,True,0.578
29,2026-09-26 08:00:05+01:00,6.512818336,3.389666413,21.0,23.0,27.0,27.113,85.761,True,True,1.374
29,2026-09-26 08:00:06+01:00,6.512811482,3.38967839,21.0,23.0,27.0,27.113,85.761,True,True,1.527
29,2026-09-26 08:00:07+01:00,6.512808372,3.389692511,21.0,23.0,27.0,27.113,85.761,True,True,1.598
29,2026-09-26 08:00:08+01:00,6.512807852,3.389708327,20.0,22.0,25.0,27.113,85.761,True,True,1.748
29,2026-09-26 08:00:09+01:00,6.51280359,3.389715126,20.0,22.0,25.0,27.113,85.761,True,True,0.888
29,2026-09-26 08:00:10+01:00,6.512803745,3.389722324,19.0,21.0,22.0,27.113,85.761,True,True,0.795
29,2026-09-26 08:00:11+01:00,6.512797865,3.389727193,18.0,20.0,21.0,27.113,85.761,True,True,0.847
29,2026-09-26 08:00:12+01:00,6.512790886,3.389744718,18.0,20.0,21.0,27.113,85.761,True,True,2.086
29,2026-09-26 08:00:13+01:00,6.512783696,3.389754625,18.0,20.0,21.0,27.113,85.761,True,True,1.355
29,2026-09-26 08:00:14+01:00,6.512778954,3.389765657,18.0,20.0,21.0,27.113,85.761,True,True,1.328
29,2026-09-26 08:00:15+01:00,6.512775223,3.389779397,17.0,18.0,19.0,27.113,85.761,True,True,1.574
29,2026-09-26 08:00:16+01:00,6.512768615,3.389794456,16.0,17.0,18.0,27.113,85.761,True,True,1.819
29,2026-09-26 08:00:17+01:00,6.51276562,3.389811444,16.0,17.0,18.0,27.113,85.761,True,True,1.906
29,2026-09-26 08:00:18+01:00,6.512761913,3.389816939,16.0,17.0,18.0,27.113,85.761,True,True,0.734
29,2026-09-26 08:00:19+01:00,6.512761196,3.389829189,15.0,16.0,17.0,27.113,85.761,True,True,1.356
29,2026-09-26 08:00:20+01:00,6.512756084,3.389837279,16.0,17.0,18.0,27.113,85.761,True,True,1.059
29,2026-09-26 08:00:21+01:00,6.512745472,3.389846978,16.0,17.0,18.0,27.113,85.761,True,True,1.594
29,2026-09-26 08:00:22+01:00,6.512743108,3.389855802,15.0,16.0,17.0,27.113,85.761,True,True,1.01
29,2026-09-26 08:00:23+01:00,6.512740638,3.389875488,15.0,16.0,17.0,27.113,85.761,True,True,2.192
29,2026-09-26 08:00:24+01:00,6.512735326,3.389886165,16.0,17.0,18.0,27.113,85.761,True,True,1.319
29,2026-09-26 08:00:25+01:00,6.512732742,3.389899856,16.0,17.0,18.0,27.113,85.761,True,True,1.54
29,2026-09-26 08:00:26+01:00,6.512729757,3.389908252,16.0,17.0,18.0,27.113,85.761,True,True,0.985
29,2026-09-26 08:00:27+01:00,6.512730212,3.389922103,16.0,17.0,18.0,27.113,85.761,True,True,1.531
29,2026-09-26 08:00:28+01:00,6.512730754,3.389935405,17.0,19.0,20.0,27.113,85.761,True,True,1.471
29,2026-09-26 08:00:29+01:00,6.512731129,3.389944971,16.0,17.0,18.0,27.113,85.761,True,True,1.058
29,2026-09-26 08:00:30+01:00,6.512731192,3.389952525,16.0,17.0,18.0,27.113,85.761,True,True,0.835
29,2026-09-26 08:00:31+01:00,6.512730216,3.389961508,18.0,20.0,21.0,27.113,85.761,True,True,0.998
29,2026-09-26 08:00:32+01:00,6.512725132,3.389967992,18.0,20.0,21.0,27.113,85.761,True,True,0.913
29,2026-09-26 08:00:33+01:00,6.512720561,3.389982452,18.0,20.0,21.0,27.113,85.761,True,True,1.676
29,2026-09-26 08:00:34+01:00,6.512716714,3.389998796,18.0,20.0,21.0,27.113,85.761,True,True,1.856
29,2026-09-26 08:00:35+01:00,6.512716763,3.39001506,18.0,20.0,21.0,27.113,85.761,True,True,1.797
29,2026-09-26 08:00:36+01:00,6.512715551,3.390027528,19.0,21.0,22.0,27.113,85.761,True,True,1.384
29,2026-09-26 08:00:37+01:00,6.512713646,3.390034133,19.0,21.0,22.0,27.113,85.761,True,True,0.76
29,2026-09-26 08:00:38+01:00,6.512712942,3.390048205,19.0,21.0,22.0,27.113,85.761,True,True,1.557
29,2026-09-26 08:00:39+01:00,6.512711373,3.390057529,19.0,21.0,22.0,27.113,85.761,True,True,1.045
29,2026-09-26 08:00:40+01:00,6.512709159,3.390068184,19.0,21.0,22.0,27.113,85.761,True,True,1.203
29,2026-09-26 08:00:41+01:00,6.512705893,3.390076333,18.0,20.0,21.0,27.113,85.761,True,True,0.971
29,2026-09-26 08:00:42+01:00,6.5127081,3.390091926,18.0,20.0,21.0,27.113,85.761,True,True,1.74
29,2026-09-26 08:00:43+01:00,6.512707438,3.390103322,20.0,22.0,25.0,27.113,85.761,True,True,1.261
29,2026-09-26 08:00:44+01:00,6.512704923,3.390111853,20.0,22.0,25.0,27.113,85.761,True,True,0.983
29,2026-09-26 08:00:45+01:00,6.5127006,3.390123187,19.0,21.0,22.0,27.113,85.761,True,True,1.341
29,2026-09-26 08:00:46+01:00,6.512698953,3.390132642,18.0,20.0,21.0,27.113,85.761,True,True,1.06
29,2026-09-26 08:00:47+01:00,6.512695728,3.390140284,17.0,18.0,19.0,27.113,85.761,True,True,0.917
29,2026-09-26 08:00:48+01:00,6.512692358,3.390151318,17.0,18.0,19.0,27.113,85.761,True,True,1.275
29,2026-09-26 08:00:49+01:00,6.512691553,3.390162843,18.0,20.0,21.0,27.113,85.761,True,True,1.276
29,2026-09-26 08:00:50+01:00,6.512690466,3.390174329,19.0,21.0,22.0,27.113,85.761,True,True,1.275
29,2026-09-26 08:00:51+01:00,6.512694652,3.390189451,18.0,20.0,21.0,27.113,85.761,True,True,1.734
29,2026-09-26 08:00:52+01:00,6.512702282,3.390206575,18.0,20.0,21.0,27.113,85.761,True,True,2.073
29,2026-09-26 08:00:53+01:00,6.512701159,3.390219807,17.0,18.0,19.0,27.113,85.761,True,True,1.467
29,2026-09-26 08:00:54+01:00,6.512702938,3.390227684,17.0,18.0,19.0,27.113,85.761,True,True,0.892
29,2026-09-26 08:00:55+01:00,6.512706047,3.390245903,16.0,17.0,18.0,27.113,85.761,True,True,2.042
29,2026-09-26 08:00:56+01:00,6.512709461,3.390255151,16.0,17.0,18.0,27.113,85.761,True,True,1.09
29,2026-09-26 08:00:57+01:00,6.512709873,3.390270065,16.0,17.0,18.0,27.113,85.761,True,True,1.648
29,2026-09-26 08:00:58+01:00,6.512710848,3.39028205,16.0,17.0,18.0,27.113,85.761,True,True,1.329
29,2026-09-26 08:00:59+01:00,6.512710154,3.390293088,16.0,17.0,18.0,27.113,85.761,True,True,1.222
29,2026-09-26 08:01:00+01:00,6.512706363,3.390295165,16.0,17.0,18.0,27.113,85.761,True,True,0.48
29,2026-09-26 08:01:01+01:00,6.512701747,3.390303473,17.0,18.0,19.0,27.113,85.761,True,True,1.052
29,2026-09-26 08:01:02+01:00,6.512707288,3.390323917,17.0,18.0,19.0,27.113,85.761,True,True,2.341
29,2026-09-26 08:01:03+01:00,6.512705109,3.390336593,16.0,17.0,18.0,27.113,85.761,True,True,1.421
29,2026-09-26 08:01:04+01:00,6.512707366,3.390351526,16.0,17.0,18.0,27.113,85.761,True,True,1.669
29,2026-09-26 08:01:05+01:00,6.512710071,3.390364056,16.0,17.0,18.0,27.113,85.761,True,True,1.417
29,2026-09-26 08:01:06+01:00,6.51270871,3.390374519,16.0,17.0,18.0,27.113,85.761,True,True,1.166
29,2026-09-26 08:01:07+01:00,6.512706466,3.390382128,15.0,16.0,17.0,27.113,85.761,True,True,0.877
29,2026-09-26 08:01:08+01:00,6.512706793,3.390390982,15.0,16.0,17.0,27.113,85.761,True,True,0.979
29,2026-09-26 08:01:09+01:00,6.512706318,3.390404994,15.0,16.0,17.0,27.113,85.761,True,True,1.549
29,2026-09-26 08:01:10+01:00,6.51270964,3.390425333,16.0,17.0,18.0,27.113,85.761,True,True,2.277
29,2026-09-26 08:01:11+01:00,6.512708732,3.390430083,16.0,17.0,18.0,27.113,85.761,True,True,0.534
29,2026-09-26 08:01:12+01:00,6.512708253,3.390440166,16.0,17.0,18.0,27.113,85.761,True,True,1.115
29,2026-09-26 08:01:13+01:00,6.512706282,3.390451175,15.0,16.0,17.0,27.113,85.761,True,True,1.236
29,2026-09-26 08:01:14+01:00,6.512709067,3.390465733,15.0,16.0,17.0,27.113,85.761,True,True,1.638
29,2026-09-26 08:01:15+01:00,6.512707083,3.39047564,15.0,16.0,17.0,27.113,85.761,True,True,1.117
29,2026-09-26 08:01:16+01:00,6.512703914,3.390490915,16.0,17.0,18.0,27.113,85.761,True,True,1.724
29,2026-09-26 08:01:17+01:00,6.512705769,3.390504914,16.0,17.0,18.0,27.113,85.761,True,True,1.56
29,2026-09-26 08:01:18+01:00,6.512702743,3.390512581,16.0,17.0,18.0,27.113,85.761,True,True,0.911
29,2026-09-26 08:01:19+01:00,6.512707334,3.390527605,16.0,17.0,18.0,27.113,85.761,True,True,1.737
29,2026-09-26 08:01:20+01:00,6.512709728,3.390535611,16.0,17.0,18.0,27.113,85.761,True,True,0.924
29,2026-09-26 08:01:21+01:00,6.512707798,3.390549246,16.0,17.0,18.0,27.113,85.761,True,True,1.522
29,2026-09-26 08:01:22+01:00,6.512706677,3.390561102,17.0,18.0,19.0,27.113,85.761,True,True,1.316
29,2026-09-26 08:01:23+01:00,6.512703279,3.390566887,17.0,18.0,19.0,27.113,85.761,True,True,0.742
29,2026-09-26 08:01:24+01:00,6.512704344,3.390581367,16.0,17.0,18.0,27.113,85.761,True,True,1.604
29,2026-09-26 08:01:25+01:00,6.51270391,3.390594001,17.0,18.0,19.0,27.113,85.761,True,True,1.397
29,2026-09-26 08:01:26+01:00,6.512705783,3.39060574,18.0,20.0,21.0,27.113,85.761,True,True,1.314
29,2026-09-26 08:01:27+01:00,6.512709637,3.39062154,18.0,20.0,21.0,27.113,85.761,True,True,1.797
29,2026-09-26 08:01:28+01:00,6.512714175,3.390636724,18.0,20.0,21.0,27.113,85.761,True,True,1.752
29,2026-09-26 08:01:29+01:00,6.512721422,3.390655628,17.0,18.0,19.0,27.113,85.761,True,True,2.239
29,2026-09-26 08:01:30+01:00,6.512728255,3.390672968,17.0,18.0,19.0,27.113,85.761,True,True,2.061
29,2026-09-26 08:01:31+01:00,6.512731338,3.390682504,16.0,17.0,18.0,27.113,85.761,True,True,1.108
29,2026-09-26 08:01:32+01:00,6.512725337,3.390689192,16.0,17.0,18.0,27.113,85.203,True,True,0.996
29,2026-09-26 08:01:33+01:00,6.512733335,3.390707805,17.0,18.0,19.0,27.113,85.203,True,True,2.24
29,2026-09-26 08:01:34+01:00,6.512733875,3.390728596,17.0,19.0,20.0,27.113,85.203,True,True,2.298
29,2026-09-26 08:01:35+01:00,6.512734871,3.390738482,17.0,18.0,19.0,27.113,85.203,True,True,1.098
29,2026-09-26 08:01:36+01:00,6.512747148,3.390751905,17.0,18.0,19.0,27.113,85.203,True,True,2.016
29,2026-09-26 08:01:37+01:00,6.512745339,3.390760491,17.0,18.0,19.0,27.113,85.203,True,True,0.97
29,2026-09-26 08:01:38+01:00,6.512745842,3.390772289,16.0,17.0,18.0,27.113,85.203,True,True,1.305
29,2026-09-26 08:01:39+01:00,6.512749159,3.390783832,16.0,17.0,18.0,27.113,85.203,True,True,1.328
29,2026-09-26 08:01:40+01:00,6.512753538,3.390791506,17.0,18.0,19.0,27.113,85.203,True,True,0.978
29,2026-09-26 08:01:41+01:00,6.51275417,3.390801163,17.0,18.0,19.0,27.113,85.203,True,True,1.069
29,2026-09-26 08:01:42+01:00,6.51275886,3.390809908,17.0,18.0,19.0,27.113,85.203,True,True,1.098
29,2026-09-26 08:01:43+01:00,6.512758457,3.390814697,17.0,18.0,19.0,27.113,85.203,True,True,0.531
29,2026-09-26 08:01:44+01:00,6.512756516,3.390818483,17.0,18.0,19.0,27.113,85.203,True,True,0.471
29,2026-09-26 08:01:45+01:00,6.51275457,3.390821467,16.0,17.0,18.0,27.113,85.203,True,True,0.394
29,2026-09-26 08:01:46+01:00,6.512754923,3.390838687,16.0,17.0,18.0,27.113,85.203,True,True,1.903
29,2026-09-26 08:01:47+01:00,6.512755684,3.39085258,16.0,17.0,18.0,27.113,85.203,True,True,1.537
29,2026-09-26 08:01:48+01:00,6.512753334,3.390857296,16.0,17.0,18.0,27.113,85.203,True,True,0.583
29,2026-09-26 08:01:49+01:00,6.512748838,3.390865005,16.0,17.0,18.0,27.113,85.203,True,True,0.988
29,2026-09-26 08:01:50+01:00,6.512755679,3.390868954,16.0,17.0,18.0,27.113,85.203,True,True,0.877
29,2026-09-26 08:01:51+01:00,6.512757141,3.390883738,16.0,17.0,18.0,27.113,85.203,True,True,1.641
29,2026-09-26 08:01:52+01:00,6.51276306,3.39089365,15.0,16.0,17.0,27.113,85.203,True,True,1.278
29,2026-09-26 08:01:53+01:00,6.51276875,3.390905158,14.0,15.0,16.0,27.113,85.203,True,True,1.42
29,2026-09-26 08:01:54+01:00,6.51277222,3.390912566,15.0,16.0,17.0,27.113,85.203,True,True,0.905
29,2026-09-26 08:01:55+01:00,6.51277372,3.390922382,15.0,16.0,17.0,27.113,85.203,True,True,1.097
29,2026-09-26 08:01:56+01:00,6.512775859,3.390929621,16.0,17.0,18.0,27.113,85.203,True,True,0.834
29,2026-09-26 08:01:57+01:00,6.512777577,3.390941918,16.0,17.0,18.0,27.113,85.203,True,True,1.372
29,2026-09-26 08:01:58+01:00,6.512779896,3.390952065,18.0,20.0,21.0,27.113,85.203,True,True,1.15
29,2026-09-26 08:01:59+01:00,6.512784562,3.390959799,19.0,21.0,22.0,27.113,85.203,True,True,1.0
29,2026-09-26 08:02:00+01:00,6.512788581,3.390968394,18.0,20.0,21.0,27.113,85.203,True,True,1.049
29,2026-09-26 08:02:01+01:00,6.512794782,3.390977797,18.0,20.0,21.0,27.113,85.203,True,True,1.247
29,2026-09-26 08:02:02+01:00,6.512799133,3.390984853,18.0,20.0,21.0,27.113,85.203,True,True,0.917
29,2026-09-26 08:02:03+01:00,6.512801885,3.390993387,19.0,21.0,22.0,27.113,85.203,True,True,0.991
29,2026-09-26 08:02:04+01:00,6.512807125,3.39099965,19.0,21.0,22.0,27.113,85.203,True,True,0.905
29,2026-09-26 08:02:05+01:00,6.512810665,3.39100443,18.0,20.0,21.0,27.113,85.203,True,True,0.659
29,2026-09-26 08:02:06+01:00,6.512815782,3.391009132,17.0,19.0,20.0,27.113,85.203,True,True,0.77
29,2026-09-26 08:02:07+01:00,6.512819692,3.391011024,17.0,18.0,19.0,27.113,85.203,True,True,0.482
29,2026-09-26 08:02:08+01:00,6.51282681,3.391014262,17.0,18.0,19.0,27.113,85.203,True,True,0.869
29,2026-09-26 08:02:09+01:00,6.512832007,3.391017188,18.0,20.0,21.0,27.113,85.203,True,True,0.662
29,2026-09-26 08:02:10+01:00,6.512837382,3.391019028,17.0,18.0,19.0,27.113,85.203,True,True,0.631
29,2026-09-26 08:02:11+01:00,6.512843563,3.391018191,17.0,18.0,19.0,27.113,85.203,True,True,0.693
29,2026-09-26 08:02:12+01:00,6.512839288,3.39101525,16.0,17.0,18.0,27.113,85.203,True,True,0.576
29,2026-09-26 08:02:13+01:00,6.512840971,3.391014378,16.0,18.0,19.0,27.113,85.203,True,True,0.21
29,2026-09-26 08:02:14+01:00,6.512835985,3.391015914,17.0,18.0,19.0,27.113,85.203,True,True,0.58
29,2026-09-26 08:02:15+01:00,6.512831519,3.391013993,17.0,18.0,19.0,27.113,85.203,True,True,0.54
29,2026-09-26 08:02:16+01:00,6.512831813,3.391015212,17.0,18.0,19.0,27.113,85.203,True,True,0.139
29,2026-09-26 08:02:17+01:00,6.512833489,3.39101547,17.0,18.0,19.0,27.113,85.203,True,True,0.189
29,2026-09-26 08:02:18+01:00,6.512839573,3.391017,17.0,18.0,19.0,27.113,85.203,True,True,0.697
29,2026-09-26 08:02:19+01:00,6.512833586,3.391018375,16.0,17.0,18.0,27.113,85.203,True,True,0.683
29,2026-09-26 08:02:20+01:00,6.512832894,3.391019628,16.0,17.0,18.0,27.113,85.203,True,True,0.158
29,2026-09-26 08:02:21+01:00,6.512837151,3.391017877,16.0,17.0,18.0,27.113,85.203,True,True,0.511
29,2026-09-26 08:02:22+01:00,6.512836424,3.391020532,17.0,18.0,19.0,27.113,85.203,True,True,0.304
29,2026-09-26 08:02:23+01:00,6.512836555,3.391019868,17.0,18.0,19.0,27.113,85.203,True,True,0.075
29,2026-09-26 08:02:24+01:00,6.512841007,3.391018777,16.0,17.0,18.0,27.113,85.203,True,True,0.51
29,2026-09-26 08:02:25+01:00,6.512842756,3.39101969,16.0,17.0,18.0,27.113,85.203,True,True,0.219
29,2026-09-26 08:02:26+01:00,6.512848872,3.391020899,17.0,18.0,19.0,27.113,85.203,True,True,0.693
29,2026-09-26 08:02:27+01:00,6.512848886,3.391021137,17.0,19.0,20.0,27.113,85.203,True,True,0.026
29,2026-09-26 08:02:28+01:00,6.512849977,3.39102267,18.0,20.0,21.0,27.113,85.203,True,True,0.208
29,2026-09-26 08:02:29+01:00,6.512853316,3.391023086,19.0,21.0,22.0,27.113,85.203,True,True,0.374
29,2026-09-26 08:02:30+01:00,6.512855163,3.391022564,19.0,21.0,22.0,27.113,85.203,True,True,0.213
29,2026-09-26 08:02:31+01:00,6.51285754,3.391021278,18.0,20.0,21.0,27.113,85.203,True,True,0.3
29,2026-09-26 08:02:32+01:00,6.51286375,3.391021995,18.0,20.0,21.0,27.113,84.644,True,True,0.695
29,2026-09-26 08:02:33+01:00,6.512862985,3.391026572,18.0,20.0,21.0,27.113,84.644,True,True,0.513
29,2026-09-26 08:02:34+01:00,6.512874299,3.391024982,18.0,20.0,21.0,27.113,84.644,True,True,1.27
29,2026-09-26 08:02:35+01:00,6.512878208,3.391029167,18.0,20.0,21.0,27.113,84.644,True,True,0.635
29,2026-09-26 08:02:36+01:00,6.512882232,3.391033361,18.0,20.0,21.0,27.113,84.644,True,True,0.644
29,2026-09-26 08:02:37+01:00,6.512887572,3.391033158,18.0,20.0,21.0,27.113,84.644,True,True,0.594
29,2026-09-26 08:02:38+01:00,6.512892427,3.391039278,18.0,20.0,21.0,27.113,84.644,True,True,0.865
29,2026-09-26 08:02:39+01:00,6.512897436,3.391040319,19.0,21.0,22.0,27.113,84.644,True,True,0.569
29,2026-09-26 08:02:40+01:00,6.512902284,3.391047217,19.0,21.0,22.0,27.113,84.644,True,True,0.933
29,2026-09-26 08:02:41+01:00,6.512903525,3.391052807,19.0,21.0,22.0,27.113,84.644,True,True,0.633
29,2026-09-26 08:02:42+01:00,6.512899522,3.391069658,19.0,21.0,22.0,27.113,84.644,True,True,1.914
29,2026-09-26 08:02:43+01:00,6.512892362,3.391087208,19.0,21.0,22.0,27.113,84.644,True,True,2.096
29,2026-09-26 08:02:44+01:00,6.512885818,3.391102946,19.0,21.0,22.0,27.113,84.644,True,True,1.885
29,2026-09-26 08:02:45+01:00,6.512885474,3.391112143,18.0,20.0,21.0,27.113,84.644,True,True,1.017
29,2026-09-26 08:02:47+01:00,6.512885045,3.391133061,18.0,20.0,21.0,27.113,84.644,True,True,1.156
29,2026-09-26 08:02:49+01:00,6.512886057,3.391149493,18.0,20.0,21.0,27.113,84.644,True,True,0.909
29,2026-09-26 08:02:51+01:00,6.512883808,3.391187782,17.0,18.0,19.0,27.113,84.644,True,True,2.119
29,2026-09-26 08:02:53+01:00,6.512883181,3.391199173,17.0,18.0,19.0,27.113,84.644,True,True,0.63
29,2026-09-26 08:02:55+01:00,6.512879402,3.391231007,18.0,20.0,21.0,27.113,84.644,True,True,1.771
29,2026-09-26 08:02:57+01:00,6.512876637,3.391251387,18.0,20.0,21.0,27.113,84.644,True,True,1.136
29,2026-09-26 08:02:59+01:00,6.51288278,3.391276349,17.0,18.0,19.0,27.113,84.644,True,True,1.421
29,2026-09-26 08:03:00+01:00,6.512888682,3.391284167,16.0,17.0,18.0,27.113,84.644,True,True,1.085
29,2026-09-26 08:03:01+01:00,6.512888682,3.391284167,16.0,17.0,18.0,27.113,84.644,True,True,0.0
29,2026-09-26 08:03:02+01:00,6.512887606,3.391306446,16.0,17.0,18.0,27.113,84.644,True,True,2.464
29,2026-09-26 08:03:03+01:00,6.512887606,3.391306446,16.0,17.0,18.0,27.113,84.644,True,True,0.0
29,2026-09-26 08:03:04+01:00,6.512892489,3.391331384,16.0,17.0,18.0,27.113,84.644,True,True,2.808
29,2026-09-26 08:03:05+01:00,6.512892489,3.391331384,16.0,17.0,18.0,27.113,84.644,True,True,0.0
29,2026-09-26 08:03:06+01:00,6.512899561,3.391347695,16.0,17.0,18.0,27.113,84.644,True,True,1.966
29,2026-09-26 08:03:07+01:00,6.512899561,3.391347695,15.0,16.0,17.0,27.113,84.644,True,True,0.0
29,2026-09-26 08:03:08+01:00,6.512898954,3.391366821,15.0,16.0,17.0,27.113,84.644,True,True,2.114
29,2026-09-26 08:03:09+01:00,6.512899697,3.391386232,15.0,16.0,17.0,27.113,84.644,True,True,2.146
29,2026-09-26 08:03:10+01:00,6.512898379,3.391400494,14.0,15.0,16.0,27.113,84.644,True,True,1.582
29,2026-09-26 08:03:11+01:00,6.512898379,3.391400494,14.0,15.0,16.0,27.113,84.644,True,True,0.0
29,2026-09-26 08:03:12+01:00,6.512911334,3.391428742,14.0,15.0,16.0,27.113,84.644,True,True,3.437
29,2026-09-26 08:03:13+01:00,6.512911334,3.391428742,14.0,15.0,16.0,27.113,84.644,True,True,0.0
29,2026-09-26 08:03:14+01:00,6.512916267,3.391443596,14.0,15.0,16.0,27.113,84.644,True,True,1.73
29,2026-09-26 08:03:15+01:00,6.512916624,3.3914577,14.0,15.0,16.0,27.113,84.644,True,True,1.559
29,2026-09-26 08:03:16+01:00,6.512921802,3.391467976,16.0,17.0,18.0,27.113,84.644,True,True,1.273
29,2026-09-26 08:03:17+01:00,6.512922302,3.391481696,17.0,18.0,19.0,27.113,84.644,True,True,1.517
29,2026-09-26 08:03:18+01:00,6.512930436,3.391494226,17.0,18.0,19.0,27.113,84.644,True,True,1.654
29,2026-09-26 08:03:19+01:00,6.512932391,3.391506316,17.0,18.0,19.0,27.113,84.644,True,True,1.353
29,2026-09-26 08:03:20+01:00,6.51293545,3.391515461,17.0,18.0,19.0,27.113,84.644,True,True,1.066
29,2026-09-26 08:03:21+01:00,6.512934206,3.391525119,17.0,18.0,19.0,27.113,84.644,True,True,1.076
29,2026-09-26 08:03:22+01:00,6.512937813,3.39153609,17.0,18.0,19.0,27.113,84.644,True,True,1.277
29,2026-09-26 08:03:23+01:00,6.512938765,3.391548884,16.0,17.0,18.0,27.113,84.644,True,True,1.417
29,2026-09-26 08:03:24+01:00,6.512943238,3.391561714,15.0,17.0,18.0,27.113,84.644,True,True,1.502
29,2026-09-26 08:03:25+01:00,6.512944668,3.391572604,15.0,16.0,17.0,27.113,84.644,True,True,1.214
29,2026-09-26 08:03:26+01:00,6.512954519,3.391586447,16.0,17.0,18.0,27.113,84.644,True,True,1.881
29,2026-09-26 08:03:27+01:00,6.51295609,3.39158751,16.0,17.0,18.0,27.113,84.644,True,True,0.21
29,2026-09-26 08:03:28+01:00,6.51296157,3.391604322,16.0,17.0,18.0,27.113,84.644,True,True,1.955
29,2026-09-26 08:03:29+01:00,6.512957465,3.391598536,16.0,17.0,18.0,27.113,84.644,True,True,0.785
29,2026-09-26 08:03:30+01:00,6.512961497,3.391619722,17.0,18.0,19.0,27.113,84.644,True,True,2.383
29,2026-09-26 08:03:31+01:00,6.512966155,3.391634552,17.0,18.0,19.0,27.113,84.644,True,True,1.718
29,2026-09-26 08:03:32+01:00,6.512970167,3.391647605,17.0,18.0,19.0,27.113,84.644,True,True,1.509
29,2026-09-26 08:03:33+01:00,6.512976572,3.391656086,16.0,17.0,18.0,27.113,84.644,True,True,1.177
29,2026-09-26 08:03:34+01:00,6.512976062,3.391663894,16.0,17.0,18.0,27.113,84.644,True,True,0.864
29,2026-09-26 08:03:35+01:00,6.51298262,3.391683397,16.0,17.0,18.0,27.113,84.644,True,True,2.275
29,2026-09-26 08:03:36+01:00,6.512984218,3.391698606,17.0,18.0,19.0,27.113,84.644,True,True,1.69
29,2026-09-26 08:03:37+01:00,6.512992088,3.391712063,17.0,18.0,19.0,27.113,84.644,True,True,1.725
29,2026-09-26 08:03:38+01:00,6.512994223,3.391730953,17.0,18.0,19.0,27.113,84.644,True,True,2.1
29,2026-09-26 08:03:39+01:00,6.512992295,3.391742882,17.0,18.0,19.0,27.113,84.644,True,True,1.335
29,2026-09-26 08:03:40+01:00,6.51299585,3.391752655,17.0,18.0,19.0,27.113,84.644,True,True,1.15
29,2026-09-26 08:03:41+01:00,6.512996329,3.391762886,18.0,20.0,21.0,27.113,84.644,True,True,1.132
29,2026-09-26 08:03:42+01:00,6.512998661,3.391775168,17.0,18.0,19.0,27.113,84.644,True,True,1.381
29,2026-09-26 08:03:43+01:00,6.512999528,3.391784879,17.0,18.0,19.0,27.113,84.644,True,True,1.077
29,2026-09-26 08:03:44+01:00,6.513008345,3.391801089,17.0,18.0,19.0,27.113,84.644,True,True,2.042
29,2026-09-26 08:03:45+01:00,6.513006588,3.391805619,17.0,18.0,19.0,27.113,84.644,True,True,0.537
29,2026-09-26 08:03:46+01:00,6.513008983,3.391820845,18.0,20.0,21.0,27.113,84.644,True,True,1.703
29,2026-09-26 08:03:47+01:00,6.513011542,3.391831477,17.0,18.0,19.0,27.113,84.644,True,True,1.209
29,2026-09-26 08:03:48+01:00,6.513010091,3.39184438,16.0,17.0,18.0,27.113,84.644,True,True,1.435
29,2026-09-26 08:03:49+01:00,6.513012547,3.391853434,16.0,17.0,18.0,27.113,84.644,True,True,1.037
29,2026-09-26 08:03:50+01:00,6.513014482,3.391862556,16.0,17.0,18.0,27.113,84.644,True,True,1.03
29,2026-09-26 08:03:51+01:00,6.513018371,3.391870424,17.0,18.0,19.0,27.113,84.644,True,True,0.971
29,2026-09-26 08:03:52+01:00,6.513021083,3.391884037,17.0,18.0,19.0,27.113,84.644,True,True,1.534
29,2026-09-26 08:03:53+01:00,6.513024284,3.391893605,16.0,17.0,18.0,27.113,84.644,True,True,1.115
29,2026-09-26 08:03:54+01:00,6.513026889,3.391903037,17.0,18.0,19.0,27.113,84.644,True,True,1.082
29,2026-09-26 08:03:55+01:00,6.51302814,3.391912364,17.0,18.0,19.0,27.113,84.644,True,True,1.04
29,2026-09-26 08:03:56+01:00,6.513031728,3.391922036,17.0,18.0,19.0,27.113,84.644,True,True,1.141
29,2026-09-26 08:03:57+01:00,6.513035589,3.391934066,16.0,17.0,18.0,27.113,84.644,True,True,1.397
29,2026-09-26 08:03:58+01:00,6.513039076,3.391945125,17.0,18.0,19.0,27.113,84.644,True,True,1.282
29,2026-09-26 08:03:59+01:00,6.513041998,3.39195456,17.0,18.0,19.0,27.113,84.644,True,True,1.092
29,2026-09-26 08:04:00+01:00,6.513044417,3.391967531,17.0,18.0,19.0,27.113,84.644,True,True,1.458
29,2026-09-26 08:04:01+01:00,6.513045869,3.391976374,17.0,18.0,19.0,27.113,84.644,True,True,0.99
29,2026-09-26 08:04:02+01:00,6.51304634,3.391984831,15.0,17.0,18.0,27.113,84.644,True,True,0.936
29,2026-09-26 08:04:03+01:00,6.513050144,3.391998481,17.0,18.0,19.0,27.113,84.644,True,True,1.566
29,2026-09-26 08:04:04+01:00,6.513051005,3.392008297,18.0,20.0,21.0,27.113,84.644,True,True,1.089
29,2026-09-26 08:04:05+01:00,6.513045996,3.392017199,17.0,18.0,19.0,27.113,84.644,True,True,1.13
29,2026-09-26 08:04:06+01:00,6.513043752,3.392029931,17.0,18.0,19.0,27.113,84.644,True,True,1.429
29,2026-09-26 08:04:07+01:00,6.513044676,3.392046231,18.0,20.0,21.0,27.113,84.644,True,True,1.804
29,2026-09-26 08:04:08+01:00,6.51304506,3.392058653,18.0,20.0,21.0,27.113,84.644,True,True,1.373
29,2026-09-26 08:04:09+01:00,6.513049504,3.392068158,16.0,17.0,18.0,27.113,84.644,True,True,1.161
29,2026-09-26 08:04:10+01:00,6.513054137,3.39208375,15.0,16.0,17.0,27.113,84.644,True,True,1.798
29,2026-09-26 08:04:11+01:00,6.513064832,3.392095369,16.0,18.0,19.0,27.113,84.644,True,True,1.75
29,2026-09-26 08:04:12+01:00,6.513065226,3.392104367,16.0,17.0,18.0,27.113,84.644,True,True,0.995
29,2026-09-26 08:04:13+01:00,6.513066388,3.392115199,16.0,17.0,18.0,27.113,84.644,True,True,1.204
29,2026-09-26 08:04:14+01:00,6.5130736,3.392128836,16.0,17.0,18.0,27.113,84.644,True,True,1.707
29,2026-09-26 08:04:15+01:00,6.513074783,3.39214045,16.0,17.0,18.0,27.113,84.644,True,True,1.29
29,2026-09-26 08:04:16+01:00,6.51307804,3.392155361,15.0,16.0,17.0,27.113,84.644,True,True,1.687
29,2026-09-26 08:04:17+01:00,6.513083168,3.392171276,15.0,16.0,17.0,27.113,84.644,True,True,1.848
29,2026-09-26 08:04:18+01:00,6.51308895,3.392185107,16.0,17.0,18.0,27.113,84.644,True,True,1.658
29,2026-09-26 08:04:19+01:00,6.513089476,3.392195685,16.0,17.0,18.0,27.113,84.644,True,True,1.17
29,2026-09-26 08:04:20+01:00,6.513090455,3.39220469,16.0,17.0,18.0,27.113,84.644,True,True,1.001
29,2026-09-26 08:04:21+01:00,6.51309489,3.39221427,16.0,17.0,18.0,27.113,84.644,True,True,1.168
29,2026-09-26 08:04:22+01:00,6.513099353,3.392223522,16.0,17.0,18.0,27.113,84.644,True,True,1.136
29,2026-09-26 08:04:23+01:00,6.513096073,3.392236492,16.0,17.0,18.0,27.113,84.644,True,True,1.479
29,2026-09-26 08:04:24+01:00,6.513095907,3.392250329,15.0,16.0,17.0,27.113,84.644,True,True,1.529
29,2026-09-26 08:04:25+01:00,6.513095373,3.392265048,14.0,15.0,16.0,27.113,84.644,True,True,1.627
29,2026-09-26 08:04:26+01:00,6.513099404,3.392275695,14.0,15.0,16.0,27.113,84.644,True,True,1.259
29,2026-09-26 08:04:27+01:00,6.513103087,3.392286428,14.0,15.0,16.0,27.113,84.644,True,True,1.254
29,2026-09-26 08:04:28+01:00,6.513104849,3.392296618,15.0,16.0,17.0,27.113,84.644,True,True,1.143
29,2026-09-26 08:04:29+01:00,6.513106287,3.392307613,16.0,17.0,18.0,27.113,84.644,True,True,1.225
29,2026-09-26 08:04:30+01:00,6.513109215,3.392319201,16.0,17.0,18.0,27.113,84.644,True,True,1.321
29,2026-09-26 08:04:31+01:00,6.513109701,3.39232995,16.0,17.0,18.0,27.113,84.644,True,True,1.189
29,2026-09-26 08:04:32+01:00,6.513115124,3.392340462,16.0,17.0,18.0,27.113,85.761,True,True,1.309
29,2026-09-26 08:04:33+01:00,6.513116235,3.392351454,15.0,17.0,18.0,27.113,85.761,True,True,1.221
29,2026-09-26 08:04:34+01:00,6.513116907,3.392364696,16.0,17.0,18.0,27.113,85.761,True,True,1.465
29,2026-09-26 08:04:35+01:00,6.513120201,3.392376915,16.0,17.0,18.0,27.113,85.761,True,True,1.399
29,2026-09-26 08:04:36+01:00,6.513120424,3.392388958,16.0,17.0,18.0,27.113,85.761,True,True,1.331
29,2026-09-26 08:04:37+01:00,6.513121821,3.392401529,15.0,16.0,17.0,27.113,85.761,True,True,1.397
29,2026-09-26 08:04:38+01:00,6.513124373,3.392411799,15.0,16.0,17.0,27.113,85.761,True,True,1.17
29,2026-09-26 08:04:39+01:00,6.513126005,3.392422245,17.0,18.0,19.0,27.113,85.761,True,True,1.168
29,2026-09-26 08:04:40+01:00,6.513125543,3.392433131,17.0,18.0,19.0,27.113,85.761,True,True,1.204
29,2026-09-26 08:04:41+01:00,6.513127998,3.392444124,17.0,19.0,20.0,27.113,85.761,True,True,1.245
29,2026-09-26 08:04:42+01:00,6.513131595,3.392454682,19.0,21.0,22.0,27.113,85.761,True,True,1.233
29,2026-09-26 08:04:43+01:00,6.513135707,3.392465895,19.0,21.0,22.0,27.113,85.761,True,True,1.32
29,2026-09-26 08:04:44+01:00,6.513139131,3.39247763,20.0,22.0,25.0,27.113,85.761,True,True,1.351
29,2026-09-26 08:04:45+01:00,6.513141378,3.392487618,20.0,22.0,25.0,27.113,85.761,True,True,1.131
29,2026-09-26 08:04:46+01:00,6.513145844,3.392500103,19.0,21.0,22.0,27.113,85.761,True,True,1.466
29,2026-09-26 08:04:47+01:00,6.513146695,3.392512071,19.0,21.0,22.0,27.113,85.761,True,True,1.326
29,2026-09-26 08:04:48+01:00,6.513148633,3.392522497,19.0,21.0,22.0,27.113,85.761,True,True,1.172
29,2026-09-26 08:04:49+01:00,6.513150769,3.39253516,19.0,21.0,22.0,27.113,85.761,True,True,1.419
29,2026-09-26 08:04:50+01:00,6.513154686,3.392548008,19.0,21.0,22.0,27.113,85.761,True,True,1.485
29,2026-09-26 08:04:51+01:00,6.513154574,3.392556724,20.0,22.0,25.0,27.113,85.761,True,True,0.963
29,2026-09-26 08:04:52+01:00,6.513156649,3.392566874,20.0,22.0,25.0,27.113,85.761,True,True,1.145
29,2026-09-26 08:04:53+01:00,6.513158258,3.392577151,21.0,23.0,27.0,27.113,85.761,True,True,1.149
29,2026-09-26 08:04:54+01:00,6.513159748,3.392590266,21.0,23.0,27.0,27.113,85.761,True,True,1.458
29,2026-09-26 08:04:55+01:00,6.513159694,3.392601195,21.0,23.0,27.0,27.113,85.761,True,True,1.207
29,2026-09-26 08:04:56+01:00,6.513162167,3.392613214,21.0,23.0,27.0,27.113,85.761,True,True,1.356
29,2026-09-26 08:04:57+01:00,6.513163072,3.392622085,21.0,23.0,27.0,27.113,85.761,True,True,0.985
29,2026-09-26 08:04:58+01:00,6.513166589,3.392634817,21.0,23.0,27.0,27.113,85.761,True,True,1.46
29,2026-09-26 08:04:59+01:00,6.513169324,3.392645729,21.0,23.0,27.0,27.113,85.761,True,True,1.243
29,2026-09-26 08:05:00+01:00,6.513172703,3.392657556,21.0,23.0,27.0,27.113,85.761,True,True,1.36
29,2026-09-26 08:05:01+01:00,6.513175957,3.392668403,21.0,22.0,26.0,27.113,85.761,True,True,1.252
29,2026-09-26 08:05:02+01:00,6.513180681,3.392679541,19.0,21.0,22.0,27.113,85.761,True,True,1.338
29,2026-09-26 08:05:03+01:00,6.513183949,3.392692262,19.0,21.0,22.0,27.113,85.761,True,True,1.452
29,2026-09-26 08:05:04+01:00,6.513188639,3.39270249,19.0,21.0,22.0,27.113,85.761,True,True,1.244
29,2026-09-26 08:05:05+01:00,6.513194804,3.392713828,20.0,22.0,25.0,27.113,85.761,True,True,1.428
29,2026-09-26 08:05:06+01:00,6.513197609,3.392725744,20.0,22.0,25.0,27.113,85.761,True,True,1.353
29,2026-09-26 08:05:07+01:00,6.513199228,3.392738018,20.0,22.0,25.0,27.113,85.761,True,True,1.368
29,2026-09-26 08:05:08+01:00,6.513200937,3.3927502,20.0,21.0,24.0,27.113,85.761,True,True,1.359
29,2026-09-26 08:05:09+01:00,6.513202762,3.392759408,19.0,21.0,22.0,27.113,85.761,True,True,1.037
29,2026-09-26 08:05:10+01:00,6.513204933,3.392772835,18.0,20.0,21.0,27.113,85.761,True,True,1.503
29,2026-09-26 08:05:11+01:00,6.51320762,3.39278288,19.0,21.0,22.0,27.113,85.761,True,True,1.149
29,2026-09-26 08:05:12+01:00,6.513210533,3.392794355,19.0,21.0,22.0,27.113,85.761,True,True,1.308
29,2026-09-26 08:05:13+01:00,6.513213381,3.392805821,19.0,21.0,22.0,27.113,85.761,True,True,1.306
29,2026-09-26 08:05:14+01:00,6.513214308,3.392818125,18.0,20.0,21.0,27.113,85.761,True,True,1.363
29,2026-09-26 08:05:15+01:00,6.513210328,3.392832944,18.0,20.0,21.0,27.113,85.761,True,True,1.696
29,2026-09-26 08:05:16+01:00,6.513208229,3.392842078,18.0,20.0,21.0,27.113,85.761,True,True,1.036
29,2026-09-26 08:05:17+01:00,6.513211758,3.392855181,17.0,18.0,19.0,27.113,85.761,True,True,1.5
29,2026-09-26 08:05:18+01:00,6.513214403,3.392867471,17.0,18.0,19.0,27.113,85.761,True,True,1.389
29,2026-09-26 08:05:19+01:00,6.513214337,3.392878418,16.0,17.0,18.0,27.113,85.761,True,True,1.209
29,2026-09-26 08:05:20+01:00,6.513218489,3.392889794,16.0,17.0,18.0,27.113,85.761,True,True,1.339
29,2026-09-26 08:05:21+01:00,6.513222458,3.39290011,16.0,17.0,18.0,27.113,85.761,True,True,1.222
29,2026-09-26 08:05:22+01:00,6.513231045,3.392912801,15.0,16.0,17.0,27.113,85.761,True,True,1.696
29,2026-09-26 08:05:23+01:00,6.513234888,3.392924713,14.0,15.0,16.0,27.113,85.761,True,True,1.384
29,2026-09-26 08:05:24+01:00,6.513237317,3.392934624,14.0,15.0,16.0,27.113,85.761,True,True,1.128
29,2026-09-26 08:05:25+01:00,6.513239245,3.39294401,14.0,15.0,16.0,27.113,85.761,True,True,1.059
29,2026-09-26 08:05:26+01:00,6.513239844,3.392947856,16.0,17.0,18.0,27.113,85.761,True,True,0.43
29,2026-09-26 08:05:27+01:00,6.513240133,3.392953516,16.0,17.0,18.0,27.113,85.761,True,True,0.626
29,2026-09-26 08:05:28+01:00,6.513241895,3.392968384,16.0,17.0,18.0,27.113,85.761,True,True,1.654
29,2026-09-26 08:05:29+01:00,6.513245082,3.392982361,16.0,17.0,18.0,27.113,85.761,True,True,1.584
29,2026-09-26 08:05:30+01:00,6.513245705,3.392993455,16.0,17.0,18.0,27.113,85.761,True,True,1.228
29,2026-09-26 08:05:31+01:00,6.51324729,3.393004646,18.0,20.0,21.0,27.113,85.761,True,True,1.249
29,2026-09-26 08:05:32+01:00,6.51325124,3.393015573,18.0,20.0,21.0,27.113,85.761,True,True,1.285
29,2026-09-26 08:05:33+01:00,6.513252442,3.393026251,18.0,20.0,21.0,27.113,85.761,True,True,1.187
29,2026-09-26 08:05:34+01:00,6.51325159,3.393038335,18.0,20.0,21.0,27.113,85.761,True,True,1.338
29,2026-09-26 08:05:35+01:00,6.513257724,3.393051743,17.0,18.0,19.0,27.113,85.761,True,True,1.631
29,2026-09-26 08:05:36+01:00,6.513260524,3.39306341,16.0,17.0,18.0,27.113,85.761,True,True,1.326
29,2026-09-26 08:05:37+01:00,6.513261751,3.393073714,16.0,17.0,18.0,27.113,85.761,True,True,1.147
29,2026-09-26 08:05:38+01:00,6.51326392,3.393086919,16.0,17.0,18.0,27.113,85.761,True,True,1.479
29,2026-09-26 08:05:39+01:00,6.513266545,3.393098132,17.0,18.0,19.0,27.113,85.761,True,True,1.273
29,2026-09-26 08:05:40+01:00,6.513270253,3.393107769,17.0,18.0,19.0,27.113,85.761,True,True,1.142
29,2026-09-26 08:05:41+01:00,6.513272002,3.393120393,17.0,18.0,19.0,27.113,85.761,True,True,1.408
29,2026-09-26 08:05:42+01:00,6.513273821,3.393130712,17.0,18.0,19.0,27.113,85.761,True,True,1.158
29,2026-09-26 08:05:43+01:00,6.513276079,3.393143544,17.0,18.0,19.0,27.113,85.761,True,True,1.44
29,2026-09-26 08:05:44+01:00,6.513278194,3.393156805,18.0,20.0,21.0,27.113,85.761,True,True,1.484
29,2026-09-26 08:05:45+01:00,6.513282115,3.393166807,18.0,20.0,21.0,27.113,85.761,True,True,1.188
29,2026-09-26 08:05:46+01:00,6.513284822,3.393179425,17.0,19.0,20.0,27.113,85.761,True,True,1.426
29,2026-09-26 08:05:47+01:00,6.51328707,3.393191583,17.0,18.0,19.0,27.113,85.761,True,True,1.366
29,2026-09-26 08:05:48+01:00,6.513291546,3.393197275,17.0,18.0,19.0,27.113,85.761,True,True,0.802
29,2026-09-26 08:05:49+01:00,6.513293406,3.39321117,17.0,18.0,19.0,27.113,85.761,True,True,1.549
29,2026-09-26 08:05:50+01:00,6.513295566,3.393223923,17.0,18.0,19.0,27.113,85.761,True,True,1.429
29,2026-09-26 08:05:51+01:00,6.513299745,3.393235505,16.0,17.0,18.0,27.113,85.761,True,True,1.361
29,2026-09-26 08:05:52+01:00,6.513301061,3.393246903,16.0,17.0,18.0,27.113,85.761,True,True,1.268
29,2026-09-26 08:05:53+01:00,6.513303656,3.393256778,18.0,20.0,21.0,27.113,85.761,True,True,1.128
29,2026-09-26 08:05:54+01:00,6.513304742,3.393267699,18.0,20.0,21.0,27.113,85.761,True,True,1.213
29,2026-09-26 08:05:55+01:00,6.513308109,3.39327779,17.0,18.0,19.0,27.113,85.761,True,True,1.176
29,2026-09-26 08:05:56+01:00,6.513310172,3.393290356,16.0,17.0,18.0,27.113,85.761,True,True,1.407
29,2026-09-26 08:05:57+01:00,6.513316327,3.393297164,16.0,17.0,18.0,27.113,85.761,True,True,1.017
29,2026-09-26 08:05:58+01:00,6.513320043,3.393314057,17.0,18.0,19.0,27.113,85.761,True,True,1.911
29,2026-09-26 08:05:59+01:00,6.513321066,3.393322805,18.0,20.0,21.0,27.113,85.761,True,True,0.973
29,2026-09-26 08:06:00+01:00,6.513322609,3.393334298,18.0,20.0,21.0,27.113,85.761,True,True,1.281
29,2026-09-26 08:06:01+01:00,6.513323894,3.393343719,17.0,18.0,19.0,27.113,85.761,True,True,1.051
29,2026-09-26 08:06:02+01:00,6.513326579,3.393356391,17.0,18.0,19.0,27.113,85.761,True,True,1.431
29,2026-09-26 08:06:03+01:00,6.513327863,3.393368981,17.0,18.0,19.0,27.113,85.761,True,True,1.398
29,2026-09-26 08:06:04+01:00,6.513330577,3.39338213,17.0,18.0,19.0,27.113,85.761,True,True,1.484
29,2026-09-26 08:06:05+01:00,6.513333194,3.393391508,17.0,18.0,19.0,27.113,85.761,True,True,1.076
29,2026-09-26 08:06:06+01:00,6.513336342,3.393402828,17.0,18.0,19.0,27.113,85.761,True,True,1.299
29,2026-09-26 08:06:07+01:00,6.513337076,3.393414806,17.0,18.0,19.0,27.113,85.761,True,True,1.326
29,2026-09-26 08:06:08+01:00,6.513338916,3.393425072,18.0,20.0,21.0,27.113,85.761,True,True,1.152
29,2026-09-26 08:06:09+01:00,6.513343259,3.39343767,18.0,20.0,21.0,27.113,85.761,True,True,1.473
29,2026-09-26 08:06:10+01:00,6.5133437,3.393447084,19.0,21.0,22.0,27.113,85.761,True,True,1.041
29,2026-09-26 08:06:11+01:00,6.513346987,3.393451175,19.0,21.0,22.0,27.113,85.761,True,True,0.581
29,2026-09-26 08:06:12+01:00,6.513347803,3.393466346,19.0,21.0,22.0,27.113,85.761,True,True,1.679
29,2026-09-26 08:06:13+01:00,6.51334949,3.393481475,19.0,21.0,22.0,27.113,85.761,True,True,1.682
29,2026-09-26 08:06:14+01:00,6.513355398,3.393490901,20.0,22.0,25.0,27.113,85.761,True,True,1.231
29,2026-09-26 08:06:15+01:00,6.51335738,3.393502575,19.0,21.0,22.0,27.113,85.761,True,True,1.308
29,2026-09-26 08:06:16+01:00,6.513360082,3.393515175,18.0,20.0,21.0,27.113,85.761,True,True,1.424
29,2026-09-26 08:06:17+01:00,6.513363016,3.393526976,18.0,20.0,21.0,27.113,85.761,True,True,1.344
29,2026-09-26 08:06:18+01:00,6.513365131,3.39353745,18.0,20.0,21.0,27.113,85.761,True,True,1.181
29,2026-09-26 08:06:20+01:00,6.513365702,3.393553046,18.0,20.0,21.0,27.113,85.761,True,True,0.862
29,2026-09-26 08:06:22+01:00,6.513372325,3.393571733,18.0,20.0,21.0,27.113,85.761,True,True,1.096
29,2026-09-26 08:06:24+01:00,6.513378809,3.393590759,20.0,22.0,25.0,27.113,85.761,True,True,1.111
29,2026-09-26 08:06:26+01:00,6.51338087,3.393618766,20.0,22.0,25.0,27.113,85.761,True,True,1.551
29,2026-09-26 08:06:28+01:00,6.51338733,3.393653659,20.0,22.0,25.0,27.113,85.761,True,True,1.961
29,2026-09-26 08:06:30+01:00,6.513394864,3.393683146,20.0,22.0,25.0,27.113,85.761,True,True,1.682
29,2026-09-26 08:06:31+01:00,6.513395287,3.393693995,20.0,22.0,25.0,27.113,85.761,True,True,1.199
29,2026-09-26 08:06:32+01:00,6.513395287,3.393693995,19.0,21.0,22.0,27.113,85.203,True,True,0.0
29,2026-09-26 08:06:33+01:00,6.513398437,3.393715935,19.0,21.0,22.0,27.113,85.203,True,True,2.449
29,2026-09-26 08:06:34+01:00,6.513398437,3.393715935,20.0,22.0,25.0,27.113,85.203,True,True,0.0
29,2026-09-26 08:06:35+01:00,6.513402994,3.393737251,19.0,21.0,22.0,27.113,85.203,True,True,2.409
29,2026-09-26 08:06:36+01:00,6.513402994,3.393737251,18.0,20.0,21.0,27.113,85.203,True,True,0.0
29,2026-09-26 08:06:37+01:00,6.513407907,3.393757363,19.0,21.0,22.0,27.113,85.203,True,True,2.288
29,2026-09-26 08:06:38+01:00,6.513407907,3.393757363,19.0,21.0,22.0,27.113,85.203,True,True,0.0
29,2026-09-26 08:06:39+01:00,6.513412827,3.393779662,19.0,21.0,22.0,27.113,85.203,True,True,2.524
29,2026-09-26 08:06:40+01:00,6.513416023,3.393793724,19.0,21.0,22.0,27.113,85.203,True,True,1.594
29,2026-09-26 08:06:41+01:00,6.51341859,3.393806323,18.0,20.0,21.0,27.113,85.203,True,True,1.421
29,2026-09-26 08:06:42+01:00,6.513425332,3.393816825,18.0,20.0,21.0,27.113,85.203,True,True,1.381
29,2026-09-26 08:06:43+01:00,6.513429351,3.393826852,18.0,20.0,21.0,27.113,85.203,True,True,1.195
29,2026-09-26 08:06:44+01:00,6.513430728,3.393838855,18.0,20.0,21.0,27.113,85.203,True,True,1.335
29,2026-09-26 08:06:45+01:00,6.513432425,3.393849682,18.0,20.0,21.0,27.113,85.203,True,True,1.211
29,2026-09-26 08:06:46+01:00,6.513434475,3.393861585,19.0,21.0,22.0,27.113,85.203,True,True,1.335
29,2026-09-26 08:06:47+01:00,6.513436364,3.393872889,20.0,22.0,25.0,27.113,85.203,True,True,1.266
29,2026-09-26 08:06:48+01:00,6.513439602,3.393883738,20.0,22.0,25.0,27.113,85.203,True,True,1.251
29,2026-09-26 08:06:49+01:00,6.513443403,3.393897255,20.0,22.0,25.0,27.113,85.203,True,True,1.552
29,2026-09-26 08:06:50+01:00,6.513445758,3.393906667,20.0,22.0,25.0,27.113,85.203,True,True,1.072
29,2026-09-26 08:06:51+01:00,6.513447679,3.393917068,20.0,22.0,25.0,27.113,85.203,True,True,1.169
29,2026-09-26 08:06:52+01:00,6.51344754,3.393929801,20.0,22.0,25.0,27.113,85.203,True,True,1.407
29,2026-09-26 08:06:53+01:00,6.513453373,3.393938601,20.0,22.0,25.0,27.113,85.203,True,True,1.169
29,2026-09-26 08:06:54+01:00,6.513456599,3.393952514,20.0,22.0,25.0,27.113,85.203,True,True,1.578
29,2026-09-26 08:06:55+01:00,6.513460295,3.393964391,20.0,22.0,25.0,27.113,85.203,True,True,1.375
29,2026-09-26 08:06:56+01:00,6.51345944,3.393977646,19.0,21.0,22.0,27.113,85.203,True,True,1.467
29,2026-09-26 08:06:57+01:00,6.513461764,3.393989518,20.0,21.0,24.0,27.113,85.203,True,True,1.337
29,2026-09-26 08:06:58+01:00,6.51346478,3.393998617,20.0,22.0,25.0,27.113,85.203,True,True,1.06
29,2026-09-26 08:06:59+01:00,6.51346694,3.3940076,20.0,22.0,25.0,27.113,85.203,True,True,1.021
29,2026-09-26 08:07:00+01:00,6.513468006,3.394017434,19.0,21.0,22.0,27.113,85.203,True,True,1.093
29,2026-09-26 08:07:01+01:00,6.51347214,3.394033443,18.0,20.0,21.0,27.113,85.203,True,True,1.827
29,2026-09-26 08:07:02+01:00,6.513476237,3.394043645,17.0,18.0,19.0,27.113,85.203,True,True,1.216
29,2026-09-26 08:07:03+01:00,6.513479631,3.394057193,18.0,20.0,21.0,27.113,85.203,True,True,1.544
29,2026-09-26 08:07:04+01:00,6.513481812,3.394069295,18.0,20.0,21.0,27.113,85.203,True,True,1.359
29,2026-09-26 08:07:05+01:00,6.513483063,3.3940787,19.0,21.0,22.0,27.113,85.203,True,True,1.048
29,2026-09-26 08:07:06+01:00,6.513486839,3.394089997,18.0,20.0,21.0,27.113,85.203,True,True,1.317
29,2026-09-26 08:07:07+01:00,6.513487858,3.394100184,18.0,20.0,21.0,27.113,85.203,True,True,1.131
29,2026-09-26 08:07:08+01:00,6.51349015,3.394110518,19.0,21.0,22.0,27.113,85.203,True,True,1.17
29,2026-09-26 08:07:09+01:00,6.513492482,3.394125031,19.0,21.0,22.0,27.113,85.203,True,True,1.624
29,2026-09-26 08:07:10+01:00,6.513494875,3.394138101,19.0,21.0,22.0,27.113,85.203,True,True,1.468
29,2026-09-26 08:07:11+01:00,6.513498225,3.394150655,19.0,21.0,22.0,27.113,85.203,True,True,1.436
29,2026-09-26 08:07:12+01:00,6.513498484,3.394161179,19.0,21.0,22.0,27.113,85.203,True,True,1.163
29,2026-09-26 08:07:13+01:00,6.513503103,3.39417529,20.0,22.0,25.0,27.113,85.203,True,True,1.641
29,2026-09-26 08:07:14+01:00,6.51350777,3.394185576,20.0,21.0,24.0,27.113,85.203,True,True,1.249
29,2026-09-26 08:07:15+01:00,6.513512079,3.394197167,20.0,22.0,25.0,27.113,85.203,True,True,1.367
29,2026-09-26 08:07:16+01:00,6.51351346,3.394209243,19.0,21.0,22.0,27.113,85.203,True,True,1.343
29,2026-09-26 08:07:17+01:00,6.513517331,3.394222433,19.0,21.0,22.0,27.113,85.203,True,True,1.519
29,2026-09-26 08:07:18+01:00,6.513521883,3.394234002,19.0,21.0,22.0,27.113,85.203,True,True,1.375
29,2026-09-26 08:07:19+01:00,6.513523886,3.394248201,18.0,20.0,21.0,27.113,85.203,True,True,1.584
29,2026-09-26 08:07:20+01:00,6.513525839,3.394259386,19.0,21.0,22.0,27.113,85.203,True,True,1.255
29,2026-09-26 08:07:21+01:00,6.513527499,3.394267804,19.0,21.0,22.0,27.113,85.203,True,True,0.948
29,2026-09-26 08:07:22+01:00,6.51353222,3.394282486,18.0,20.0,21.0,27.113,85.203,True,True,1.705
29,2026-09-26 08:07:23+01:00,6.51353264,3.394294582,20.0,22.0,25.0,27.113,85.203,True,True,1.337
29,2026-09-26 08:07:24+01:00,6.513536425,3.394304181,21.0,23.0,27.0,27.113,85.203,True,True,1.141
29,2026-09-26 08:07:25+01:00,6.513539686,3.394317171,19.0,21.0,22.0,27.113,85.203,True,True,1.48
29,2026-09-26 08:07:26+01:00,6.513542977,3.394329694,19.0,21.0,22.0,27.113,85.203,True,True,1.431
29,2026-09-26 08:07:27+01:00,6.513544746,3.394340895,20.0,22.0,25.0,27.113,85.203,True,True,1.253
29,2026-09-26 08:07:28+01:00,6.51354714,3.39435494,20.0,22.0,25.0,27.113,85.203,True,True,1.574
29,2026-09-26 08:07:29+01:00,6.51354983,3.394363298,19.0,21.0,22.0,27.113,85.203,True,True,0.971
29,2026-09-26 08:07:30+01:00,6.513552242,3.394374259,19.0,21.0,22.0,27.113,85.203,True,True,1.24
29,2026-09-26 08:07:31+01:00,6.513554723,3.394384624,20.0,21.0,24.0,27.113,85.203,True,True,1.178
29,2026-09-26 08:07:32+01:00,6.513554046,3.394386161,21.0,23.0,27.0,27.113,84.644,True,True,0.186
29,2026-09-26 08:07:33+01:00,6.513556922,3.394402678,20.0,22.0,25.0,27.113,84.644,True,True,1.853
29,2026-09-26 08:07:34+01:00,6.513559982,3.394415732,20.0,22.0,25.0,27.113,84.644,True,True,1.482
29,2026-09-26 08:07:35+01:00,6.513562032,3.394425614,20.0,22.0,25.0,27.113,84.644,True,True,1.115
29,2026-09-26 08:07:36+01:00,6.513566724,3.394437154,20.0,22.0,25.0,27.113,84.644,True,True,1.378
29,2026-09-26 08:07:37+01:00,6.513566356,3.394446901,19.0,21.0,22.0,27.113,84.644,True,True,1.078
29,2026-09-26 08:07:38+01:00,6.513570562,3.394459094,19.0,21.0,22.0,27.113,84.644,True,True,1.426
29,2026-09-26 08:07:39+01:00,6.513576562,3.39446754,19.0,21.0,22.0,27.113,84.644,True,True,1.147
29,2026-09-26 08:07:40+01:00,6.513577609,3.394478525,19.0,21.0,22.0,27.113,84.644,True,True,1.219
29,2026-09-26 08:07:41+01:00,6.513580497,3.394490841,17.0,19.0,20.0,27.113,84.644,True,True,1.398
29,2026-09-26 08:07:42+01:00,6.513583462,3.394504624,18.0,20.0,21.0,27.113,84.644,True,True,1.558
29,2026-09-26 08:07:43+01:00,6.513585582,3.394519772,17.0,18.0,19.0,27.113,84.644,True,True,1.69
29,2026-09-26 08:07:44+01:00,6.513586024,3.39453279,17.0,18.0,19.0,27.113,84.644,True,True,1.439
29,2026-09-26 08:07:45+01:00,6.513587474,3.394544153,17.0,18.0,19.0,27.113,84.644,True,True,1.266
29,2026-09-26 08:07:46+01:00,6.51359097,3.394552212,17.0,18.0,19.0,27.113,84.644,True,True,0.972
29,2026-09-26 08:07:47+01:00,6.51359226,3.394561564,17.0,18.0,19.0,27.113,84.644,True,True,1.043
29,2026-09-26 08:07:48+01:00,6.513596653,3.394574128,17.0,18.0,19.0,27.113,84.644,True,True,1.471
29,2026-09-26 08:07:49+01:00,6.513599273,3.39458978,17.0,19.0,20.0,27.113,84.644,True,True,1.754
29,2026-09-26 08:07:50+01:00,6.513599987,3.394601409,18.0,20.0,21.0,27.113,84.644,True,True,1.287
29,2026-09-26 08:07:51+01:00,6.513599081,3.394614168,18.0,20.0,21.0,27.113,84.644,True,True,1.413
29,2026-09-26 08:07:52+01:00,6.513601728,3.394625295,17.0,18.0,19.0,27.113,84.644,True,True,1.264
29,2026-09-26 08:07:53+01:00,6.51360504,3.394633761,17.0,18.0,19.0,27.113,84.644,True,True,1.005
29,2026-09-26 08:07:54+01:00,6.513607737,3.394643995,17.0,18.0,19.0,27.113,84.644,True,True,1.17
29,2026-09-26 08:07:55+01:00,6.513608295,3.394661881,16.0,17.0,18.0,27.113,84.644,True,True,1.977
29,2026-09-26 08:07:56+01:00,6.513607732,3.394672507,16.0,17.0,18.0,27.113,84.644,True,True,1.176
29,2026-09-26 08:07:57+01:00,6.513609735,3.394686868,16.0,17.0,18.0,27.113,84.644,True,True,1.602
29,2026-09-26 08:07:58+01:00,6.51361531,3.394697951,16.0,17.0,18.0,27.113,84.644,True,True,1.372
29,2026-09-26 08:07:59+01:00,6.51362149,3.394703968,15.0,16.0,17.0,27.113,84.644,True,True,0.956
29,2026-09-26 08:08:00+01:00,6.513627631,3.394713586,15.0,16.0,17.0,27.113,84.644,True,True,1.263
29,2026-09-26 08:08:01+01:00,6.513631875,3.394725917,16.0,17.0,18.0,27.113,84.644,True,True,1.442
29,2026-09-26 08:08:02+01:00,6.513634597,3.394741439,16.0,17.0,18.0,27.113,84.644,True,True,1.741
29,2026-09-26 08:08:03+01:00,6.513637346,3.394755261,16.0,17.0,18.0,27.113,84.644,True,True,1.557
29,2026-09-26 08:08:04+01:00,6.513638425,3.394763154,15.0,16.0,17.0,27.113,84.644,True,True,0.88
29,2026-09-26 08:08:05+01:00,6.51363812,3.394773777,15.0,16.0,17.0,27.113,84.644,True,True,1.174
29,2026-09-26 08:08:06+01:00,6.513639965,3.394784265,14.0,15.0,16.0,27.113,84.644,True,True,1.177
29,2026-09-26 08:08:07+01:00,6.513643838,3.394796896,15.0,16.0,17.0,27.113,84.644,True,True,1.46
29,2026-09-26 08:08:08+01:00,6.513648537,3.394806077,17.0,18.0,19.0,27.113,84.644,True,True,1.141
29,2026-09-26 08:08:09+01:00,6.513650108,3.39481876,17.0,18.0,19.0,27.113,84.644,True,True,1.412
29,2026-09-26 08:08:10+01:00,6.513652098,3.394833418,18.0,20.0,21.0,27.113,84.644,True,True,1.634
29,2026-09-26 08:08:11+01:00,6.51365392,3.394844924,17.0,18.0,19.0,27.113,84.644,True,True,1.287
29,2026-09-26 08:08:12+01:00,6.513657236,3.394857581,17.0,18.0,19.0,27.113,84.644,True,True,1.446
29,2026-09-26 08:08:13+01:00,6.513659101,3.394870219,17.0,18.0,19.0,27.113,84.644,True,True,1.412
29,2026-09-26 08:08:14+01:00,6.513659248,3.394879305,17.0,18.0,19.0,27.113,84.644,True,True,1.004
29,2026-09-26 08:08:15+01:00,6.513662261,3.39488883,18.0,20.0,21.0,27.113,84.644,True,True,1.104
29,2026-09-26 08:08:16+01:00,6.513666741,3.394900104,18.0,20.0,21.0,27.113,84.644,True,True,1.341
29,2026-09-26 08:08:17+01:00,6.513672124,3.394915169,18.0,20.0,21.0,27.113,84.644,True,True,1.769
29,2026-09-26 08:08:18+01:00,6.513672524,3.394928263,18.0,20.0,21.0,27.113,84.644,True,True,1.447
29,2026-09-26 08:08:19+01:00,6.513674117,3.394938726,19.0,21.0,22.0,27.113,84.644,True,True,1.169
29,2026-09-26 08:08:20+01:00,6.513677103,3.394950305,18.0,20.0,21.0,27.113,84.644,True,True,1.322
29,2026-09-26 08:08:21+01:00,6.513682912,3.394963214,18.0,20.0,21.0,27.113,84.644,True,True,1.566
29,2026-09-26 08:08:22+01:00,6.51368592,3.394971736,19.0,21.0,22.0,27.113,84.644,True,True,0.999
29,2026-09-26 08:08:23+01:00,6.51368847,3.394984384,19.0,21.0,22.0,27.113,84.644,True,True,1.426
29,2026-09-26 08:08:24+01:00,6.513694493,3.394996825,18.0,20.0,21.0,27.113,84.644,True,True,1.529
29,2026-09-26 08:08:25+01:00,6.513696287,3.395008222,18.0,20.0,21.0,27.113,84.644,True,True,1.275
29,2026-09-26 08:08:26+01:00,6.513700554,3.39502015,18.0,20.0,21.0,27.113,84.644,True,True,1.401
29,2026-09-26 08:08:27+01:00,6.513697177,3.395029245,18.0,20.0,21.0,27.113,84.644,True,True,1.073
29,2026-09-26 08:08:28+01:00,6.513702847,3.395044676,19.0,21.0,22.0,27.113,84.644,True,True,1.818
29,2026-09-26 08:08:29+01:00,6.513708473,3.395054494,19.0,21.0,22.0,27.113,84.644,True,True,1.252
29,2026-09-26 08:08:30+01:00,6.513714089,3.3950626,19.0,21.0,22.0,27.113,84.644,True,True,1.092
29,2026-09-26 08:08:31+01:00,6.513718775,3.395068731,18.0,20.0,21.0,27.113,84.644,True,True,0.855
29,2026-09-26 08:08:32+01:00,6.513721961,3.395080735,18.0,20.0,21.0,27.113,85.203,True,True,1.373
29,2026-09-26 08:08:33+01:00,6.513724778,3.39509906,18.0,20.0,21.0,27.113,85.203,True,True,2.049
29,2026-09-26 08:08:34+01:00,6.513728282,3.395112339,18.0,20.0,21.0,27.113,85.203,True,True,1.518
29,2026-09-26 08:08:35+01:00,6.513728113,3.395120177,18.0,20.0,21.0,27.113,85.203,True,True,0.866
29,2026-09-26 08:08:36+01:00,6.513731478,3.395128639,17.0,18.0,19.0,27.113,85.203,True,True,1.007
29,2026-09-26 08:08:37+01:00,6.513736671,3.395140582,17.0,18.0,19.0,27.113,85.203,True,True,1.44
29,2026-09-26 08:08:38+01:00,6.513739486,3.395152611,18.0,20.0,21.0,27.113,85.203,True,True,1.365
29,2026-09-26 08:08:39+01:00,6.513741483,3.395162151,18.0,20.0,21.0,27.113,85.203,True,True,1.077
29,2026-09-26 08:08:40+01:00,6.51374094,3.395174911,19.0,21.0,22.0,27.113,85.203,True,True,1.411
29,2026-09-26 08:08:41+01:00,6.513743616,3.395192994,19.0,21.0,22.0,27.113,85.203,True,True,2.02
29,2026-09-26 08:08:42+01:00,6.513747764,3.395202001,19.0,21.0,22.0,27.113,85.203,True,True,1.097
29,2026-09-26 08:08:43+01:00,6.513750078,3.395213383,18.0,20.0,21.0,27.113,85.203,True,True,1.284
29,2026-09-26 08:08:44+01:00,6.513752753,3.395224637,18.0,20.0,21.0,27.113,85.203,True,True,1.278
29,2026-09-26 08:08:45+01:00,6.5137552,3.39523631,18.0,20.0,21.0,27.113,85.203,True,True,1.318
29,2026-09-26 08:08:46+01:00,6.51375551,3.395252153,18.0,20.0,21.0,27.113,85.203,True,True,1.751
29,2026-09-26 08:08:47+01:00,6.513756632,3.395268431,18.0,20.0,21.0,27.113,85.203,True,True,1.803
29,2026-09-26 08:08:48+01:00,6.513758588,3.3952799,18.0,20.0,21.0,27.113,85.203,True,True,1.286
29,2026-09-26 08:08:49+01:00,6.513754529,3.395297067,18.0,20.0,21.0,27.113,85.203,True,True,1.95
29,2026-09-26 08:08:50+01:00,6.51375558,3.395307294,18.0,20.0,21.0,27.113,85.203,True,True,1.136
29,2026-09-26 08:08:51+01:00,6.513759446,3.395320466,18.0,20.0,21.0,27.113,85.203,True,True,1.517
29,2026-09-26 08:08:52+01:00,6.513762673,3.395326637,18.0,20.0,21.0,27.113,85.203,True,True,0.77
29,2026-09-26 08:08:53+01:00,6.513762451,3.395341261,18.0,20.0,21.0,27.113,85.203,True,True,1.616
29,2026-09-26 08:08:54+01:00,6.513761198,3.395353166,19.0,21.0,22.0,27.113,85.203,True,True,1.323
29,2026-09-26 08:08:55+01:00,6.513764918,3.395371527,18.0,20.0,21.0,27.113,85.203,True,True,2.07
29,2026-09-26 08:08:56+01:00,6.513767976,3.395380023,18.0,20.0,21.0,27.113,85.203,True,True,0.998
29,2026-09-26 08:08:57+01:00,6.513768404,3.39538905,18.0,20.0,21.0,27.113,85.203,True,True,0.998
29,2026-09-26 08:08:58+01:00,6.513769736,3.395398311,18.0,20.0,21.0,27.113,85.203,True,True,1.034
29,2026-09-26 08:08:59+01:00,6.513771477,3.39541202,20.0,22.0,25.0,27.113,85.203,True,True,1.527
29,2026-09-26 08:09:00+01:00,6.513774247,3.395423024,21.0,23.0,27.0,27.113,85.203,True,True,1.254
29,2026-09-26 08:09:01+01:00,6.51377458,3.395435202,20.0,22.0,25.0,27.113,85.203,True,True,1.346
29,2026-09-26 08:09:02+01:00,6.513775522,3.395450268,21.0,23.0,27.0,27.113,85.203,True,True,1.668
29,2026-09-26 08:09:03+01:00,6.513777602,3.395463443,20.0,22.0,25.0,27.113,85.203,True,True,1.474
29,2026-09-26 08:09:04+01:00,6.513778914,3.395470541,20.0,22.0,25.0,27.113,85.203,True,True,0.798
29,2026-09-26 08:09:05+01:00,6.513784792,3.39547987,20.0,22.0,25.0,27.113,85.203,True,True,1.22
29,2026-09-26 08:09:06+01:00,6.513783512,3.39549373,20.0,22.0,25.0,27.113,85.203,True,True,1.538
29,2026-09-26 08:09:07+01:00,6.513784569,3.395506695,20.0,22.0,25.0,27.113,85.203,True,True,1.437
29,2026-09-26 08:09:08+01:00,6.513784644,3.395519774,20.0,22.0,25.0,27.113,85.203,True,True,1.445
29,2026-09-26 08:09:09+01:00,6.513782329,3.395530511,20.0,22.0,25.0,27.113,85.203,True,True,1.214
29,2026-09-26 08:09:10+01:00,6.513783261,3.395545013,20.0,22.0,25.0,27.113,85.203,True,True,1.605
29,2026-09-26 08:09:11+01:00,6.513782041,3.395561339,20.0,22.0,25.0,27.113,85.203,True,True,1.809
29,2026-09-26 08:09:12+01:00,6.513785799,3.395572398,20.0,22.0,25.0,27.113,85.203,True,True,1.291
29,2026-09-26 08:09:13+01:00,6.513784979,3.395582403,20.0,22.0,25.0,27.113,85.203,True,True,1.109
29,2026-09-26 08:09:14+01:00,6.513788752,3.395597478,20.0,22.0,25.0,27.113,85.203,True,True,1.717
29,2026-09-26 08:09:15+01:00,6.513791808,3.395611447,21.0,23.0,27.0,27.113,85.203,True,True,1.58
29,2026-09-26 08:09:16+01:00,6.513790994,3.395621441,19.0,21.0,22.0,27.113,85.203,True,True,1.108
29,2026-09-26 08:09:17+01:00,6.513789302,3.395629475,19.0,21.0,22.0,27.113,85.203,True,True,0.907
29,2026-09-26 08:09:18+01:00,6.513791944,3.395648487,19.0,21.0,22.0,27.113,85.203,True,True,2.121
29,2026-09-26 08:09:19+01:00,6.513793191,3.395658941,19.0,21.0,22.0,27.113,85.203,True,True,1.163
29,2026-09-26 08:09:20+01:00,6.513795149,3.395672336,20.0,22.0,25.0,27.113,85.203,True,True,1.496
29,2026-09-26 08:09:21+01:00,6.513792996,3.395685697,19.0,21.0,22.0,27.113,85.203,True,True,1.495
29,2026-09-26 08:09:22+01:00,6.513790527,3.395696478,19.0,21.0,22.0,27.113,85.203,True,True,1.222
29,2026-09-26 08:09:23+01:00,6.513791952,3.395707316,19.0,21.0,22.0,27.113,85.203,True,True,1.208
29,2026-09-26 08:09:24+01:00,6.513792383,3.395723265,19.0,21.0,22.0,27.113,85.203,True,True,1.763
29,2026-09-26 08:09:25+01:00,6.513785417,3.39573369,18.0,20.0,21.0,27.113,85.203,True,True,1.388
29,2026-09-26 08:09:26+01:00,6.513786026,3.395745716,18.0,20.0,21.0,27.113,85.203,True,True,1.33
29,2026-09-26 08:09:27+01:00,6.51378822,3.395761166,18.0,20.0,21.0,27.113,85.203,True,True,1.724
29,2026-09-26 08:09:28+01:00,6.513786894,3.395778503,18.0,20.0,21.0,27.113,85.203,True,True,1.921
29,2026-09-26 08:09:29+01:00,6.513786732,3.395791201,17.0,19.0,20.0,27.113,85.203,True,True,1.403
29,2026-09-26 08:09:30+01:00,6.513794293,3.395796444,18.0,20.0,21.0,27.113,85.203,True,True,1.021
29,2026-09-26 08:09:31+01:00,6.513800472,3.395810225,18.0,20.0,21.0,27.113,85.203,True,True,1.67
29,2026-09-26 08:09:32+01:00,6.513797342,3.395824193,18.0,20.0,21.0,27.113,84.644,True,True,1.582
29,2026-09-26 08:09:33+01:00,6.513798415,3.395836525,18.0,20.0,21.0,27.113,84.644,True,True,1.368
29,2026-09-26 08:09:34+01:00,6.513797034,3.395854353,20.0,22.0,25.0,27.113,84.644,True,True,1.976
29,2026-09-26 08:09:35+01:00,6.5138016,3.395869266,20.0,22.0,25.0,27.113,84.644,True,True,1.724
29,2026-09-26 08:09:36+01:00,6.513806376,3.395884622,19.0,21.0,22.0,27.113,84.644,True,True,1.778
29,2026-09-26 08:09:37+01:00,6.513802182,3.395899437,19.0,21.0,22.0,27.113,84.644,True,True,1.702
29,2026-09-26 08:09:38+01:00,6.513801848,3.395922061,19.0,21.0,22.0,27.113,84.644,True,True,2.5
29,2026-09-26 08:09:39+01:00,6.51380142,3.395930884,18.0,20.0,21.0,27.113,84.644,True,True,0.976
29,2026-09-26 08:09:40+01:00,6.513804276,3.395942857,18.0,20.0,21.0,27.113,84.644,True,True,1.36
29,2026-09-26 08:09:41+01:00,6.513802731,3.395949355,19.0,21.0,22.0,27.113,84.644,True,True,0.738
29,2026-09-26 08:09:42+01:00,6.513799786,3.39596664,17.0,18.0,19.0,27.113,84.644,True,True,1.937
29,2026-09-26 08:09:43+01:00,6.513806294,3.395979673,18.0,20.0,21.0,27.113,84.644,True,True,1.611
29,2026-09-26 08:09:44+01:00,6.513814978,3.395996396,17.0,18.0,19.0,27.113,84.644,True,True,2.085
29,2026-09-26 08:09:45+01:00,6.513817209,3.396009008,17.0,18.0,19.0,27.113,84.644,True,True,1.415
29,2026-09-26 08:09:47+01:00,6.513819451,3.3960213,17.0,18.0,19.0,27.113,84.644,True,True,0.69
29,2026-09-26 08:09:49+01:00,6.513804099,3.39604053,16.0,17.0,18.0,27.113,84.644,True,True,1.363
29,2026-09-26 08:09:51+01:00,6.513809463,3.396074868,16.0,17.0,18.0,27.113,84.644,True,True,1.92
29,2026-09-26 08:09:53+01:00,6.513817575,3.396099657,17.0,18.0,19.0,27.113,84.644,True,True,1.442
29,2026-09-26 08:09:55+01:00,6.5138152,3.396130307,17.0,18.0,19.0,27.113,84.644,True,True,1.698
29,2026-09-26 08:09:57+01:00,6.51382625,3.396150292,20.0,22.0,25.0,27.113,84.644,True,True,1.263
29,2026-09-26 08:09:59+01:00,6.513831535,3.39615497,20.0,22.0,25.0,27.113,84.644,True,True,0.391
29,2026-09-26 08:10:01+01:00,6.513838467,3.396180451,20.0,22.0,25.0,27.113,84.644,True,True,1.459
29,2026-09-26 08:10:02+01:00,6.513841943,3.396206818,20.0,22.0,25.0,27.113,84.644,True,True,2.938
29,2026-09-26 08:10:04+01:00,6.513841905,3.396229289,21.0,23.0,27.0,27.113,84.644,True,True,1.241
29,2026-09-26 08:10:05+01:00,6.513841905,3.396229289,20.0,22.0,25.0,27.113,84.644,True,True,0.0
29,2026-09-26 08:10:06+01:00,6.513843081,3.396251865,20.0,22.0,25.0,27.113,84.644,True,True,2.498
29,2026-09-26 08:10:07+01:00,6.513843081,3.396251865,21.0,23.0,27.0,27.113,84.644,True,True,0.0
29,2026-09-26 08:10:08+01:00,6.513841515,3.396276625,21.0,23.0,27.0,27.113,84.644,True,True,2.741
29,2026-09-26 08:10:09+01:00,6.513841515,3.396276625,21.0,23.0,27.0,27.113,84.644,True,True,0.0
29,2026-09-26 08:10:10+01:00,6.513838173,3.39630459,21.0,23.0,27.0,27.113,84.644,True,True,3.112
29,2026-09-26 08:10:11+01:00,6.513838173,3.39630459,21.0,23.0,27.0,27.113,84.644,True,True,0.0
29,2026-09-26 08:10:12+01:00,6.513840971,3.396333904,21.0,22.0,26.0,27.113,84.644,True,True,3.253
29,2026-09-26 08:10:13+01:00,6.513838136,3.396344919,20.0,22.0,25.0,27.113,84.644,True,True,1.257
29,2026-09-26 08:10:14+01:00,6.513838605,3.396352841,20.0,22.0,25.0,27.113,84.644,True,True,0.877
29,2026-09-26 08:10:15+01:00,6.51383815,3.396372962,20.0,22.0,25.0,27.113,84.644,True,True,2.223
29,2026-09-26 08:10:16+01:00,6.513844179,3.396383744,20.0,22.0,25.0,27.113,84.644,True,True,1.367
29,2026-09-26 08:10:17+01:00,6.513837083,3.396394612,20.0,22.0,25.0,27.113,84.644,True,True,1.437
29,2026-09-26 08:10:18+01:00,6.51383732,3.396410238,21.0,23.0,27.0,27.113,84.644,True,True,1.727
29,2026-09-26 08:10:19+01:00,6.513841504,3.396426136,21.0,23.0,27.0,27.113,84.644,True,True,1.817
29,2026-09-26 08:10:20+01:00,6.513842571,3.396430819,21.0,23.0,27.0,27.113,84.644,True,True,0.531
29,2026-09-26 08:10:21+01:00,6.513843514,3.396444054,21.0,23.0,27.0,27.113,84.644,True,True,1.466
29,2026-09-26 08:10:22+01:00,6.513842271,3.396458947,21.0,23.0,27.0,27.113,84.644,True,True,1.651
29,2026-09-26 08:10:23+01:00,6.513844444,3.396475104,21.0,23.0,27.0,27.113,84.644,True,True,1.801
29,2026-09-26 08:10:24+01:00,6.51384326,3.396487306,20.0,22.0,25.0,27.113,84.644,True,True,1.354
29,2026-09-26 08:10:25+01:00,6.513841833,3.396501191,19.0,21.0,22.0,27.113,84.644,True,True,1.542
29,2026-09-26 08:10:26+01:00,6.513839768,3.396514063,19.0,21.0,22.0,27.113,84.644,True,True,1.44
29,2026-09-26 08:10:27+01:00,6.513836961,3.396523119,20.0,22.0,25.0,27.113,84.644,True,True,1.048
29,2026-09-26 08:10:28+01:00,6.513838324,3.396533482,20.0,22.0,25.0,27.113,84.644,True,True,1.155
29,2026-09-26 08:10:29+01:00,6.513839349,3.396548421,20.0,22.0,25.0,27.113,84.644,True,True,1.654
29,2026-09-26 08:10:30+01:00,6.513838966,3.396560821,19.0,21.0,22.0,27.113,84.644,True,True,1.371
29,2026-09-26 08:10:31+01:00,6.513840772,3.396574056,19.0,21.0,22.0,27.113,84.644,True,True,1.476
29,2026-09-26 08:10:32+01:00,6.513838934,3.396585992,20.0,21.0,24.0,27.113,84.644,True,True,1.334
29,2026-09-26 08:10:33+01:00,6.513839106,3.39660047,20.0,22.0,25.0,27.113,84.644,True,True,1.6
29,2026-09-26 08:10:34+01:00,6.513836942,3.396613361,20.0,22.0,25.0,27.113,84.644,True,True,1.444
29,2026-09-26 08:10:35+01:00,6.513837303,3.396625432,20.0,22.0,25.0,27.113,84.644,True,True,1.334
29,2026-09-26 08:10:36+01:00,6.513836494,3.396634253,18.0,20.0,21.0,27.113,84.644,True,True,0.979
29,2026-09-26 08:10:37+01:00,6.5138373,3.396647344,18.0,20.0,21.0,27.113,84.644,True,True,1.449
29,2026-09-26 08:10:38+01:00,6.513836237,3.396658071,18.0,20.0,21.0,27.113,84.644,True,True,1.191
29,2026-09-26 08:10:39+01:00,6.513835819,3.396672284,18.0,20.0,21.0,27.113,84.644,True,True,1.571
29,2026-09-26 08:10:40+01:00,6.513837436,3.396688602,19.0,21.0,22.0,27.113,84.644,True,True,1.812
29,2026-09-26 08:10:41+01:00,6.51383981,3.396698162,18.0,20.0,21.0,27.113,84.644,True,True,1.089
29,2026-09-26 08:10:42+01:00,6.513840862,3.39671234,18.0,20.0,21.0,27.113,84.644,True,True,1.571
29,2026-09-26 08:10:43+01:00,6.513839797,3.396722411,18.0,20.0,21.0,27.113,84.644,True,True,1.119
29,2026-09-26 08:10:44+01:00,6.513838121,3.396732411,17.0,18.0,19.0,27.113,84.644,True,True,1.12
29,2026-09-26 08:10:45+01:00,6.513835813,3.396743487,18.0,20.0,21.0,27.113,84.644,True,True,1.25
29,2026-09-26 08:10:46+01:00,6.513838141,3.396757478,18.0,20.0,21.0,27.113,84.644,True,True,1.567
29,2026-09-26 08:10:47+01:00,6.513837482,3.396772576,18.0,20.0,21.0,27.113,84.644,True,True,1.67
29,2026-09-26 08:10:48+01:00,6.513839409,3.396785705,18.0,20.0,21.0,27.113,84.644,True,True,1.466
29,2026-09-26 08:10:49+01:00,6.513832167,3.39680039,18.0,20.0,21.0,27.113,84.644,True,True,1.811
29,2026-09-26 08:10:50+01:00,6.513832482,3.396815177,18.0,20.0,21.0,27.113,84.644,True,True,1.634
29,2026-09-26 08:10:51+01:00,6.513833481,3.396827372,18.0,20.0,21.0,27.113,84.644,True,True,1.352
29,2026-09-26 08:10:52+01:00,6.513837073,3.396839618,18.0,20.0,21.0,27.113,84.644,True,True,1.411
29,2026-09-26 08:10:53+01:00,6.513839028,3.396853299,19.0,21.0,22.0,27.113,84.644,True,True,1.527
29,2026-09-26 08:10:54+01:00,6.513839841,3.396862787,19.0,21.0,22.0,27.113,84.644,True,True,1.052
29,2026-09-26 08:10:55+01:00,6.513839383,3.396871953,18.0,20.0,21.0,27.113,84.644,True,True,1.014
29,2026-09-26 08:10:56+01:00,6.513837656,3.396892536,18.0,20.0,21.0,27.113,84.644,True,True,2.282
29,2026-09-26 08:10:57+01:00,6.51383652,3.396904252,18.0,20.0,21.0,27.113,84.644,True,True,1.3
29,2026-09-26 08:10:58+01:00,6.513836156,3.396915513,18.0,20.0,21.0,27.113,84.644,True,True,1.245
29,2026-09-26 08:10:59+01:00,6.513837869,3.396924967,18.0,20.0,21.0,27.113,84.644,True,True,1.062
29,2026-09-26 08:11:00+01:00,6.513835376,3.396939995,19.0,21.0,22.0,27.113,84.644,True,True,1.683
29,2026-09-26 08:11:01+01:00,6.513835027,3.396950642,19.0,21.0,22.0,27.113,84.644,True,True,1.177
29,2026-09-26 08:11:02+01:00,6.513834126,3.396964847,19.0,21.0,22.0,27.113,84.644,True,True,1.573
29,2026-09-26 08:11:03+01:00,6.513832016,3.396975252,19.0,21.0,22.0,27.113,84.644,True,True,1.173
29,2026-09-26 08:11:04+01:00,6.513832893,3.396985828,19.0,21.0,22.0,27.113,84.644,True,True,1.172
29,2026-09-26 08:11:05+01:00,6.513836214,3.396998154,18.0,20.0,21.0,27.113,84.644,True,True,1.411
29,2026-09-26 08:11:06+01:00,6.513833172,3.397009368,18.0,20.0,21.0,27.113,84.644,True,True,1.284
29,2026-09-26 08:11:07+01:00,6.51383292,3.397016342,18.0,20.0,21.0,27.113,84.644,True,True,0.771
29,2026-09-26 08:11:08+01:00,6.513835407,3.397029413,18.0,20.0,21.0,27.113,84.644,True,True,1.47
29,2026-09-26 08:11:09+01:00,6.513831963,3.397043221,16.0,17.0,18.0,27.113,84.644,True,True,1.573
29,2026-09-26 08:11:10+01:00,6.513832889,3.397060425,16.0,17.0,18.0,27.113,84.644,True,True,1.903
29,2026-09-26 08:11:11+01:00,6.513833752,3.397074553,16.0,18.0,19.0,27.113,84.644,True,True,1.564
29,2026-09-26 08:11:12+01:00,6.513837882,3.397089098,18.0,20.0,21.0,27.113,84.644,True,True,1.671
29,2026-09-26 08:11:13+01:00,6.513839149,3.397098015,18.0,20.0,21.0,27.113,84.644,True,True,0.995
29,2026-09-26 08:11:14+01:00,6.513839086,3.397105126,16.0,17.0,18.0,27.113,84.644,True,True,0.786
29,2026-09-26 08:11:15+01:00,6.513837523,3.397110486,16.0,17.0,18.0,27.113,84.644,True,True,0.617
29,2026-09-26 08:11:16+01:00,6.513837432,3.397125802,16.0,17.0,18.0,27.113,84.644,True,True,1.692
29,2026-09-26 08:11:17+01:00,6.513836966,3.397139549,16.0,17.0,18.0,27.113,84.644,True,True,1.52
29,2026-09-26 08:11:18+01:00,6.513838183,3.397154972,17.0,18.0,19.0,27.113,84.644,True,True,1.709
29,2026-09-26 08:11:19+01:00,6.513836451,3.397170165,16.0,18.0,19.0,27.113,84.644,True,True,1.689
29,2026-09-26 08:11:20+01:00,6.513836098,3.397180107,17.0,18.0,19.0,27.113,84.644,True,True,1.099
29,2026-09-26 08:11:21+01:00,6.513841122,3.397191479,17.0,18.0,19.0,27.113,84.644,True,True,1.375
29,2026-09-26 08:11:22+01:00,6.513840069,3.397204932,17.0,18.0,19.0,27.113,84.644,True,True,1.491
29,2026-09-26 08:11:23+01:00,6.513839672,3.39721597,18.0,20.0,21.0,27.113,84.644,True,True,1.22
29,2026-09-26 08:11:24+01:00,6.51384302,3.397229278,19.0,21.0,22.0,27.113,84.644,True,True,1.517
29,2026-09-26 08:11:25+01:00,6.513843026,3.397241979,18.0,20.0,21.0,27.113,84.644,True,True,1.403
29,2026-09-26 08:11:26+01:00,6.513845926,3.397254887,17.0,18.0,19.0,27.113,84.644,True,True,1.462
29,2026-09-26 08:11:27+01:00,6.51385145,3.397269121,17.0,18.0,19.0,27.113,84.644,True,True,1.688
29,2026-09-26 08:11:28+01:00,6.513858312,3.397278482,17.0,19.0,20.0,27.113,84.644,True,True,1.285
29,2026-09-26 08:11:29+01:00,6.513863061,3.397287078,17.0,18.0,19.0,27.113,84.644,True,True,1.087
29,2026-09-26 08:11:30+01:00,6.513870569,3.397295041,16.0,17.0,18.0,27.113,84.644,True,True,1.213
29,2026-09-26 08:11:31+01:00,6.513880821,3.397302411,16.0,17.0,18.0,27.113,84.644,True,True,1.401
29,2026-09-26 08:11:32+01:00,6.51389216,3.39730935,17.0,18.0,19.0,27.113,85.761,True,True,1.476
29,2026-09-26 08:11:33+01:00,6.513901325,3.397315716,17.0,18.0,19.0,27.113,85.761,True,True,1.238
29,2026-09-26 08:11:34+01:00,6.513912656,3.397319814,18.0,20.0,21.0,27.113,85.761,True,True,1.339
29,2026-09-26 08:11:35+01:00,6.513924668,3.397322106,18.0,20.0,21.0,27.113,85.761,True,True,1.359
29,2026-09-26 08:11:36+01:00,6.513938406,3.397324342,18.0,20.0,21.0,27.113,85.761,True,True,1.547
29,2026-09-26 08:11:37+01:00,6.513950458,3.397324804,18.0,20.0,21.0,27.113,85.761,True,True,1.341
29,2026-09-26 08:11:38+01:00,6.513959946,3.397326792,18.0,20.0,21.0,27.113,85.761,True,True,1.078
29,2026-09-26 08:11:39+01:00,6.513970665,3.397325948,18.0,20.0,21.0,27.113,85.761,True,True,1.196
29,2026-09-26 08:11:40+01:00,6.513981539,3.397327819,18.0,20.0,21.0,27.113,85.761,True,True,1.227
29,2026-09-26 08:11:41+01:00,6.513993819,3.397329647,19.0,21.0,22.0,27.113,85.761,True,True,1.38
29,2026-09-26 08:11:42+01:00,6.514004975,3.397332962,19.0,21.0,22.0,27.113,85.761,True,True,1.293
29,2026-09-26 08:11:43+01:00,6.514015172,3.397334575,19.0,21.0,22.0,27.113,85.761,True,True,1.148
29,2026-09-26 08:11:44+01:00,6.514026657,3.397333233,21.0,23.0,27.0,27.113,85.761,True,True,1.286
29,2026-09-26 08:11:45+01:00,6.514037952,3.397331301,21.0,23.0,27.0,27.113,85.761,True,True,1.274
29,2026-09-26 08:11:46+01:00,6.514051296,3.397331458,21.0,23.0,27.0,27.113,85.761,True,True,1.484
29,2026-09-26 08:11:47+01:00,6.514066389,3.397330978,21.0,23.0,27.0,27.113,85.761,True,True,1.679
29,2026-09-26 08:11:48+01:00,6.514080077,3.397331487,21.0,23.0,27.0,27.113,85.761,True,True,1.523
29,2026-09-26 08:11:49+01:00,6.51409187,3.397334006,21.0,23.0,27.0,27.113,85.761,True,True,1.341
29,2026-09-26 08:11:50+01:00,6.514101629,3.39734257,22.0,24.0,28.0,27.113,85.761,True,True,1.44
29,2026-09-26 08:11:51+01:00,6.514113664,3.39734251,19.0,21.0,22.0,27.113,85.761,True,True,1.338
29,2026-09-26 08:11:52+01:00,6.514131534,3.397343555,18.0,20.0,21.0,27.113,85.761,True,True,1.99
29,2026-09-26 08:11:53+01:00,6.514141653,3.397347571,17.0,18.0,19.0,27.113,85.761,True,True,1.209
29,2026-09-26 08:11:54+01:00,6.514153766,3.397354507,18.0,20.0,21.0,27.113,85.761,True,True,1.55
29,2026-09-26 08:11:55+01:00,6.514163699,3.39736143,18.0,20.0,21.0,27.113,85.761,True,True,1.343
29,2026-09-26 08:11:56+01:00,6.514174146,3.397361632,18.0,20.0,21.0,27.113,85.761,True,True,1.162
29,2026-09-26 08:11:57+01:00,6.514189388,3.397368478,18.0,20.0,21.0,27.113,85.761,True,True,1.856
29,2026-09-26 08:11:58+01:00,6.514203437,3.397371597,16.0,17.0,18.0,27.113,85.761,True,True,1.6
29,2026-09-26 08:11:59+01:00,6.514216128,3.397373929,16.0,17.0,18.0,27.113,85.761,True,True,1.434
29,2026-09-26 08:12:00+01:00,6.51423048,3.397377996,16.0,17.0,18.0,27.113,85.761,True,True,1.658
29,2026-09-26 08:12:01+01:00,6.514239363,3.397383024,16.0,17.0,18.0,27.113,85.761,True,True,1.133
29,2026-09-26 08:12:02+01:00,6.514250959,3.397388841,17.0,18.0,19.0,27.113,85.761,True,True,1.441
29,2026-09-26 08:12:03+01:00,6.514264245,3.397394363,17.0,18.0,19.0,27.113,85.761,True,True,1.598
29,2026-09-26 08:12:04+01:00,6.514274776,3.397399553,16.0,17.0,18.0,27.113,85.761,True,True,1.304
29,2026-09-26 08:12:05+01:00,6.514283447,3.397401334,16.0,17.0,18.0,27.113,85.761,True,True,0.984
29,2026-09-26 08:12:06+01:00,6.514293418,3.397403487,16.0,17.0,18.0,27.113,85.761,True,True,1.134
29,2026-09-26 08:12:07+01:00,6.514303537,3.397406049,15.0,17.0,18.0,27.113,85.761,True,True,1.16
29,2026-09-26 08:12:08+01:00,6.514315404,3.397408841,15.0,16.0,17.0,27.113,85.761,True,True,1.355
29,2026-09-26 08:12:09+01:00,6.51432819,3.397412229,15.0,16.0,17.0,27.113,85.761,True,True,1.47
29,2026-09-26 08:12:10+01:00,6.514340173,3.397411728,15.0,16.0,17.0,27.113,85.761,True,True,1.334
29,2026-09-26 08:12:11+01:00,6.514355677,3.397411451,17.0,18.0,19.0,27.113,85.761,True,True,1.724
29,2026-09-26 08:12:12+01:00,6.514368135,3.397414069,17.0,18.0,19.0,27.113,85.761,True,True,1.415
29,2026-09-26 08:12:13+01:00,6.514380626,3.3974183,16.0,18.0,19.0,27.113,85.761,True,True,1.465
29,2026-09-26 08:12:14+01:00,6.514397371,3.397423657,15.0,16.0,17.0,27.113,85.761,True,True,1.954
29,2026-09-26 08:12:15+01:00,6.514409192,3.39742425,15.0,16.0,17.0,27.113,85.761,True,True,1.316
29,2026-09-26 08:12:16+01:00,6.51442334,3.397429278,16.0,17.0,18.0,27.113,85.761,True,True,1.668
29,2026-09-26 08:12:17+01:00,6.514431856,3.397430963,17.0,18.0,19.0,27.113,85.761,True,True,0.965
29,2026-09-26 08:12:18+01:00,6.514446556,3.397435362,17.0,18.0,19.0,27.113,85.761,True,True,1.705
29,2026-09-26 08:12:19+01:00,6.514462275,3.397442293,17.0,18.0,19.0,27.113,85.761,True,True,1.908
29,2026-09-26 08:12:20+01:00,6.514473364,3.397445374,15.0,16.0,17.0,27.113,85.761,True,True,1.279
29,2026-09-26 08:12:21+01:00,6.514486994,3.397450178,16.0,17.0,18.0,27.113,85.761,True,True,1.606
29,2026-09-26 08:12:22+01:00,6.514497634,3.397455803,16.0,17.0,18.0,27.113,85.761,True,True,1.336
29,2026-09-26 08:12:23+01:00,6.514512819,3.397461315,16.0,17.0,18.0,27.113,85.761,True,True,1.795
29,2026-09-26 08:12:24+01:00,6.514522607,3.397462489,16.0,17.0,18.0,27.113,85.761,True,True,1.096
29,2026-09-26 08:12:25+01:00,6.514534907,3.39746676,15.0,16.0,17.0,27.113,85.761,True,True,1.447
29,2026-09-26 08:12:26+01:00,6.51454501,3.397471959,16.0,17.0,18.0,27.113,85.761,True,True,1.262
29,2026-09-26 08:12:27+01:00,6.514560638,3.397473645,17.0,18.0,19.0,27.113,85.761,True,True,1.748
29,2026-09-26 08:12:28+01:00,6.514572165,3.397478498,16.0,18.0,19.0,27.113,85.761,True,True,1.389
29,2026-09-26 08:12:29+01:00,6.51458725,3.397482372,16.0,17.0,18.0,27.113,85.761,True,True,1.731
29,2026-09-26 08:12:30+01:00,6.514599914,3.3974827,16.0,17.0,18.0,27.113,85.761,True,True,1.409
29,2026-09-26 08:12:31+01:00,6.514614655,3.397480692,16.0,17.0,18.0,27.113,85.761,True,True,1.654
29,2026-09-26 08:12:32+01:00,6.514626045,3.397481594,17.0,18.0,19.0,27.113,85.761,True,True,1.27
29,2026-09-26 08:12:33+01:00,6.514639032,3.397483211,17.0,18.0,19.0,27.113,85.761,True,True,1.455
29,2026-09-26 08:12:34+01:00,6.514650588,3.397487035,17.0,18.0,19.0,27.113,85.761,True,True,1.353
29,2026-09-26 08:12:35+01:00,6.514662585,3.397492212,16.0,17.0,18.0,27.113,85.761,True,True,1.451
29,2026-09-26 08:12:36+01:00,6.514674379,3.3974949,16.0,17.0,18.0,27.113,85.761,True,True,1.345
29,2026-09-26 08:12:37+01:00,6.514684437,3.397497896,16.0,17.0,18.0,27.113,85.761,True,True,1.166
29,2026-09-26 08:12:38+01:00,6.514695355,3.397502149,16.0,17.0,18.0,27.113,85.761,True,True,1.302
29,2026-09-26 08:12:39+01:00,6.514707543,3.397503646,15.0,16.0,17.0,27.113,85.761,True,True,1.365
29,2026-09-26 08:12:40+01:00,6.51472345,3.39750353,15.0,16.0,17.0,27.113,85.761,True,True,1.769
29,2026-09-26 08:12:41+01:00,6.514734901,3.397502314,17.0,18.0,19.0,27.113,85.761,True,True,1.28
29,2026-09-26 08:12:42+01:00,6.51474764,3.397498774,16.0,17.0,18.0,27.113,85.761,True,True,1.47
29,2026-09-26 08:12:43+01:00,6.514756353,3.397498816,17.0,18.0,19.0,27.113,85.761,True,True,0.969
29,2026-09-26 08:12:44+01:00,6.514767403,3.39749941,16.0,17.0,18.0,27.113,85.761,True,True,1.23
29,2026-09-26 08:12:45+01:00,6.514779153,3.397500288,16.0,17.0,18.0,27.113,85.761,True,True,1.31
29,2026-09-26 08:12:46+01:00,6.514791244,3.397505592,16.0,17.0,18.0,27.113,85.761,True,True,1.467
29,2026-09-26 08:12:47+01:00,6.514803032,3.397511435,15.0,16.0,17.0,27.113,85.761,True,True,1.461
29,2026-09-26 08:12:48+01:00,6.514816448,3.397518852,14.0,15.0,16.0,27.113,85.761,True,True,1.702
29,2026-09-26 08:12:49+01:00,6.514829808,3.397525249,15.0,16.0,17.0,27.113,85.761,True,True,1.645
29,2026-09-26 08:12:50+01:00,6.514840125,3.397530641,15.0,16.0,17.0,27.113,85.761,True,True,1.293
29,2026-09-26 08:12:51+01:00,6.514848707,3.397535606,15.0,16.0,17.0,27.113,85.761,True,True,1.101
29,2026-09-26 08:12:52+01:00,6.514865194,3.397537695,15.0,16.0,17.0,27.113,85.761,True,True,1.848
29,2026-09-26 08:12:53+01:00,6.514873293,3.397538551,15.0,16.0,17.0,27.113,85.761,True,True,0.906
29,2026-09-26 08:12:54+01:00,6.514881535,3.39753982,15.0,16.0,17.0,27.113,85.761,True,True,0.927
29,2026-09-26 08:12:55+01:00,6.514894476,3.397535729,15.0,16.0,17.0,27.113,85.761,True,True,1.508
29,2026-09-26 08:12:56+01:00,6.514902274,3.397539778,15.0,16.0,17.0,27.113,85.761,True,True,0.976
29,2026-09-26 08:12:57+01:00,6.514917891,3.39754313,16.0,17.0,18.0,27.113,85.761,True,True,1.776
29,2026-09-26 08:12:58+01:00,6.514929822,3.397545955,16.0,17.0,18.0,27.113,85.761,True,True,1.363
29,2026-09-26 08:12:59+01:00,6.514943562,3.397546151,16.0,17.0,18.0,27.113,85.761,True,True,1.528
29,2026-09-26 08:13:00+01:00,6.514955063,3.397546996,17.0,18.0,19.0,27.113,85.761,True,True,1.282
29,2026-09-26 08:13:01+01:00,6.514962833,3.397547421,18.0,20.0,21.0,27.113,85.761,True,True,0.865
29,2026-09-26 08:13:02+01:00,6.51497479,3.397548311,18.0,20.0,21.0,27.113,85.761,True,True,1.333
29,2026-09-26 08:13:03+01:00,6.514987262,3.397552342,18.0,20.0,21.0,27.113,85.761,True,True,1.457
29,2026-09-26 08:13:04+01:00,6.515003053,3.397557316,17.0,18.0,19.0,27.113,85.761,True,True,1.84
29,2026-09-26 08:13:05+01:00,6.515015039,3.397562047,17.0,18.0,19.0,27.113,85.761,True,True,1.432
29,2026-09-26 08:13:06+01:00,6.515024803,3.397563241,17.0,18.0,19.0,27.113,85.761,True,True,1.094
29,2026-09-26 08:13:07+01:00,6.515038999,3.397564656,17.0,18.0,19.0,27.113,85.761,True,True,1.586
29,2026-09-26 08:13:08+01:00,6.515053651,3.397563023,17.0,18.0,19.0,27.113,85.761,True,True,1.639
29,2026-09-26 08:13:09+01:00,6.515067117,3.39756432,18.0,20.0,21.0,27.113,85.761,True,True,1.504
29,2026-09-26 08:13:10+01:00,6.515073166,3.397565532,18.0,20.0,21.0,27.113,85.761,True,True,0.686
29,2026-09-26 08:13:11+01:00,6.515080951,3.397566796,18.0,20.0,21.0,27.113,85.761,True,True,0.877
29,2026-09-26 08:13:12+01:00,6.515098292,3.397569626,18.0,20.0,21.0,27.113,85.761,True,True,1.953
29,2026-09-26 08:13:13+01:00,6.515107988,3.397571403,17.0,18.0,19.0,27.113,85.761,True,True,1.096
29,2026-09-26 08:13:14+01:00,6.515121211,3.397573255,16.0,17.0,18.0,27.113,85.761,True,True,1.484
29,2026-09-26 08:13:15+01:00,6.515134886,3.39756876,16.0,17.0,18.0,27.113,85.761,True,True,1.6
29,2026-09-26 08:13:16+01:00,6.51514675,3.397568055,17.0,18.0,19.0,27.113,85.761,True,True,1.322
29,2026-09-26 08:13:17+01:00,6.515158269,3.397570882,17.0,18.0,19.0,27.113,85.761,True,True,1.318
29,2026-09-26 08:13:18+01:00,6.515170104,3.397573416,16.0,17.0,18.0,27.113,85.761,True,True,1.345
29,2026-09-26 08:13:19+01:00,6.515182082,3.39757782,16.0,17.0,18.0,27.113,85.761,True,True,1.418
29,2026-09-26 08:13:20+01:00,6.515194834,3.397580922,16.0,17.0,18.0,27.113,85.761,True,True,1.459
29,2026-09-26 08:13:22+01:00,6.515218037,3.397588603,16.0,17.0,18.0,27.113,85.761,True,True,1.358
29,2026-09-26 08:13:24+01:00,6.515238025,3.397583382,18.0,20.0,21.0,27.113,85.761,True,True,1.148
29,2026-09-26 08:13:26+01:00,6.515263187,3.397588774,17.0,18.0,19.0,27.113,85.761,True,True,1.43
29,2026-09-26 08:13:28+01:00,6.515293459,3.397596363,17.0,18.0,19.0,27.113,85.761,True,True,1.734
29,2026-09-26 08:13:30+01:00,6.515309323,3.397596606,17.0,18.0,19.0,27.113,85.761,True,True,0.882
29,2026-09-26 08:13:32+01:00,6.515345352,3.39759958,18.0,20.0,21.0,27.113,84.644,True,True,2.01
29,2026-09-26 08:13:33+01:00,6.515366789,3.39760363,17.0,18.0,19.0,27.113,84.644,True,True,2.425
29,2026-09-26 08:13:35+01:00,6.515380211,3.397604562,17.0,18.0,19.0,27.113,84.644,True,True,0.748
29,2026-09-26 08:13:36+01:00,6.515380211,3.397604562,17.0,19.0,20.0,27.113,84.644,True,True,0.0
29,2026-09-26 08:13:37+01:00,6.515400054,3.397606392,18.0,20.0,21.0,27.113,84.644,True,True,2.216
29,2026-09-26 08:13:38+01:00,6.515400054,3.397606392,19.0,21.0,22.0,27.113,84.644,True,True,0.0
29,2026-09-26 08:13:39+01:00,6.51542737,3.397597211,18.0,20.0,21.0,27.113,84.644,True,True,3.202
29,2026-09-26 08:13:40+01:00,6.515442102,3.397590759,18.0,20.0,21.0,27.113,84.644,True,True,1.786
29,2026-09-26 08:13:41+01:00,6.515460544,3.397590816,18.0,20.0,21.0,27.113,84.644,True,True,2.051
29,2026-09-26 08:13:42+01:00,6.51547264,3.397591463,17.0,18.0,19.0,27.113,84.644,True,True,1.347
29,2026-09-26 08:13:43+01:00,6.515488864,3.397588393,17.0,18.0,19.0,27.113,84.644,True,True,1.836
29,2026-09-26 08:13:44+01:00,6.515501436,3.397584713,18.0,20.0,21.0,27.113,84.644,True,True,1.456
29,2026-09-26 08:13:45+01:00,6.515511144,3.397582884,18.0,20.0,21.0,27.113,84.644,True,True,1.098
29,2026-09-26 08:13:46+01:00,6.515524551,3.397583478,17.0,18.0,19.0,27.113,84.644,True,True,1.492
29,2026-09-26 08:13:47+01:00,6.515540942,3.39757713,16.0,17.0,18.0,27.113,84.644,True,True,1.953
29,2026-09-26 08:13:48+01:00,6.515553065,3.39757349,16.0,17.0,18.0,27.113,84.644,True,True,1.407
29,2026-09-26 08:13:49+01:00,6.515564324,3.39757066,16.0,17.0,18.0,27.113,84.644,True,True,1.29
29,2026-09-26 08:13:50+01:00,6.515574136,3.397571809,17.0,18.0,19.0,27.113,84.644,True,True,1.098
29,2026-09-26 08:13:51+01:00,6.515588769,3.397564117,18.0,20.0,21.0,27.113,84.644,True,True,1.836
29,2026-09-26 08:13:52+01:00,6.515600836,3.397566262,17.0,18.0,19.0,27.113,84.644,True,True,1.363
29,2026-09-26 08:13:53+01:00,6.51561171,3.397561085,16.0,17.0,18.0,27.113,84.644,True,True,1.338
29,2026-09-26 08:13:54+01:00,6.515622473,3.397556351,15.0,16.0,17.0,27.113,84.644,True,True,1.306
29,2026-09-26 08:13:55+01:00,6.515627877,3.397553355,16.0,17.0,18.0,27.113,84.644,True,True,0.686
29,2026-09-26 08:13:56+01:00,6.515639754,3.397547358,16.0,17.0,18.0,27.113,84.644,True,True,1.478
29,2026-09-26 08:13:57+01:00,6.515654161,3.39754481,16.0,17.0,18.0,27.113,84.644,True,True,1.627
29,2026-09-26 08:13:58+01:00,6.515664354,3.39754147,16.0,17.0,18.0,27.113,84.644,True,True,1.192
29,2026-09-26 08:13:59+01:00,6.515676338,3.397539461,17.0,18.0,19.0,27.113,84.644,True,True,1.351
29,2026-09-26 08:14:00+01:00,6.515681457,3.397538743,17.0,18.0,19.0,27.113,84.644,True,True,0.575
29,2026-09-26 08:14:01+01:00,6.515690824,3.397534922,16.0,17.0,18.0,27.113,84.644,True,True,1.124
29,2026-09-26 08:14:02+01:00,6.515701953,3.397529168,17.0,18.0,19.0,27.113,84.644,True,True,1.391
29,2026-09-26 08:14:03+01:00,6.515711848,3.397520566,16.0,17.0,18.0,27.113,84.644,True,True,1.454
29,2026-09-26 08:14:04+01:00,6.515719146,3.397520575,16.0,17.0,18.0,27.113,84.644,True,True,0.812
29,2026-09-26 08:14:05+01:00,6.515728793,3.397518007,17.0,18.0,19.0,27.113,84.644,True,True,1.11
29,2026-09-26 08:14:06+01:00,6.515738552,3.39751636,17.0,18.0,19.0,27.113,84.644,True,True,1.1
29,2026-09-26 08:14:07+01:00,6.515752335,3.397513394,17.0,18.0,19.0,27.113,84.644,True,True,1.567
29,2026-09-26 08:14:08+01:00,6.515755151,3.397515564,17.0,18.0,19.0,27.113,84.644,True,True,0.394
29,2026-09-26 08:14:09+01:00,6.515772739,3.397513767,17.0,18.0,19.0,27.113,84.644,True,True,1.966
29,2026-09-26 08:14:10+01:00,6.51578463,3.397513166,17.0,18.0,19.0,27.113,84.644,True,True,1.324
29,2026-09-26 08:14:11+01:00,6.51579117,3.397517586,17.0,18.0,19.0,27.113,84.644,True,True,0.876
29,2026-09-26 08:14:12+01:00,6.515804268,3.397510932,18.0,20.0,21.0,27.113,84.644,True,True,1.631
29,2026-09-26 08:14:13+01:00,6.515812954,3.397507199,17.0,18.0,19.0,27.113,84.644,True,True,1.05
29,2026-09-26 08:14:14+01:00,6.515828563,3.397498882,17.0,18.0,19.0,27.113,84.644,True,True,1.964
29,2026-09-26 08:14:15+01:00,6.51583863,3.397492121,17.0,18.0,19.0,27.113,84.644,True,True,1.346
29,2026-09-26 08:14:16+01:00,6.51584919,3.397486783,16.0,18.0,19.0,27.113,84.644,True,True,1.314
29,2026-09-26 08:14:17+01:00,6.515858598,3.397482235,16.0,17.0,18.0,27.113,84.644,True,True,1.161
29,2026-09-26 08:14:18+01:00,6.515866254,3.39747992,16.0,17.0,18.0,27.113,84.644,True,True,0.889
29,2026-09-26 08:14:19+01:00,6.515878071,3.397474481,16.0,17.0,18.0,27.113,84.644,True,True,1.445
29,2026-09-26 08:14:20+01:00,6.515886152,3.397465964,16.0,17.0,18.0,27.113,84.644,True,True,1.301
29,2026-09-26 08:14:21+01:00,6.515896951,3.397461203,15.0,16.0,17.0,27.113,84.644,True,True,1.311
29,2026-09-26 08:14:22+01:00,6.515904365,3.39746075,17.0,18.0,19.0,27.113,84.644,True,True,0.826
29,2026-09-26 08:14:23+01:00,6.515916716,3.3974588,17.0,18.0,19.0,27.113,84.644,True,True,1.39
29,2026-09-26 08:14:24+01:00,6.515928359,3.397454641,17.0,18.0,19.0,27.113,84.644,True,True,1.374
29,2026-09-26 08:14:25+01:00,6.515935954,3.397454514,16.0,18.0,19.0,27.113,84.644,True,True,0.845
29,2026-09-26 08:14:26+01:00,6.515947522,3.397451225,16.0,17.0,18.0,27.113,84.644,True,True,1.337
29,2026-09-26 08:14:27+01:00,6.515957991,3.397451624,16.0,17.0,18.0,27.113,84.644,True,True,1.165
29,2026-09-26 08:14:28+01:00,6.515970385,3.397450708,18.0,20.0,21.0,27.113,84.644,True,True,1.382
29,2026-09-26 08:14:29+01:00,6.515979108,3.397448945,18.0,20.0,21.0,27.113,84.644,True,True,0.989
29,2026-09-26 08:14:30+01:00,6.515990136,3.397446664,18.0,20.0,21.0,27.113,84.644,True,True,1.252
29,2026-09-26 08:14:31+01:00,6.515997264,3.397440507,18.0,20.0,21.0,27.113,84.644,True,True,1.044
29,2026-09-26 08:14:32+01:00,6.516007838,3.397434465,18.0,20.0,21.0,27.113,85.761,True,True,1.352
29,2026-09-26 08:14:33+01:00,6.51601871,3.397428787,17.0,18.0,19.0,27.113,85.761,True,True,1.362
29,2026-09-26 08:14:34+01:00,6.51602601,3.397429071,16.0,17.0,18.0,27.113,85.761,True,True,0.812
29,2026-09-26 08:14:35+01:00,6.516039861,3.397426787,17.0,18.0,19.0,27.113,85.761,True,True,1.561
29,2026-09-26 08:14:36+01:00,6.516052946,3.397424488,17.0,18.0,19.0,27.113,85.761,True,True,1.477
29,2026-09-26 08:14:37+01:00,6.516064999,3.397421221,17.0,18.0,19.0,27.113,85.761,True,True,1.388
29,2026-09-26 08:14:38+01:00,6.516075274,3.397418386,17.0,18.0,19.0,27.113,85.761,True,True,1.185
29,2026-09-26 08:14:39+01:00,6.516086938,3.397413849,18.0,20.0,21.0,27.113,85.761,True,True,1.39
29,2026-09-26 08:14:40+01:00,6.51609445,3.39741285,17.0,18.0,19.0,27.113,85.761,True,True,0.843
29,2026-09-26 08:14:41+01:00,6.516105601,3.397406864,17.0,18.0,19.0,27.113,85.761,True,True,1.405
29,2026-09-26 08:14:42+01:00,6.516116551,3.397405757,18.0,20.0,21.0,27.113,85.761,True,True,1.224
29,2026-09-26 08:14:43+01:00,6.516126129,3.397404992,19.0,21.0,22.0,27.113,85.761,True,True,1.068
29,2026-09-26 08:14:44+01:00,6.516137073,3.397399972,18.0,20.0,21.0,27.113,85.761,True,True,1.337
29,2026-09-26 08:14:45+01:00,6.516151433,3.397396989,18.0,20.0,21.0,27.113,85.761,True,True,1.63
29,2026-09-26 08:14:46+01:00,6.516160757,3.397390131,18.0,20.0,21.0,27.113,85.761,True,True,1.284
29,2026-09-26 08:14:47+01:00,6.516168077,3.397382409,18.0,20.0,21.0,27.113,85.761,True,True,1.179
29,2026-09-26 08:14:48+01:00,6.516177234,3.397373322,17.0,18.0,19.0,27.113,85.761,True,True,1.43
29,2026-09-26 08:14:49+01:00,6.516186703,3.397362981,17.0,18.0,19.0,27.113,85.761,True,True,1.554
29,2026-09-26 08:14:50+01:00,6.516196731,3.397354238,17.0,18.0,19.0,27.113,85.761,True,True,1.475
29,2026-09-26 08:14:51+01:00,6.516206667,3.397347828,17.0,18.0,19.0,27.113,85.761,True,True,1.312
29,2026-09-26 08:14:52+01:00,6.516215155,3.397341248,18.0,20.0,21.0,27.113,85.761,True,True,1.191
29,2026-09-26 08:14:53+01:00,6.516223472,3.39733975,19.0,21.0,22.0,27.113,85.761,True,True,0.939
29,2026-09-26 08:14:54+01:00,6.516235727,3.397336627,19.0,21.0,22.0,27.113,85.761,True,True,1.406
29,2026-09-26 08:14:55+01:00,6.516246405,3.397333217,18.0,20.0,21.0,27.113,85.761,True,True,1.246
29,2026-09-26 08:14:56+01:00,6.516258318,3.397328879,18.0,20.0,21.0,27.113,85.761,True,True,1.409
29,2026-09-26 08:14:57+01:00,6.516265575,3.397326788,18.0,20.0,21.0,27.113,85.761,True,True,0.839
29,2026-09-26 08:14:58+01:00,6.516277734,3.397322111,20.0,22.0,25.0,27.113,85.761,True,True,1.447
29,2026-09-26 08:14:59+01:00,6.516285917,3.39731758,20.0,22.0,25.0,27.113,85.761,True,True,1.039
29,2026-09-26 08:15:00+01:00,6.51629569,3.397314822,19.0,21.0,22.0,27.113,85.761,True,True,1.129
29,2026-09-26 08:15:01+01:00,6.516304133,3.397309817,19.0,21.0,22.0,27.113,85.761,True,True,1.09
29,2026-09-26 08:15:02+01:00,6.516318956,3.397305117,19.0,21.0,22.0,27.113,85.761,True,True,1.728
29,2026-09-26 08:15:03+01:00,6.516329424,3.397299289,19.0,21.0,22.0,27.113,85.761,True,True,1.33
29,2026-09-26 08:15:04+01:00,6.516335843,3.397301157,19.0,21.0,22.0,27.113,85.761,True,True,0.743
29,2026-09-26 08:15:05+01:00,6.516337141,3.397304593,18.0,20.0,21.0,27.113,85.761,True,True,0.406
29,2026-09-26 08:15:06+01:00,6.51633907,3.397301917,18.0,20.0,21.0,27.113,85.761,True,True,0.365
29,2026-09-26 08:15:07+01:00,6.51634997,3.397300502,19.0,21.0,22.0,27.113,85.761,True,True,1.222
29,2026-09-26 08:15:08+01:00,6.516356416,3.39729972,19.0,21.0,22.0,27.113,85.761,True,True,0.722
29,2026-09-26 08:15:09+01:00,6.516362311,3.397299048,18.0,20.0,21.0,27.113,85.761,True,True,0.66
29,2026-09-26 08:15:10+01:00,6.516371863,3.397293199,18.0,20.0,21.0,27.113,85.761,True,True,1.243
29,2026-09-26 08:15:11+01:00,6.5163789,3.397290327,18.0,20.0,21.0,27.113,85.761,True,True,0.844
29,2026-09-26 08:15:12+01:00,6.516386597,3.397287984,18.0,20.0,21.0,27.113,85.761,True,True,0.894
29,2026-09-26 08:15:13+01:00,6.516395035,3.397285906,18.0,20.0,21.0,27.113,85.761,True,True,0.966
29,2026-09-26 08:15:14+01:00,6.516399838,3.397282828,18.0,20.0,21.0,27.113,85.761,True,True,0.633
29,2026-09-26 08:15:15+01:00,6.516400772,3.397282344,17.0,18.0,19.0,27.113,85.761,True,True,0.117
29,2026-09-26 08:15:16+01:00,6.516397784,3.397282948,18.0,20.0,21.0,27.113,85.761,True,True,0.339
29,2026-09-26 08:15:17+01:00,6.516396766,3.397281808,18.0,20.0,21.0,27.113,85.761,True,True,0.169
29,2026-09-26 08:15:18+01:00,6.516402751,3.397269508,17.0,18.0,19.0,27.113,85.761,True,True,1.513
29,2026-09-26 08:15:19+01:00,6.516398204,3.397270451,17.0,18.0,19.0,27.113,85.761,True,True,0.516
29,2026-09-26 08:15:20+01:00,6.516399056,3.39726741,16.0,17.0,18.0,27.113,85.761,True,True,0.349
29,2026-09-26 08:15:32+01:00,6.516418962,3.397264845,27.0,29.0,39.0,27.113,85.761,True,True,0.186
29,2026-09-26 08:15:33+01:00,6.516421042,3.397265768,24.0,26.0,33.0,27.113,85.761,True,True,0.253
29,2026-09-26 08:15:34+01:00,6.516421042,3.397265768,22.0,24.0,29.0,27.113,85.761,True,True,0.0
29,2026-09-26 08:15:35+01:00,6.516422683,3.397267848,21.0,23.0,27.0,27.113,85.761,True,True,0.293
29,2026-09-26 08:15:36+01:00,6.516422435,3.39726798,21.0,23.0,27.0,27.113,85.761,True,True,0.031
29,2026-09-26 08:15:37+01:00,6.516425244,3.397272368,21.0,23.0,27.0,27.113,85.761,True,True,0.577
29,2026-09-26 08:15:38+01:00,6.51642251,3.397275786,21.0,23.0,27.0,27.113,85.761,True,True,0.485
29,2026-09-26 08:15:39+01:00,6.516424101,3.39727998,21.0,23.0,27.0,27.113,85.761,True,True,0.496
29,2026-09-26 08:15:40+01:00,6.516423007,3.397281382,21.0,23.0,27.0,27.113,85.761,True,True,0.197
29,2026-09-26 08:15:41+01:00,6.516421855,3.397285041,21.0,23.0,27.0,27.113,85.761,True,True,0.424
29,2026-09-26 08:15:42+01:00,6.5164279,3.397283549,20.0,21.0,24.0,27.113,85.761,True,True,0.692
29,2026-09-26 08:15:43+01:00,6.516438433,3.397279896,19.0,21.0,22.0,27.113,85.761,True,True,1.239
29,2026-09-26 08:15:44+01:00,6.516450374,3.397276339,19.0,21.0,22.0,27.113,85.761,True,True,1.385
29,2026-09-26 08:15:45+01:00,6.516459678,3.397274021,19.0,21.0,22.0,27.113,85.761,True,True,1.066
29,2026-09-26 08:15:47+01:00,6.516468122,3.397271631,19.0,21.0,22.0,27.113,85.761,True,True,0.488
29,2026-09-26 08:15:48+01:00,6.516491489,3.397255393,18.0,20.0,21.0,27.113,85.761,True,True,3.157
29,2026-09-26 08:15:49+01:00,6.516496046,3.397251363,18.0,20.0,21.0,27.113,85.761,True,True,0.675
29,2026-09-26 08:15:50+01:00,6.516501049,3.397248206,19.0,21.0,22.0,27.113,85.761,True,True,0.657
29,2026-09-26 08:15:51+01:00,6.51651043,3.397251284,18.0,20.0,21.0,27.113,85.761,True,True,1.097
29,2026-09-26 08:15:53+01:00,6.516526566,3.39724654,18.0,20.0,21.0,27.113,85.761,True,True,0.935
29,2026-09-26 08:15:55+01:00,6.51654704,3.397242657,17.0,18.0,19.0,27.113,85.761,True,True,1.158
29,2026-09-26 08:15:57+01:00,6.516556502,3.397237403,17.0,18.0,19.0,27.113,85.761,True,True,0.601
29,2026-09-26 08:15:58+01:00,6.516572929,3.397231925,16.0,18.0,19.0,27.113,85.761,True,True,1.924
29,2026-09-26 08:16:00+01:00,6.51659771,3.397226408,16.0,17.0,18.0,27.113,85.761,True,True,1.411
29,2026-09-26 08:16:02+01:00,6.516613834,3.397224115,15.0,16.0,17.0,27.113,85.761,True,True,0.905
29,2026-09-26 08:16:04+01:00,6.516635965,3.397218653,16.0,17.0,18.0,27.113,85.761,True,True,1.267
29,2026-09-26 08:16:06+01:00,6.516663698,3.39721179,16.0,17.0,18.0,27.113,85.761,True,True,1.588
29,2026-09-26 08:16:07+01:00,6.516663698,3.39721179,17.0,18.0,19.0,27.113,85.761,True,True,0.0
29,2026-09-26 08:16:08+01:00,6.516680781,3.397205728,17.0,18.0,19.0,27.113,85.761,True,True,2.014
29,2026-09-26 08:16:09+01:00,6.516680781,3.397205728,18.0,20.0,21.0,27.113,85.761,True,True,0.0
29,2026-09-26 08:16:10+01:00,6.516695313,3.397205398,17.0,18.0,19.0,27.113,85.761,True,True,1.616
29,2026-09-26 08:16:11+01:00,6.516704313,3.397200184,17.0,18.0,19.0,27.113,85.761,True,True,1.155
29,2026-09-26 08:16:12+01:00,6.516730203,3.397193722,16.0,17.0,18.0,27.113,85.761,True,True,2.966
29,2026-09-26 08:16:13+01:00,6.516747484,3.397192128,16.0,17.0,18.0,27.113,85.761,True,True,1.93
29,2026-09-26 08:16:14+01:00,6.516747484,3.397192128,17.0,18.0,19.0,27.113,85.761,True,True,0.0
29,2026-09-26 08:16:15+01:00,6.516767143,3.397188021,18.0,20.0,21.0,27.113,85.761,True,True,2.233
29,2026-09-26 08:16:16+01:00,6.516767143,3.397188021,18.0,20.0,21.0,27.113,85.761,True,True,0.0
29,2026-09-26 08:16:17+01:00,6.516793644,3.397185708,18.0,20.0,21.0,27.113,85.761,True,True,2.958
29,2026-09-26 08:16:18+01:00,6.516807938,3.397186693,18.0,20.0,21.0,27.113,85.761,True,True,1.593
29,2026-09-26 08:16:19+01:00,6.516815747,3.397187586,17.0,18.0,19.0,27.113,85.761,True,True,0.874
29,2026-09-26 08:16:20+01:00,6.516822776,3.397191052,17.0,18.0,19.0,27.113,85.761,True,True,0.87
29,2026-09-26 08:16:21+01:00,6.516833998,3.397190771,18.0,20.0,21.0,27.113,85.761,True,True,1.248
29,2026-09-26 08:16:22+01:00,6.516845281,3.397184097,18.0,20.0,21.0,27.113,85.761,True,True,1.455
29,2026-09-26 08:16:23+01:00,6.516859793,3.397181228,18.0,20.0,21.0,27.113,85.761,True,True,1.644
29,2026-09-26 08:16:24+01:00,6.516879442,3.397179388,18.0,20.0,21.0,27.113,85.761,True,True,2.194
29,2026-09-26 08:16:25+01:00,6.51689004,3.397181833,18.0,20.0,21.0,27.113,85.761,True,True,1.209
29,2026-09-26 08:16:26+01:00,6.51690114,3.397182839,18.0,20.0,21.0,27.113,85.761,True,True,1.239
29,2026-09-26 08:16:27+01:00,6.516901423,3.397188218,18.0,20.0,21.0,27.113,85.761,True,True,0.595
29,2026-09-26 08:16:28+01:00,6.516915887,3.397182775,18.0,20.0,21.0,27.113,85.761,True,True,1.717
29,2026-09-26 08:16:29+01:00,6.516935029,3.397176685,18.0,20.0,21.0,27.113,85.761,True,True,2.232
29,2026-09-26 08:16:30+01:00,6.516939264,3.397172972,18.0,20.0,21.0,27.113,85.761,True,True,0.625
29,2026-09-26 08:16:31+01:00,6.516953932,3.397173852,18.0,20.0,21.0,27.113,85.761,True,True,1.634
29,2026-09-26 08:16:32+01:00,6.516973009,3.397174702,18.0,20.0,21.0,27.113,85.761,True,True,2.123
29,2026-09-26 08:16:33+01:00,6.516980005,3.397173305,17.0,18.0,19.0,27.113,85.761,True,True,0.793
29,2026-09-26 08:16:34+01:00,6.516981785,3.397170294,17.0,18.0,19.0,27.113,85.761,True,True,0.387
29,2026-09-26 08:16:35+01:00,6.516992423,3.397169356,17.0,18.0,19.0,27.113,85.761,True,True,1.187
29,2026-09-26 08:16:36+01:00,6.517006767,3.397168864,18.0,20.0,21.0,27.113,85.761,True,True,1.596
29,2026-09-26 08:16:37+01:00,6.51702301,3.397167607,18.0,20.0,21.0,27.113,85.761,True,True,1.811
29,2026-09-26 08:16:38+01:00,6.517034433,3.397167325,17.0,18.0,19.0,27.113,85.761,True,True,1.271
29,2026-09-26 08:16:39+01:00,6.51704716,3.397165336,16.0,17.0,18.0,27.113,85.761,True,True,1.432
29,2026-09-26 08:16:40+01:00,6.517060974,3.397165194,15.0,16.0,17.0,27.113,85.761,True,True,1.536
29,2026-09-26 08:16:41+01:00,6.517071686,3.397164481,15.0,16.0,17.0,27.113,85.761,True,True,1.194
29,2026-09-26 08:16:42+01:00,6.517082669,3.397164878,15.0,17.0,18.0,27.113,85.761,True,True,1.222
29,2026-09-26 08:16:43+01:00,6.51709433,3.397161493,16.0,17.0,18.0,27.113,85.761,True,True,1.349
29,2026-09-26 08:16:44+01:00,6.517105813,3.397158838,16.0,17.0,18.0,27.113,85.761,True,True,1.31
29,2026-09-26 08:16:45+01:00,6.517112677,3.397158677,17.0,18.0,19.0,27.113,85.761,True,True,0.763
29,2026-09-26 08:16:46+01:00,6.517124036,3.39715928,17.0,18.0,19.0,27.113,85.761,True,True,1.265
29,2026-09-26 08:16:47+01:00,6.517135191,3.397157045,16.0,17.0,18.0,27.113,85.761,True,True,1.265
29,2026-09-26 08:16:48+01:00,6.517144535,3.397154987,15.0,16.0,17.0,27.113,85.761,True,True,1.064
29,2026-09-26 08:16:49+01:00,6.517156978,3.397157057,15.0,16.0,17.0,27.113,85.761,True,True,1.402
29,2026-09-26 08:16:50+01:00,6.517163717,3.39715918,15.0,17.0,18.0,27.113,85.761,True,True,0.785
29,2026-09-26 08:16:51+01:00,6.517174032,3.397155322,16.0,17.0,18.0,27.113,85.761,True,True,1.224
29,2026-09-26 08:16:52+01:00,6.517184066,3.397150657,17.0,18.0,19.0,27.113,85.761,True,True,1.229
29,2026-09-26 08:16:53+01:00,6.517192949,3.39714998,17.0,18.0,19.0,27.113,85.761,True,True,0.991
29,2026-09-26 08:16:54+01:00,6.517198867,3.397150268,16.0,17.0,18.0,27.113,85.761,True,True,0.659
29,2026-09-26 08:16:55+01:00,6.517215226,3.397150558,16.0,17.0,18.0,27.113,85.761,True,True,1.819
29,2026-09-26 08:16:56+01:00,6.517223035,3.397151935,16.0,17.0,18.0,27.113,85.761,True,True,0.882
29,2026-09-26 08:16:57+01:00,6.517231842,3.397151441,16.0,17.0,18.0,27.113,85.761,True,True,0.981
29,2026-09-26 08:16:58+01:00,6.517244014,3.397152364,16.0,17.0,18.0,27.113,85.761,True,True,1.357
29,2026-09-26 08:16:59+01:00,6.517260273,3.39715485,17.0,19.0,20.0,27.113,85.761,True,True,1.829
29,2026-09-26 08:17:00+01:00,6.51727234,3.397156292,18.0,20.0,21.0,27.113,85.761,True,True,1.351
29,2026-09-26 08:17:01+01:00,6.517287317,3.397156727,17.0,18.0,19.0,27.113,85.761,True,True,1.666
29,2026-09-26 08:17:02+01:00,6.517298812,3.397156982,17.0,18.0,19.0,27.113,85.761,True,True,1.278
29,2026-09-26 08:17:03+01:00,6.517309245,3.397158908,17.0,18.0,19.0,27.113,85.761,True,True,1.179
29,2026-09-26 08:17:04+01:00,6.517316713,3.397155311,17.0,18.0,19.0,27.113,85.761,True,True,0.921
29,2026-09-26 08:17:05+01:00,6.517327322,3.397152172,17.0,18.0,19.0,27.113,85.761,True,True,1.23
29,2026-09-26 08:17:06+01:00,6.517338438,3.397151494,17.0,19.0,20.0,27.113,85.761,True,True,1.238
29,2026-09-26 08:17:07+01:00,6.517356937,3.397146011,17.0,18.0,19.0,27.113,85.761,True,True,2.144
29,2026-09-26 08:17:08+01:00,6.517368763,3.397146865,18.0,20.0,21.0,27.113,85.761,True,True,1.318
29,2026-09-26 08:17:09+01:00,6.517381513,3.39713716,17.0,18.0,19.0,27.113,85.761,True,True,1.778
29,2026-09-26 08:17:10+01:00,6.51739186,3.397132928,18.0,20.0,21.0,27.113,85.761,True,True,1.242
29,2026-09-26 08:17:11+01:00,6.517406704,3.397134579,18.0,20.0,21.0,27.113,85.761,True,True,1.661
29,2026-09-26 08:17:12+01:00,6.517417096,3.397136762,19.0,21.0,22.0,27.113,85.761,True,True,1.18
29,2026-09-26 08:17:13+01:00,6.517432486,3.397138955,19.0,21.0,22.0,27.113,85.761,True,True,1.728
29,2026-09-26 08:17:14+01:00,6.517441385,3.397140711,19.0,21.0,22.0,27.113,85.761,True,True,1.008
29,2026-09-26 08:17:15+01:00,6.517451779,3.397140046,19.0,21.0,22.0,27.113,85.761,True,True,1.158
29,2026-09-26 08:17:16+01:00,6.51746484,3.397143739,19.0,21.0,22.0,27.113,85.761,True,True,1.509
29,2026-09-26 08:17:17+01:00,6.517474655,3.397145092,18.0,20.0,21.0,27.113,85.761,True,True,1.102
29,2026-09-26 08:17:18+01:00,6.517490992,3.397142868,18.0,20.0,21.0,27.113,85.761,True,True,1.833
29,2026-09-26 08:17:19+01:00,6.517506989,3.39714256,18.0,20.0,21.0,27.113,85.761,True,True,1.779
29,2026-09-26 08:17:20+01:00,6.517522055,3.397145798,17.0,19.0,20.0,27.113,85.761,True,True,1.713
29,2026-09-26 08:17:21+01:00,6.517529177,3.397145756,17.0,18.0,19.0,27.113,85.761,True,True,0.792
29,2026-09-26 08:17:22+01:00,6.517540606,3.397147609,17.0,18.0,19.0,27.113,85.761,True,True,1.287
29,2026-09-26 08:17:23+01:00,6.517552969,3.39714703,17.0,18.0,19.0,27.113,85.761,True,True,1.376
29,2026-09-26 08:17:24+01:00,6.51756713,3.397145367,19.0,21.0,22.0,27.113,85.761,True,True,1.585
29,2026-09-26 08:17:25+01:00,6.517577389,3.397147226,19.0,21.0,22.0,27.113,85.761,True,True,1.159
29,2026-09-26 08:17:26+01:00,6.517586936,3.39715166,19.0,21.0,22.0,27.113,85.761,True,True,1.169
29,2026-09-26 08:17:27+01:00,6.517598759,3.397152715,18.0,20.0,21.0,27.113,85.761,True,True,1.32
29,2026-09-26 08:17:28+01:00,6.517623733,3.397148507,17.0,18.0,19.0,27.113,85.761,True,True,2.816
29,2026-09-26 08:17:29+01:00,6.517631692,3.397154607,16.0,17.0,18.0,27.113,85.761,True,True,1.112
29,2026-09-26 08:17:30+01:00,6.517640951,3.397158715,16.0,17.0,18.0,27.113,85.761,True,True,1.125
29,2026-09-26 08:17:31+01:00,6.517651216,3.397157991,16.0,17.0,18.0,27.113,85.761,True,True,1.144
29,2026-09-26 08:17:32+01:00,6.517657582,3.397160524,16.0,17.0,18.0,27.113,85.203,True,True,0.761
29,2026-09-26 08:17:33+01:00,6.517672961,3.397160308,17.0,18.0,19.0,27.113,85.203,True,True,1.71
29,2026-09-26 08:17:34+01:00,6.517686496,3.397161449,17.0,18.0,19.0,27.113,85.203,True,True,1.51
29,2026-09-26 08:17:35+01:00,6.517700441,3.397165933,16.0,17.0,18.0,27.113,85.203,True,True,1.628
29,2026-09-26 08:17:36+01:00,6.517714447,3.39717001,17.0,18.0,19.0,27.113,85.203,True,True,1.621
29,2026-09-26 08:17:37+01:00,6.517724968,3.397171676,17.0,18.0,19.0,27.113,85.203,True,True,1.184
29,2026-09-26 08:17:38+01:00,6.517741589,3.397174527,16.0,17.0,18.0,27.113,85.203,True,True,1.875
29,2026-09-26 08:17:39+01:00,6.517752157,3.397177725,16.0,17.0,18.0,27.113,85.203,True,True,1.227
29,2026-09-26 08:17:40+01:00,6.517767232,3.397177749,16.0,17.0,18.0,27.113,85.203,True,True,1.676
29,2026-09-26 08:17:41+01:00,6.517783497,3.397178472,16.0,18.0,19.0,27.113,85.203,True,True,1.81
29,2026-09-26 08:17:42+01:00,6.51779566,3.397178547,17.0,18.0,19.0,27.113,85.203,True,True,1.352
29,2026-09-26 08:17:43+01:00,6.517812182,3.397174906,17.0,18.0,19.0,27.113,85.203,True,True,1.881
29,2026-09-26 08:17:44+01:00,6.517821771,3.397177388,16.0,17.0,18.0,27.113,85.203,True,True,1.101
29,2026-09-26 08:17:45+01:00,6.51783331,3.39717752,17.0,18.0,19.0,27.113,85.203,True,True,1.283
29,2026-09-26 08:17:46+01:00,6.517841511,3.397178905,17.0,18.0,19.0,27.113,85.203,True,True,0.925
29,2026-09-26 08:17:47+01:00,6.517854151,3.397181005,18.0,20.0,21.0,27.113,85.203,True,True,1.425
29,2026-09-26 08:17:48+01:00,6.517865852,3.397182322,18.0,20.0,21.0,27.113,85.203,True,True,1.309
29,2026-09-26 08:17:49+01:00,6.517873297,3.397184403,18.0,20.0,21.0,27.113,85.203,True,True,0.859
29,2026-09-26 08:17:50+01:00,6.517889109,3.397184922,19.0,21.0,22.0,27.113,85.203,True,True,1.759
29,2026-09-26 08:17:51+01:00,6.517903078,3.397185647,19.0,21.0,22.0,27.113,85.203,True,True,1.555
29,2026-09-26 08:17:52+01:00,6.517912196,3.397181134,19.0,21.0,22.0,27.113,85.203,True,True,1.13
29,2026-09-26 08:17:53+01:00,6.517914748,3.397174527,19.0,21.0,22.0,27.113,85.203,True,True,0.783
29,2026-09-26 08:17:54+01:00,6.517927314,3.39717057,18.0,20.0,21.0,27.113,85.203,True,True,1.464
29,2026-09-26 08:17:55+01:00,6.517939293,3.397173956,18.0,20.0,21.0,27.113,85.203,True,True,1.384
29,2026-09-26 08:17:56+01:00,6.517952114,3.397175843,19.0,21.0,22.0,27.113,85.203,True,True,1.441
29,2026-09-26 08:17:57+01:00,6.517965686,3.397177135,19.0,21.0,22.0,27.113,85.203,True,True,1.516
29,2026-09-26 08:17:58+01:00,6.517978864,3.397176038,19.0,21.0,22.0,27.113,85.203,True,True,1.47
29,2026-09-26 08:17:59+01:00,6.517983749,3.397171868,18.0,20.0,21.0,27.113,85.203,True,True,0.712
29,2026-09-26 08:18:00+01:00,6.517991223,3.397174684,18.0,20.0,21.0,27.113,85.203,True,True,0.887
29,2026-09-26 08:18:01+01:00,6.518005971,3.397174244,18.0,20.0,21.0,27.113,85.203,True,True,1.641
29,2026-09-26 08:18:02+01:00,6.518017356,3.397172859,19.0,21.0,22.0,27.113,85.203,True,True,1.275
29,2026-09-26 08:18:03+01:00,6.518030017,3.397171726,19.0,21.0,22.0,27.113,85.203,True,True,1.413
29,2026-09-26 08:18:04+01:00,6.518045404,3.397172868,18.0,20.0,21.0,27.113,85.203,True,True,1.716
29,2026-09-26 08:18:05+01:00,6.518058944,3.397170499,18.0,20.0,21.0,27.113,85.203,True,True,1.528
29,2026-09-26 08:18:06+01:00,6.518073499,3.39716998,18.0,20.0,21.0,27.113,85.203,True,True,1.619
29,2026-09-26 08:18:07+01:00,6.518081964,3.397173088,18.0,20.0,21.0,27.113,85.203,True,True,1.002
29,2026-09-26 08:18:08+01:00,6.518100045,3.397176347,18.0,20.0,21.0,27.113,85.203,True,True,2.042
29,2026-09-26 08:18:09+01:00,6.518117337,3.397179468,17.0,18.0,19.0,27.113,85.203,True,True,1.953
29,2026-09-26 08:18:10+01:00,6.518125719,3.397176795,17.0,18.0,19.0,27.113,85.203,True,True,0.978
29,2026-09-26 08:18:11+01:00,6.51814163,3.397178213,15.0,16.0,17.0,27.113,85.203,True,True,1.776
29,2026-09-26 08:18:12+01:00,6.518156167,3.397175022,15.0,16.0,17.0,27.113,85.203,True,True,1.654
29,2026-09-26 08:18:13+01:00,6.518168924,3.397172144,15.0,16.0,17.0,27.113,85.203,True,True,1.454
29,2026-09-26 08:18:14+01:00,6.518179737,3.397172944,16.0,17.0,18.0,27.113,85.203,True,True,1.206
29,2026-09-26 08:18:15+01:00,6.51818742,3.397166502,16.0,17.0,18.0,27.113,85.203,True,True,1.112
29,2026-09-26 08:18:16+01:00,6.518201309,3.397169395,16.0,17.0,18.0,27.113,85.203,True,True,1.577
29,2026-09-26 08:18:17+01:00,6.518209695,3.397175179,15.0,16.0,17.0,27.113,85.203,True,True,1.13
29,2026-09-26 08:18:18+01:00,6.518225666,3.397167592,16.0,17.0,18.0,27.113,85.203,True,True,1.964
29,2026-09-26 08:18:19+01:00,6.518241245,3.397165076,15.0,16.0,17.0,27.113,85.203,True,True,1.754
29,2026-09-26 08:18:20+01:00,6.518250959,3.397163867,15.0,16.0,17.0,27.113,85.203,True,True,1.088
29,2026-09-26 08:18:21+01:00,6.518263366,3.39716396,15.0,16.0,17.0,27.113,85.203,True,True,1.38
29,2026-09-26 08:18:22+01:00,6.518278682,3.397160235,15.0,16.0,17.0,27.113,85.203,True,True,1.752
29,2026-09-26 08:18:23+01:00,6.518298206,3.397151727,16.0,17.0,18.0,27.113,85.203,True,True,2.366
29,2026-09-26 08:18:24+01:00,6.518304936,3.397146739,16.0,17.0,18.0,27.113,85.203,True,True,0.929
29,2026-09-26 08:18:25+01:00,6.51831799,3.397141018,16.0,17.0,18.0,27.113,85.203,True,True,1.583
29,2026-09-26 08:18:26+01:00,6.518328664,3.397139994,14.0,15.0,16.0,27.113,85.203,True,True,1.192
29,2026-09-26 08:18:27+01:00,6.518337295,3.39713424,15.0,16.0,17.0,27.113,85.203,True,True,1.151
29,2026-09-26 08:18:28+01:00,6.518343821,3.397133685,15.0,16.0,17.0,27.113,85.203,True,True,0.728
29,2026-09-26 08:18:29+01:00,6.518352276,3.397127507,17.0,18.0,19.0,27.113,85.203,True,True,1.162
29,2026-09-26 08:18:30+01:00,6.518362828,3.397121889,17.0,18.0,19.0,27.113,85.203,True,True,1.327
29,2026-09-26 08:18:31+01:00,6.518377428,3.39711628,16.0,17.0,18.0,27.113,85.203,True,True,1.738
29,2026-09-26 08:18:32+01:00,6.518387924,3.397112012,15.0,16.0,17.0,27.113,85.203,True,True,1.259
29,2026-09-26 08:18:33+01:00,6.518402258,3.397104725,15.0,16.0,17.0,27.113,85.203,True,True,1.786
29,2026-09-26 08:18:34+01:00,6.51841223,3.3971013,16.0,17.0,18.0,27.113,85.203,True,True,1.172
29,2026-09-26 08:18:35+01:00,6.518425629,3.397096354,16.0,17.0,18.0,27.113,85.203,True,True,1.587
29,2026-09-26 08:18:36+01:00,6.518440721,3.39709768,16.0,17.0,18.0,27.113,85.203,True,True,1.685
29,2026-09-26 08:18:37+01:00,6.518448115,3.397092493,16.0,17.0,18.0,27.113,85.203,True,True,1.002
29,2026-09-26 08:18:38+01:00,6.518457191,3.397089578,16.0,17.0,18.0,27.113,85.203,True,True,1.059
29,2026-09-26 08:18:39+01:00,6.518467503,3.397093574,16.0,17.0,18.0,27.113,85.203,True,True,1.229
29,2026-09-26 08:18:40+01:00,6.518480212,3.397085848,16.0,17.0,18.0,27.113,85.203,True,True,1.651
29,2026-09-26 08:18:41+01:00,6.518487324,3.397079487,15.0,17.0,18.0,27.113,85.203,True,True,1.058
29,2026-09-26 08:18:42+01:00,6.518500365,3.397070042,16.0,17.0,18.0,27.113,85.203,True,True,1.786
29,2026-09-26 08:18:43+01:00,6.518502883,3.397064058,16.0,17.0,18.0,27.113,85.203,True,True,0.718
29,2026-09-26 08:18:44+01:00,6.518510154,3.39705812,17.0,18.0,19.0,27.113,85.203,True,True,1.041
29,2026-09-26 08:18:45+01:00,6.518518213,3.397054587,16.0,17.0,18.0,27.113,85.203,True,True,0.977
29,2026-09-26 08:18:46+01:00,6.51852211,3.39705487,16.0,17.0,18.0,27.113,85.203,True,True,0.434
29,2026-09-26 08:18:47+01:00,6.518545292,3.397062805,14.0,15.0,16.0,27.113,85.203,True,True,2.723
29,2026-09-26 08:18:48+01:00,6.518558808,3.397067621,14.0,15.0,16.0,27.113,85.203,True,True,1.594
29,2026-09-26 08:18:49+01:00,6.518575349,3.397057347,16.0,17.0,18.0,27.113,85.203,True,True,2.161
29,2026-09-26 08:18:50+01:00,6.518575662,3.397054692,16.0,17.0,18.0,27.113,85.203,True,True,0.295
29,2026-09-26 08:18:51+01:00,6.518587027,3.397046418,16.0,17.0,18.0,27.113,85.203,True,True,1.56
29,2026-09-26 08:18:52+01:00,6.518599105,3.397028437,17.0,18.0,19.0,27.113,85.203,True,True,2.398
29,2026-09-26 08:18:53+01:00,6.518609837,3.397016567,17.0,18.0,19.0,27.113,85.203,True,True,1.773
29,2026-09-26 08:18:54+01:00,6.518621174,3.397001021,17.0,18.0,19.0,27.113,85.203,True,True,2.13
29,2026-09-26 08:18:55+01:00,6.518628673,3.396993063,17.0,18.0,19.0,27.113,85.203,True,True,1.212
29,2026-09-26 08:18:56+01:00,6.518632459,3.396986146,17.0,18.0,19.0,27.113,85.203,True,True,0.872
29,2026-09-26 08:18:57+01:00,6.518640628,3.396976283,17.0,18.0,19.0,27.113,85.203,True,True,1.419
29,2026-09-26 08:18:58+01:00,6.518652841,3.396968931,16.0,17.0,18.0,27.113,85.203,True,True,1.582
29,2026-09-26 08:18:59+01:00,6.518665133,3.396965804,17.0,18.0,19.0,27.113,85.203,True,True,1.41
29,2026-09-26 08:19:00+01:00,6.518673848,3.396960061,16.0,17.0,18.0,27.113,85.203,True,True,1.158
29,2026-09-26 08:19:01+01:00,6.518681223,3.396952947,15.0,16.0,17.0,27.113,85.203,True,True,1.136
29,2026-09-26 08:19:02+01:00,6.518688103,3.396943172,15.0,16.0,17.0,27.113,85.203,True,True,1.323
29,2026-09-26 08:19:03+01:00,6.518697503,3.396935743,15.0,16.0,17.0,27.113,85.203,True,True,1.329
29,2026-09-26 08:19:04+01:00,6.518703293,3.396932877,15.0,16.0,17.0,27.113,85.203,True,True,0.717
29,2026-09-26 08:19:05+01:00,6.51871529,3.396923766,17.0,18.0,19.0,27.113,85.203,True,True,1.671
29,2026-09-26 08:19:06+01:00,6.518723475,3.396918149,16.0,17.0,18.0,27.113,85.203,True,True,1.102
29,2026-09-26 08:19:07+01:00,6.518731967,3.396912321,16.0,17.0,18.0,27.113,85.203,True,True,1.143
29,2026-09-26 08:19:08+01:00,6.518740895,3.396905569,16.0,17.0,18.0,27.113,85.203,True,True,1.242
29,2026-09-26 08:19:09+01:00,6.518746808,3.396903234,16.0,17.0,18.0,27.113,85.203,True,True,0.706
29,2026-09-26 08:19:10+01:00,6.518753768,3.39689518,16.0,17.0,18.0,27.113,85.203,True,True,1.179
29,2026-09-26 08:19:11+01:00,6.518763861,3.396887071,16.0,17.0,18.0,27.113,85.203,True,True,1.436
29,2026-09-26 08:19:12+01:00,6.518761324,3.396881362,16.0,17.0,18.0,27.113,85.203,True,True,0.691
29,2026-09-26 08:19:13+01:00,6.518755635,3.39687147,16.0,17.0,18.0,27.113,85.203,True,True,1.263
29,2026-09-26 08:19:14+01:00,6.518750135,3.396856217,16.0,17.0,18.0,27.113,85.203,True,True,1.793
29,2026-09-26 08:19:15+01:00,6.518744835,3.396850808,15.0,16.0,17.0,27.113,85.203,True,True,0.839
29,2026-09-26 08:19:16+01:00,6.51874276,3.39684414,15.0,16.0,17.0,27.113,85.203,True,True,0.772
29,2026-09-26 08:19:17+01:00,6.518734933,3.396826583,16.0,17.0,18.0,27.113,85.203,True,True,2.126
29,2026-09-26 08:19:18+01:00,6.518732629,3.396817349,16.0,17.0,18.0,27.113,85.203,True,True,1.052
29,2026-09-26 08:19:19+01:00,6.518729951,3.396809749,14.0,16.0,16.0,27.113,85.203,True,True,0.891
29,2026-09-26 08:19:20+01:00,6.518727114,3.396802371,16.0,17.0,18.0,27.113,85.203,True,True,0.874
29,2026-09-26 08:19:22+01:00,6.518718014,3.396778297,16.0,17.0,18.0,27.113,85.203,True,True,1.423
29,2026-09-26 08:19:24+01:00,6.518714155,3.396769495,15.0,16.0,17.0,27.113,85.203,True,True,0.531
29,2026-09-26 08:19:26+01:00,6.518709072,3.396746425,16.0,17.0,18.0,27.113,85.203,True,True,1.305
29,2026-09-26 08:19:28+01:00,6.518705302,3.39673028,17.0,18.0,19.0,27.113,85.203,True,True,0.916
29,2026-09-26 08:19:29+01:00,6.51870468,3.396717151,17.0,18.0,19.0,27.113,85.203,True,True,1.452
29,2026-09-26 08:19:31+01:00,6.518703753,3.396698506,17.0,18.0,19.0,27.113,85.203,True,True,1.031
29,2026-09-26 08:19:33+01:00,6.518683282,3.396668761,17.0,18.0,19.0,27.113,85.203,True,True,1.999
29,2026-09-26 08:19:34+01:00,6.518683282,3.396668761,19.0,21.0,22.0,27.113,85.203,True,True,0.0
29,2026-09-26 08:19:35+01:00,6.518674921,3.396648333,18.0,20.0,21.0,27.113,85.203,True,True,2.441
29,2026-09-26 08:19:36+01:00,6.518674921,3.396648333,18.0,20.0,21.0,27.113,85.203,True,True,0.0
29,2026-09-26 08:19:37+01:00,6.518666036,3.396632028,18.0,20.0,21.0,27.113,85.203,True,True,2.054
29,2026-09-26 08:19:38+01:00,6.518661207,3.396623597,18.0,20.0,21.0,27.113,85.203,True,True,1.075
29,2026-09-26 08:19:39+01:00,6.518656756,3.396612453,19.0,21.0,22.0,27.113,85.203,True,True,1.327
29,2026-09-26 08:19:40+01:00,6.518653935,3.396603227,19.0,21.0,22.0,27.113,85.203,True,True,1.066
29,2026-09-26 08:19:41+01:00,6.518651857,3.396595681,20.0,22.0,25.0,27.113,85.203,True,True,0.865
29,2026-09-26 08:19:42+01:00,6.518647667,3.396583478,19.0,21.0,22.0,27.113,85.203,True,True,1.426
29,2026-09-26 08:19:43+01:00,6.518648705,3.396577205,18.0,20.0,21.0,27.113,85.203,True,True,0.703
29,2026-09-26 08:19:44+01:00,6.518649681,3.396568693,18.0,20.0,21.0,27.113,85.203,True,True,0.947
29,2026-09-26 08:19:45+01:00,6.518645512,3.396556296,18.0,20.0,21.0,27.113,85.203,True,True,1.446
29,2026-09-26 08:19:46+01:00,6.518638392,3.396547342,18.0,20.0,21.0,27.113,85.203,True,True,1.267
29,2026-09-26 08:19:47+01:00,6.518629727,3.396536496,16.0,17.0,18.0,27.113,85.203,True,True,1.538
29,2026-09-26 08:19:48+01:00,6.518632588,3.396529719,16.0,17.0,18.0,27.113,85.203,True,True,0.813
29,2026-09-26 08:19:49+01:00,6.518629619,3.396515418,15.0,16.0,17.0,27.113,85.203,True,True,1.614
29,2026-09-26 08:19:50+01:00,6.518625851,3.39650403,15.0,16.0,17.0,27.113,85.203,True,True,1.326
29,2026-09-26 08:19:51+01:00,6.518621324,3.396496022,16.0,17.0,18.0,27.113,85.203,True,True,1.018
29,2026-09-26 08:19:52+01:00,6.518615883,3.396482492,18.0,20.0,21.0,27.113,85.203,True,True,1.613
29,2026-09-26 08:19:53+01:00,6.51860979,3.396468488,18.0,20.0,21.0,27.113,85.203,True,True,1.689
29,2026-09-26 08:19:54+01:00,6.518603385,3.396460627,18.0,20.0,21.0,27.113,85.203,True,True,1.123
29,2026-09-26 08:19:55+01:00,6.518596311,3.39645157,17.0,18.0,19.0,27.113,85.203,True,True,1.273
29,2026-09-26 08:19:56+01:00,6.518593972,3.396442724,18.0,20.0,21.0,27.113,85.203,True,True,1.011
29,2026-09-26 08:19:57+01:00,6.518586792,3.396428232,18.0,20.0,21.0,27.113,85.203,True,True,1.789
29,2026-09-26 08:19:58+01:00,6.518582734,3.396414499,18.0,20.0,21.0,27.113,85.203,True,True,1.583
29,2026-09-26 08:19:59+01:00,6.518583177,3.396402499,18.0,20.0,21.0,27.113,85.203,True,True,1.327
29,2026-09-26 08:20:00+01:00,6.5185807,3.396393362,18.0,20.0,21.0,27.113,85.203,True,True,1.046
29,2026-09-26 08:20:01+01:00,6.518575172,3.396382732,18.0,20.0,21.0,27.113,85.203,True,True,1.326
29,2026-09-26 08:20:02+01:00,6.51857216,3.396371653,17.0,18.0,19.0,27.113,85.203,True,True,1.269
29,2026-09-26 08:20:03+01:00,6.518569492,3.396357669,17.0,18.0,19.0,27.113,85.203,True,True,1.573
29,2026-09-26 08:20:04+01:00,6.518565257,3.396349417,17.0,18.0,19.0,27.113,85.203,True,True,1.026
29,2026-09-26 08:20:05+01:00,6.518566727,3.396343853,18.0,20.0,21.0,27.113,85.203,True,True,0.636
29,2026-09-26 08:20:06+01:00,6.518561233,3.396332889,18.0,20.0,21.0,27.113,85.203,True,True,1.357
29,2026-09-26 08:20:07+01:00,6.518556793,3.396320565,17.0,18.0,19.0,27.113,85.203,True,True,1.448
29,2026-09-26 08:20:08+01:00,6.518554016,3.396306171,17.0,18.0,19.0,27.113,85.203,True,True,1.62
29,2026-09-26 08:20:09+01:00,6.518552672,3.396297278,16.0,17.0,18.0,27.113,85.203,True,True,0.994
29,2026-09-26 08:20:10+01:00,6.518550162,3.39628593,16.0,17.0,18.0,27.113,85.203,True,True,1.284
29,2026-09-26 08:20:11+01:00,6.518549533,3.396272929,17.0,18.0,19.0,27.113,85.203,True,True,1.438
29,2026-09-26 08:20:12+01:00,6.518548937,3.396264987,17.0,18.0,19.0,27.113,85.203,True,True,0.88
29,2026-09-26 08:20:13+01:00,6.518546347,3.396252511,17.0,18.0,19.0,27.113,85.203,True,True,1.408
29,2026-09-26 08:20:14+01:00,6.518547773,3.396241504,17.0,18.0,19.0,27.113,85.203,True,True,1.226
29,2026-09-26 08:20:15+01:00,6.51854731,3.396229167,17.0,18.0,19.0,27.113,85.203,True,True,1.364
29,2026-09-26 08:20:16+01:00,6.518545142,3.396219074,18.0,20.0,21.0,27.113,85.203,True,True,1.141
29,2026-09-26 08:20:17+01:00,6.518541691,3.396208838,17.0,18.0,19.0,27.113,85.203,True,True,1.194
29,2026-09-26 08:20:18+01:00,6.518535576,3.396194698,17.0,18.0,19.0,27.113,85.203,True,True,1.704
29,2026-09-26 08:20:19+01:00,6.518532069,3.396183361,18.0,20.0,21.0,27.113,85.203,True,True,1.312
29,2026-09-26 08:20:20+01:00,6.51853136,3.396174366,16.0,17.0,18.0,27.113,85.203,True,True,0.997
29,2026-09-26 08:20:21+01:00,6.518529953,3.396162969,16.0,17.0,18.0,27.113,85.203,True,True,1.269
29,2026-09-26 08:20:22+01:00,6.518524459,3.396147987,16.0,17.0,18.0,27.113,85.203,True,True,1.764
29,2026-09-26 08:20:23+01:00,6.518520005,3.396137089,16.0,17.0,18.0,27.113,85.203,True,True,1.302
29,2026-09-26 08:20:24+01:00,6.51851731,3.396123045,16.0,17.0,18.0,27.113,85.203,True,True,1.58
29,2026-09-26 08:20:25+01:00,6.518513534,3.396111546,18.0,20.0,21.0,27.113,85.203,True,True,1.338
29,2026-09-26 08:20:26+01:00,6.518514088,3.396099818,18.0,20.0,21.0,27.113,85.203,True,True,1.297
29,2026-09-26 08:20:27+01:00,6.518514279,3.396088526,17.0,18.0,19.0,27.113,85.203,True,True,1.248
29,2026-09-26 08:20:28+01:00,6.518507735,3.396078923,17.0,18.0,19.0,27.113,85.203,True,True,1.286
29,2026-09-26 08:20:29+01:00,6.518501946,3.396066119,16.0,17.0,18.0,27.113,85.203,True,True,1.554
29,2026-09-26 08:20:30+01:00,6.518498124,3.396053897,17.0,18.0,19.0,27.113,85.203,True,True,1.416
29,2026-09-26 08:20:31+01:00,6.518498025,3.396040126,18.0,20.0,21.0,27.113,85.203,True,True,1.521
29,2026-09-26 08:20:32+01:00,6.518500098,3.396031407,18.0,20.0,21.0,27.113,85.203,True,True,0.99
29,2026-09-26 08:20:33+01:00,6.518499327,3.396018743,18.0,20.0,21.0,27.113,85.203,True,True,1.402
29,2026-09-26 08:20:34+01:00,6.518499178,3.396004641,18.0,20.0,21.0,27.113,85.203,True,True,1.558
29,2026-09-26 08:20:35+01:00,6.518496417,3.395990368,18.0,20.0,21.0,27.113,85.203,True,True,1.606
29,2026-09-26 08:20:36+01:00,6.518494509,3.395975733,17.0,18.0,19.0,27.113,85.203,True,True,1.631
29,2026-09-26 08:20:37+01:00,6.518492386,3.395963903,17.0,18.0,19.0,27.113,85.203,True,True,1.328
29,2026-09-26 08:20:38+01:00,6.51849092,3.39594987,17.0,18.0,19.0,27.113,85.203,True,True,1.559
29,2026-09-26 08:20:39+01:00,6.518486912,3.395939895,17.0,18.0,19.0,27.113,85.203,True,True,1.189
29,2026-09-26 08:20:40+01:00,6.5184859,3.395926397,17.0,18.0,19.0,27.113,85.203,True,True,1.495
29,2026-09-26 08:20:41+01:00,6.518485337,3.395915309,17.0,18.0,19.0,27.113,85.203,True,True,1.227
29,2026-09-26 08:20:42+01:00,6.518482903,3.3959028,17.0,18.0,19.0,27.113,85.203,True,True,1.408
29,2026-09-26 08:20:43+01:00,6.518483585,3.395890011,16.0,17.0,18.0,27.113,85.203,True,True,1.415
29,2026-09-26 08:20:44+01:00,6.518483136,3.395874961,16.0,17.0,18.0,27.113,85.203,True,True,1.663
29,2026-09-26 08:20:45+01:00,6.518483287,3.395862647,16.0,17.0,18.0,27.113,85.203,True,True,1.361
29,2026-09-26 08:20:46+01:00,6.518480523,3.395849514,17.0,18.0,19.0,27.113,85.203,True,True,1.483
29,2026-09-26 08:20:47+01:00,6.518482461,3.395836726,17.0,18.0,19.0,27.113,85.203,True,True,1.429
29,2026-09-26 08:20:48+01:00,6.518484354,3.395822816,17.0,18.0,19.0,27.113,85.203,True,True,1.551
29,2026-09-26 08:20:49+01:00,6.518485251,3.395812953,17.0,18.0,19.0,27.113,85.203,True,True,1.094
29,2026-09-26 08:20:50+01:00,6.51848422,3.395800583,17.0,18.0,19.0,27.113,85.203,True,True,1.371
29,2026-09-26 08:20:51+01:00,6.518483574,3.395785393,17.0,19.0,20.0,27.113,85.203,True,True,1.68
29,2026-09-26 08:20:52+01:00,6.518479849,3.395771091,17.0,18.0,19.0,27.113,85.203,True,True,1.633
29,2026-09-26 08:20:53+01:00,6.518479671,3.395758107,17.0,18.0,19.0,27.113,85.203,True,True,1.435
29,2026-09-26 08:20:54+01:00,6.5184814,3.395750043,17.0,18.0,19.0,27.113,85.203,True,True,0.911
29,2026-09-26 08:20:55+01:00,6.518481058,3.39573872,19.0,21.0,22.0,27.113,85.203,True,True,1.251
29,2026-09-26 08:20:56+01:00,6.518480038,3.395726728,19.0,21.0,22.0,27.113,85.203,True,True,1.33
29,2026-09-26 08:20:57+01:00,6.518479917,3.395717142,19.0,21.0,22.0,27.113,85.203,True,True,1.059
29,2026-09-26 08:20:58+01:00,6.518480589,3.395703317,19.0,21.0,22.0,27.113,85.203,True,True,1.529
29,2026-09-26 08:20:59+01:00,6.51848331,3.395692518,18.0,20.0,21.0,27.113,85.203,True,True,1.231
29,2026-09-26 08:21:00+01:00,6.518483792,3.39567997,18.0,20.0,21.0,27.113,85.203,True,True,1.387
29,2026-09-26 08:21:01+01:00,6.518484184,3.395664036,17.0,18.0,19.0,27.113,85.203,True,True,1.761
29,2026-09-26 08:21:02+01:00,6.518482978,3.395652732,16.0,17.0,18.0,27.113,85.203,True,True,1.256
29,2026-09-26 08:21:03+01:00,6.518485708,3.395643609,16.0,17.0,18.0,27.113,85.203,True,True,1.053
29,2026-09-26 08:21:04+01:00,6.518486544,3.395630316,14.0,15.0,16.0,27.113,85.203,True,True,1.471
29,2026-09-26 08:21:05+01:00,6.518488226,3.395615795,14.0,15.0,16.0,27.113,85.203,True,True,1.615
29,2026-09-26 08:21:06+01:00,6.518491881,3.395602558,14.0,15.0,16.0,27.113,85.203,True,True,1.518
29,2026-09-26 08:21:07+01:00,6.51849107,3.395588451,15.0,16.0,17.0,27.113,85.203,True,True,1.561
29,2026-09-26 08:21:08+01:00,6.518490731,3.395576118,16.0,17.0,18.0,27.113,85.203,True,True,1.363
29,2026-09-26 08:21:09+01:00,6.518487878,3.395557776,15.0,16.0,17.0,27.113,85.203,True,True,2.051
29,2026-09-26 08:21:10+01:00,6.518486526,3.395545545,14.0,15.0,16.0,27.113,85.203,True,True,1.36
29,2026-09-26 08:21:11+01:00,6.518484173,3.395534457,14.0,15.0,16.0,27.113,85.203,True,True,1.253
29,2026-09-26 08:21:12+01:00,6.518484263,3.395520875,14.0,15.0,16.0,27.113,85.203,True,True,1.501
29,2026-09-26 08:21:13+01:00,6.518485601,3.395505189,16.0,17.0,18.0,27.113,85.203,True,True,1.739
29,2026-09-26 08:21:14+01:00,6.51848735,3.395493666,16.0,17.0,18.0,27.113,85.203,True,True,1.288
29,2026-09-26 08:21:15+01:00,6.518483967,3.395480337,16.0,17.0,18.0,27.113,85.203,True,True,1.52
29,2026-09-26 08:21:16+01:00,6.518485583,3.395468929,17.0,18.0,19.0,27.113,85.203,True,True,1.273
29,2026-09-26 08:21:17+01:00,6.518490996,3.395455565,17.0,18.0,19.0,27.113,85.203,True,True,1.594
29,2026-09-26 08:21:18+01:00,6.51849414,3.395442912,17.0,18.0,19.0,27.113,85.203,True,True,1.441
29,2026-09-26 08:21:19+01:00,6.518496693,3.395433442,16.0,17.0,18.0,27.113,85.203,True,True,1.084
29,2026-09-26 08:21:20+01:00,6.518494343,3.39541939,17.0,18.0,19.0,27.113,85.203,True,True,1.574
29,2026-09-26 08:21:21+01:00,6.518497611,3.395407318,17.0,18.0,19.0,27.113,85.203,True,True,1.382
29,2026-09-26 08:21:22+01:00,6.518494959,3.395402892,18.0,20.0,21.0,27.113,85.203,True,True,0.571
29,2026-09-26 08:21:23+01:00,6.51849323,3.395382695,18.0,20.0,21.0,27.113,85.203,True,True,2.24
29,2026-09-26 08:21:24+01:00,6.518494152,3.395370976,18.0,20.0,21.0,27.113,85.203,True,True,1.299
29,2026-09-26 08:21:25+01:00,6.518495104,3.395358793,17.0,18.0,19.0,27.113,85.203,True,True,1.35
29,2026-09-26 08:21:26+01:00,6.518494104,3.395346801,17.0,18.0,19.0,27.113,85.203,True,True,1.329
29,2026-09-26 08:21:27+01:00,6.518492024,3.395333062,18.0,20.0,21.0,27.113,85.203,True,True,1.535
29,2026-09-26 08:21:28+01:00,6.518493947,3.395319511,18.0,20.0,21.0,27.113,85.203,True,True,1.512
29,2026-09-26 08:21:29+01:00,6.51849864,3.395313489,17.0,18.0,19.0,27.113,85.203,True,True,0.846
29,2026-09-26 08:21:30+01:00,6.518499964,3.395298376,18.0,20.0,21.0,27.113,85.203,True,True,1.676
29,2026-09-26 08:21:31+01:00,6.518499811,3.395284137,17.0,18.0,19.0,27.113,85.203,True,True,1.573
29,2026-09-26 08:21:32+01:00,6.518497428,3.395269401,17.0,18.0,19.0,27.113,84.644,True,True,1.649
29,2026-09-26 08:21:33+01:00,6.51850142,3.395260892,17.0,18.0,19.0,27.113,84.644,True,True,1.04
29,2026-09-26 08:21:34+01:00,6.51850136,3.395249406,15.0,16.0,17.0,27.113,84.644,True,True,1.269
29,2026-09-26 08:21:35+01:00,6.518502318,3.395235876,16.0,17.0,18.0,27.113,84.644,True,True,1.499
29,2026-09-26 08:21:36+01:00,6.518503405,3.39522376,18.0,20.0,21.0,27.113,84.644,True,True,1.344
29,2026-09-26 08:21:37+01:00,6.518504197,3.395212812,21.0,23.0,27.0,27.113,84.644,True,True,1.213
29,2026-09-26 08:21:38+01:00,6.518502993,3.39519992,23.0,25.0,30.0,27.113,84.644,True,True,1.431
29,2026-09-26 08:21:39+01:00,6.518502616,3.395189269,23.0,25.0,32.0,27.113,84.644,True,True,1.177
29,2026-09-26 08:21:40+01:00,6.518500643,3.395174664,23.0,25.0,32.0,27.113,84.644,True,True,1.628
29,2026-09-26 08:21:41+01:00,6.518496535,3.395158898,23.0,25.0,32.0,27.113,84.644,True,True,1.801
29,2026-09-26 08:21:42+01:00,6.518501081,3.395147042,23.0,25.0,32.0,27.113,84.644,True,True,1.404
29,2026-09-26 08:21:43+01:00,6.518506687,3.395132426,23.0,25.0,32.0,27.113,84.644,True,True,1.731
29,2026-09-26 08:21:44+01:00,6.518504712,3.395118034,23.0,25.0,32.0,27.113,84.644,True,True,1.605
29,2026-09-26 08:21:45+01:00,6.518504013,3.395106243,26.0,28.0,37.0,27.113,84.644,True,True,1.305
29,2026-09-26 08:21:46+01:00,6.518503024,3.395093799,23.0,25.0,32.0,27.113,84.644,True,True,1.379
29,2026-09-26 08:21:47+01:00,6.518504544,3.395082804,23.0,25.0,32.0,27.113,84.644,True,True,1.226
29,2026-09-26 08:21:48+01:00,6.518505806,3.395069797,23.0,25.0,32.0,27.113,84.644,True,True,1.444
29,2026-09-26 08:21:49+01:00,6.518507147,3.395060216,23.0,25.0,32.0,27.113,84.644,True,True,1.069
29,2026-09-26 08:21:50+01:00,6.518513055,3.395050465,20.0,22.0,25.0,27.113,84.644,True,True,1.262
29,2026-09-26 08:21:51+01:00,6.51851737,3.395038537,20.0,22.0,25.0,27.113,84.644,True,True,1.402
29,2026-09-26 08:21:52+01:00,6.518518771,3.395024469,18.0,20.0,21.0,27.113,84.644,True,True,1.562
29,2026-09-26 08:21:53+01:00,6.51851892,3.395011195,17.0,19.0,20.0,27.113,84.644,True,True,1.467
29,2026-09-26 08:21:54+01:00,6.518516272,3.39500126,18.0,20.0,21.0,27.113,84.644,True,True,1.136
29,2026-09-26 08:21:55+01:00,6.51851628,3.394988772,19.0,21.0,22.0,27.113,84.644,True,True,1.38
29,2026-09-26 08:21:56+01:00,6.518515368,3.394974872,19.0,21.0,22.0,27.113,84.644,True,True,1.539
29,2026-09-26 08:21:57+01:00,6.518520999,3.394966059,18.0,20.0,21.0,27.113,84.644,True,True,1.158
29,2026-09-26 08:21:58+01:00,6.518523931,3.394952662,18.0,20.0,21.0,27.113,84.644,True,True,1.516
29,2026-09-26 08:21:59+01:00,6.518524251,3.394943618,18.0,20.0,21.0,27.113,84.644,True,True,1.0
29,2026-09-26 08:22:00+01:00,6.518529284,3.394933285,17.0,19.0,20.0,27.113,84.644,True,True,1.271
29,2026-09-26 08:22:01+01:00,6.518530715,3.394919825,17.0,18.0,19.0,27.113,84.644,True,True,1.495
29,2026-09-26 08:22:02+01:00,6.518528005,3.394910991,16.0,17.0,18.0,27.113,84.644,True,True,1.021
29,2026-09-26 08:22:03+01:00,6.518527145,3.394898783,16.0,17.0,18.0,27.113,84.644,True,True,1.352
29,2026-09-26 08:22:04+01:00,6.51852934,3.394881572,18.0,20.0,21.0,27.113,84.644,True,True,1.917
29,2026-09-26 08:22:05+01:00,6.518529514,3.39487295,18.0,20.0,21.0,27.113,84.644,True,True,0.953
29,2026-09-26 08:22:06+01:00,6.518530728,3.394860345,17.0,18.0,19.0,27.113,84.644,True,True,1.399
29,2026-09-26 08:22:07+01:00,6.518525574,3.394857473,17.0,18.0,19.0,27.113,84.644,True,True,0.655
29,2026-09-26 08:22:08+01:00,6.518518215,3.394849443,17.0,18.0,19.0,27.113,84.644,True,True,1.207
29,2026-09-26 08:22:09+01:00,6.518509872,3.394852901,18.0,20.0,21.0,27.113,84.644,True,True,1.003
29,2026-09-26 08:22:10+01:00,6.518511542,3.394854672,18.0,20.0,21.0,27.113,84.644,True,True,0.27
29,2026-09-26 08:22:11+01:00,6.518512016,3.394853459,18.0,20.0,21.0,27.113,84.644,True,True,0.144
29,2026-09-26 08:22:12+01:00,6.518510696,3.394854479,18.0,20.0,21.0,27.113,84.644,True,True,0.185
29,2026-09-26 08:22:13+01:00,6.518509154,3.394855286,17.0,18.0,19.0,27.113,84.644,True,True,0.193
29,2026-09-26 08:22:14+01:00,6.518510532,3.394853867,18.0,20.0,21.0,27.113,84.644,True,True,0.219
29,2026-09-26 08:22:15+01:00,6.518510033,3.394855044,20.0,22.0,25.0,27.113,84.644,True,True,0.141
29,2026-09-26 08:22:16+01:00,6.518513437,3.394852852,20.0,22.0,25.0,27.113,84.644,True,True,0.449
29,2026-09-26 08:22:17+01:00,6.518516065,3.394852138,20.0,22.0,25.0,27.113,84.644,True,True,0.303
29,2026-09-26 08:22:18+01:00,6.518514004,3.39485337,20.0,22.0,25.0,27.113,84.644,True,True,0.267
29,2026-09-26 08:22:19+01:00,6.518513584,3.394853889,20.0,22.0,25.0,27.113,84.644,True,True,0.074
29,2026-09-26 08:22:20+01:00,6.518511391,3.39485517,19.0,21.0,22.0,27.113,84.644,True,True,0.282
29,2026-09-26 08:22:21+01:00,6.518511923,3.394858589,18.0,20.0,21.0,27.113,84.644,True,True,0.382
29,2026-09-26 08:22:22+01:00,6.518512115,3.394858872,18.0,20.0,21.0,27.113,84.644,True,True,0.038
29,2026-09-26 08:22:23+01:00,6.518511428,3.394858565,18.0,20.0,21.0,27.113,84.644,True,True,0.084
29,2026-09-26 08:22:24+01:00,6.518511365,3.394856569,18.0,20.0,21.0,27.113,84.644,True,True,0.221
29,2026-09-26 08:22:25+01:00,6.518512243,3.394856827,18.0,20.0,21.0,27.113,84.644,True,True,0.102
29,2026-09-26 08:22:26+01:00,6.518511637,3.394857652,18.0,20.0,21.0,27.113,84.644,True,True,0.113
29,2026-09-26 08:22:27+01:00,6.518512739,3.394857931,17.0,18.0,19.0,27.113,84.644,True,True,0.126
29,2026-09-26 08:22:28+01:00,6.518509175,3.394859642,17.0,18.0,19.0,27.113,84.644,True,True,0.439
29,2026-09-26 08:22:29+01:00,6.518510848,3.394858801,17.0,18.0,19.0,27.113,84.644,True,True,0.208
29,2026-09-26 08:22:30+01:00,6.51850989,3.394857965,18.0,20.0,21.0,27.113,84.644,True,True,0.141
29,2026-09-26 08:22:31+01:00,6.518509731,3.394857132,18.0,20.0,21.0,27.113,84.644,True,True,0.094
29,2026-09-26 08:22:32+01:00,6.518509323,3.394858634,17.0,18.0,19.0,27.113,85.203,True,True,0.172
29,2026-09-26 08:22:33+01:00,6.518509674,3.394859,16.0,17.0,18.0,27.113,85.203,True,True,0.056
29,2026-09-26 08:22:34+01:00,6.518507245,3.394859753,16.0,17.0,18.0,27.113,85.203,True,True,0.283
29,2026-09-26 08:22:35+01:00,6.518506579,3.394855875,17.0,18.0,19.0,27.113,85.203,True,True,0.435
29,2026-09-26 08:22:36+01:00,6.518507441,3.394859284,16.0,18.0,19.0,27.113,85.203,True,True,0.389
29,2026-09-26 08:22:37+01:00,6.518505713,3.394857813,17.0,18.0,19.0,27.113,85.203,True,True,0.252
29,2026-09-26 08:22:38+01:00,6.518504808,3.394854838,17.0,18.0,19.0,27.113,85.203,True,True,0.344
29,2026-09-26 08:22:39+01:00,6.518502818,3.394853514,18.0,20.0,21.0,27.113,85.203,True,True,0.265
29,2026-09-26 08:22:40+01:00,6.518502418,3.394854774,19.0,21.0,22.0,27.113,85.203,True,True,0.146
29,2026-09-26 08:22:41+01:00,6.518495731,3.394846328,19.0,21.0,22.0,27.113,85.203,True,True,1.193
29,2026-09-26 08:22:42+01:00,6.518497615,3.394847631,18.0,20.0,21.0,27.113,85.203,True,True,0.254
29,2026-09-26 08:22:43+01:00,6.51849732,3.394844661,18.0,20.0,21.0,27.113,85.203,True,True,0.33
29,2026-09-26 08:22:44+01:00,6.518501472,3.394837032,18.0,20.0,21.0,27.113,85.203,True,True,0.961
29,2026-09-26 08:22:45+01:00,6.518500606,3.394834454,17.0,18.0,19.0,27.113,85.203,True,True,0.301
29,2026-09-26 08:22:46+01:00,6.518499801,3.394836935,17.0,18.0,19.0,27.113,85.203,True,True,0.288
29,2026-09-26 08:22:47+01:00,6.518499659,3.39483857,16.0,17.0,18.0,27.113,85.203,True,True,0.181
29,2026-09-26 08:22:49+01:00,6.518499458,3.394837523,16.0,17.0,18.0,27.113,85.203,True,True,0.059
29,2026-09-26 08:22:51+01:00,6.518501642,3.394837018,17.0,18.0,19.0,27.113,85.203,True,True,0.125
29,2026-09-26 08:22:52+01:00,6.518500919,3.394836542,17.0,18.0,19.0,27.113,85.203,True,True,0.096
29,2026-09-26 08:22:53+01:00,6.518502843,3.394838031,17.0,18.0,19.0,27.113,85.203,True,True,0.27
29,2026-09-26 08:22:55+01:00,6.518502445,3.394831458,16.0,17.0,18.0,27.113,85.203,True,True,0.364
29,2026-09-26 08:22:57+01:00,6.518499336,3.394827531,17.0,18.0,19.0,27.113,85.203,True,True,0.277
29,2026-09-26 08:22:59+01:00,6.518497851,3.3948259,17.0,18.0,19.0,27.113,85.203,True,True,0.122
29,2026-09-26 08:23:00+01:00,6.51849506,3.394823721,18.0,20.0,21.0,27.113,85.203,True,True,0.393
29,2026-09-26 08:23:02+01:00,6.518476455,3.3948269,17.0,18.0,19.0,27.113,85.203,True,True,1.049
29,2026-09-26 08:23:04+01:00,6.51845524,3.394826537,17.0,18.0,19.0,27.113,85.203,True,True,1.18
29,2026-09-26 08:23:06+01:00,6.518432877,3.394827181,18.0,20.0,21.0,27.113,85.203,True,True,1.244
29,2026-09-26 08:23:08+01:00,6.518416598,3.39482965,18.0,20.0,21.0,27.113,85.203,True,True,0.915
29,2026-09-26 08:23:09+01:00,6.518416598,3.39482965,18.0,20.0,21.0,27.113,85.203,True,True,0.0
29,2026-09-26 08:23:10+01:00,6.518401959,3.394845735,18.0,20.0,21.0,27.113,85.203,True,True,2.41
29,2026-09-26 08:23:11+01:00,6.518401959,3.394845735,18.0,20.0,21.0,27.113,85.203,True,True,0.0
29,2026-09-26 08:23:12+01:00,6.518390207,3.394862039,19.0,21.0,22.0,27.113,85.203,True,True,2.225
29,2026-09-26 08:23:13+01:00,6.518390207,3.394862039,19.0,21.0,22.0,27.113,85.203,True,True,0.0
29,2026-09-26 08:23:14+01:00,6.518381802,3.394884562,19.0,21.0,22.0,27.113,85.203,True,True,2.658
29,2026-09-26 08:23:15+01:00,6.518380266,3.3948952,18.0,20.0,21.0,27.113,85.203,True,True,1.188
29,2026-09-26 08:23:16+01:00,6.518376855,3.394907837,18.0,20.0,21.0,27.113,85.203,True,True,1.447
29,2026-09-26 08:23:17+01:00,6.518372311,3.394919987,18.0,20.0,21.0,27.113,85.203,True,True,1.434
29,2026-09-26 08:23:18+01:00,6.518367509,3.394931078,17.0,18.0,19.0,27.113,85.203,True,True,1.337
29,2026-09-26 08:23:19+01:00,6.518362014,3.394941151,17.0,18.0,19.0,27.113,85.203,True,True,1.27
29,2026-09-26 08:23:20+01:00,6.518358192,3.394946331,16.0,18.0,19.0,27.113,85.203,True,True,0.713
29,2026-09-26 08:23:21+01:00,6.518350761,3.394961628,16.0,17.0,18.0,27.113,85.203,True,True,1.881
29,2026-09-26 08:23:22+01:00,6.518348794,3.394969992,16.0,17.0,18.0,27.113,85.203,True,True,0.95
29,2026-09-26 08:23:23+01:00,6.518344159,3.3949827,16.0,17.0,18.0,27.113,85.203,True,True,1.496
29,2026-09-26 08:23:24+01:00,6.518337946,3.394993661,16.0,17.0,18.0,27.113,85.203,True,True,1.394
29,2026-09-26 08:23:25+01:00,6.518328547,3.395002687,15.0,16.0,17.0,27.113,85.203,True,True,1.445
29,2026-09-26 08:23:26+01:00,6.518316589,3.395011328,15.0,16.0,17.0,27.113,85.203,True,True,1.637
29,2026-09-26 08:23:27+01:00,6.518307612,3.395019296,15.0,16.0,17.0,27.113,85.203,True,True,1.331
29,2026-09-26 08:23:28+01:00,6.518296519,3.39502776,15.0,17.0,18.0,27.113,85.203,True,True,1.548
29,2026-09-26 08:23:29+01:00,6.518288994,3.395035294,16.0,17.0,18.0,27.113,85.203,True,True,1.18
29,2026-09-26 08:23:30+01:00,6.518278942,3.395044427,15.0,16.0,17.0,27.113,85.203,True,True,1.506
29,2026-09-26 08:23:31+01:00,6.518267943,3.39505264,15.0,16.0,17.0,27.113,85.203,True,True,1.523
29,2026-09-26 08:23:32+01:00,6.518256546,3.395056513,16.0,17.0,18.0,27.113,85.761,True,True,1.338
29,2026-09-26 08:23:33+01:00,6.518247991,3.395064954,16.0,17.0,18.0,27.113,85.761,True,True,1.332
29,2026-09-26 08:23:34+01:00,6.518236615,3.395073291,16.0,17.0,18.0,27.113,85.761,True,True,1.565
29,2026-09-26 08:23:35+01:00,6.518223173,3.395074339,16.0,17.0,18.0,27.113,85.761,True,True,1.499
29,2026-09-26 08:23:36+01:00,6.518210555,3.395071698,16.0,17.0,18.0,27.113,85.761,True,True,1.433
29,2026-09-26 08:23:37+01:00,6.518198851,3.395065734,16.0,17.0,18.0,27.113,85.761,True,True,1.459
29,2026-09-26 08:23:38+01:00,6.518184313,3.395062726,16.0,17.0,18.0,27.113,85.761,True,True,1.65
29,2026-09-26 08:23:39+01:00,6.518172499,3.395061004,15.0,16.0,17.0,27.113,85.761,True,True,1.327
29,2026-09-26 08:23:40+01:00,6.518159459,3.395055765,15.0,16.0,17.0,27.113,85.761,True,True,1.561
29,2026-09-26 08:23:41+01:00,6.518144862,3.39505038,15.0,16.0,17.0,27.113,85.761,True,True,1.729
29,2026-09-26 08:23:42+01:00,6.518136843,3.39504272,16.0,17.0,18.0,27.113,85.761,True,True,1.229
29,2026-09-26 08:23:43+01:00,6.518124773,3.395038692,16.0,17.0,18.0,27.113,85.761,True,True,1.414
29,2026-09-26 08:23:44+01:00,6.518109734,3.395038272,16.0,17.0,18.0,27.113,85.761,True,True,1.673
29,2026-09-26 08:23:45+01:00,6.518098723,3.395037205,16.0,17.0,18.0,27.113,85.761,True,True,1.23
29,2026-09-26 08:23:46+01:00,6.518083541,3.395032003,15.0,16.0,17.0,27.113,85.761,True,True,1.783
29,2026-09-26 08:23:47+01:00,6.518070594,3.395029743,15.0,16.0,17.0,27.113,85.761,True,True,1.461
29,2026-09-26 08:23:48+01:00,6.518059721,3.395027733,16.0,17.0,18.0,27.113,85.761,True,True,1.229
29,2026-09-26 08:23:49+01:00,6.518049603,3.395024517,16.0,17.0,18.0,27.113,85.761,True,True,1.18
29,2026-09-26 08:23:50+01:00,6.518036861,3.395017527,16.0,17.0,18.0,27.113,85.761,True,True,1.614
29,2026-09-26 08:23:51+01:00,6.518025313,3.395016543,16.0,17.0,18.0,27.113,85.761,True,True,1.289
29,2026-09-26 08:23:52+01:00,6.518014611,3.395008744,16.0,17.0,18.0,27.113,85.761,True,True,1.469
29,2026-09-26 08:23:53+01:00,6.518005932,3.395002029,16.0,17.0,18.0,27.113,85.761,True,True,1.217
29,2026-09-26 08:23:54+01:00,6.517994844,3.394996937,16.0,17.0,18.0,27.113,85.761,True,True,1.355
29,2026-09-26 08:23:55+01:00,6.517979451,3.39499435,16.0,17.0,18.0,27.113,85.761,True,True,1.735
29,2026-09-26 08:23:56+01:00,6.517971033,3.394993089,17.0,18.0,19.0,27.113,85.761,True,True,0.946
29,2026-09-26 08:23:57+01:00,6.517963131,3.394987616,17.0,18.0,19.0,27.113,85.761,True,True,1.067
29,2026-09-26 08:23:58+01:00,6.517953148,3.394984886,16.0,17.0,18.0,27.113,85.761,True,True,1.15
29,2026-09-26 08:23:59+01:00,6.517943676,3.394978384,16.0,17.0,18.0,27.113,85.761,True,True,1.275
29,2026-09-26 08:24:00+01:00,6.517929479,3.394982604,17.0,18.0,19.0,27.113,85.761,True,True,1.646
29,2026-09-26 08:24:01+01:00,6.517922247,3.39497221,17.0,18.0,19.0,27.113,85.761,True,True,1.402
29,2026-09-26 08:24:02+01:00,6.517910946,3.394967342,17.0,18.0,19.0,27.113,85.761,True,True,1.367
29,2026-09-26 08:24:03+01:00,6.51789668,3.394956604,17.0,18.0,19.0,27.113,85.761,True,True,1.981
29,2026-09-26 08:24:04+01:00,6.517885704,3.394956575,18.0,20.0,21.0,27.113,85.761,True,True,1.22
29,2026-09-26 08:24:05+01:00,6.517876559,3.394952852,18.0,20.0,21.0,27.113,85.761,True,True,1.097
29,2026-09-26 08:24:06+01:00,6.517866019,3.394947289,18.0,20.0,21.0,27.113,85.761,True,True,1.323
29,2026-09-26 08:24:07+01:00,6.517859238,3.394937232,17.0,18.0,19.0,27.113,85.761,True,True,1.343
29,2026-09-26 08:24:08+01:00,6.517848116,3.394930797,17.0,18.0,19.0,27.113,85.761,True,True,1.426
29,2026-09-26 08:24:09+01:00,6.517837424,3.394922762,17.0,18.0,19.0,27.113,85.761,True,True,1.484
29,2026-09-26 08:24:10+01:00,6.51782599,3.394916957,17.0,18.0,19.0,27.113,85.761,True,True,1.424
29,2026-09-26 08:24:11+01:00,6.517814678,3.394916318,17.0,18.0,19.0,27.113,85.761,True,True,1.26
29,2026-09-26 08:24:12+01:00,6.517805258,3.394910723,17.0,18.0,19.0,27.113,85.761,True,True,1.216
29,2026-09-26 08:24:13+01:00,6.517796108,3.394906617,16.0,17.0,18.0,27.113,85.761,True,True,1.114
29,2026-09-26 08:24:14+01:00,6.517781673,3.394907792,16.0,17.0,18.0,27.113,85.761,True,True,1.61
29,2026-09-26 08:24:15+01:00,6.517769347,3.39490932,16.0,17.0,18.0,27.113,85.761,True,True,1.381
29,2026-09-26 08:24:16+01:00,6.517756317,3.394906763,16.0,17.0,18.0,27.113,85.761,True,True,1.476
29,2026-09-26 08:24:17+01:00,6.517744927,3.394904864,16.0,17.0,18.0,27.113,85.761,True,True,1.284
29,2026-09-26 08:24:18+01:00,6.517732777,3.394902468,16.0,17.0,18.0,27.113,85.761,True,True,1.377
29,2026-09-26 08:24:19+01:00,6.517721357,3.394900156,16.0,17.0,18.0,27.113,85.761,True,True,1.295
29,2026-09-26 08:24:20+01:00,6.517709912,3.39489625,17.0,18.0,19.0,27.113,85.761,True,True,1.344
29,2026-09-26 08:24:21+01:00,6.517703662,3.394891463,16.0,17.0,18.0,27.113,85.761,True,True,0.873
29,2026-09-26 08:24:22+01:00,6.517695432,3.394883319,16.0,17.0,18.0,27.113,85.761,True,True,1.283
29,2026-09-26 08:24:23+01:00,6.517682738,3.394878538,16.0,17.0,18.0,27.113,85.761,True,True,1.507
29,2026-09-26 08:24:24+01:00,6.517670626,3.394871634,16.0,17.0,18.0,27.113,85.761,True,True,1.548
29,2026-09-26 08:24:25+01:00,6.517664804,3.394866705,16.0,17.0,18.0,27.113,85.761,True,True,0.846
29,2026-09-26 08:24:26+01:00,6.517653593,3.394859334,16.0,17.0,18.0,27.113,85.761,True,True,1.489
29,2026-09-26 08:24:27+01:00,6.517643007,3.394854098,16.0,17.0,18.0,27.113,85.761,True,True,1.312
29,2026-09-26 08:24:28+01:00,6.517630633,3.394852715,16.0,17.0,18.0,27.113,85.761,True,True,1.384
29,2026-09-26 08:24:29+01:00,6.5176176,3.394847255,16.0,17.0,18.0,27.113,85.761,True,True,1.57
29,2026-09-26 08:24:30+01:00,6.517606664,3.394840716,16.0,17.0,18.0,27.113,85.761,True,True,1.414
29,2026-09-26 08:24:31+01:00,6.517596533,3.394837811,16.0,17.0,18.0,27.113,85.761,True,True,1.171
29,2026-09-26 08:24:32+01:00,6.517584072,3.394830502,17.0,18.0,19.0,27.113,85.203,True,True,1.604
29,2026-09-26 08:24:33+01:00,6.517578279,3.394822521,16.0,18.0,19.0,27.113,85.203,True,True,1.092
29,2026-09-26 08:24:34+01:00,6.51756882,3.394817196,16.0,17.0,18.0,27.113,85.203,True,True,1.205
29,2026-09-26 08:24:35+01:00,6.517558564,3.394817817,16.0,17.0,18.0,27.113,85.203,True,True,1.142
29,2026-09-26 08:24:36+01:00,6.517546637,3.394814541,16.0,17.0,18.0,27.113,85.203,True,True,1.375
29,2026-09-26 08:24:37+01:00,6.517539014,3.394805272,16.0,17.0,18.0,27.113,85.203,True,True,1.329
29,2026-09-26 08:24:38+01:00,6.517520118,3.394799548,16.0,17.0,18.0,27.113,85.203,True,True,2.194
29,2026-09-26 08:24:39+01:00,6.517513062,3.394796471,16.0,17.0,18.0,27.113,85.203,True,True,0.855
29,2026-09-26 08:24:40+01:00,6.517503752,3.394789345,16.0,17.0,18.0,27.113,85.203,True,True,1.301
29,2026-09-26 08:24:41+01:00,6.517494226,3.394782579,16.0,17.0,18.0,27.113,85.203,True,True,1.296
29,2026-09-26 08:24:42+01:00,6.517491488,3.3947768,16.0,17.0,18.0,27.113,85.203,True,True,0.707
29,2026-09-26 08:24:43+01:00,6.517482043,3.394773757,16.0,17.0,18.0,27.113,85.203,True,True,1.103
29,2026-09-26 08:24:44+01:00,6.517470127,3.394772806,17.0,18.0,19.0,27.113,85.203,True,True,1.329
29,2026-09-26 08:24:45+01:00,6.517459921,3.394769366,17.0,18.0,19.0,27.113,85.203,True,True,1.197
29,2026-09-26 08:24:46+01:00,6.517449554,3.394767621,17.0,18.0,19.0,27.113,85.203,True,True,1.169
29,2026-09-26 08:24:47+01:00,6.517442818,3.394762841,17.0,18.0,19.0,27.113,85.203,True,True,0.916
29,2026-09-26 08:24:48+01:00,6.517431211,3.394757276,17.0,18.0,19.0,27.113,85.203,True,True,1.43
29,2026-09-26 08:24:49+01:00,6.517424838,3.39475053,15.0,16.0,17.0,27.113,85.203,True,True,1.028
29,2026-09-26 08:24:50+01:00,6.517416147,3.394743516,15.0,16.0,17.0,27.113,85.203,True,True,1.239
29,2026-09-26 08:24:51+01:00,6.517408031,3.394735421,16.0,17.0,18.0,27.113,85.203,True,True,1.271
29,2026-09-26 08:24:52+01:00,6.517398821,3.394727148,16.0,17.0,18.0,27.113,85.203,True,True,1.373
29,2026-09-26 08:24:53+01:00,6.517389536,3.394720236,16.0,17.0,18.0,27.113,85.203,True,True,1.284
29,2026-09-26 08:24:54+01:00,6.517382318,3.394712123,16.0,17.0,18.0,27.113,85.203,True,True,1.203
29,2026-09-26 08:24:55+01:00,6.517374178,3.394703082,16.0,17.0,18.0,27.113,85.203,True,True,1.348
29,2026-09-26 08:24:56+01:00,6.517366649,3.39469338,15.0,17.0,18.0,27.113,85.203,True,True,1.36
29,2026-09-26 08:24:57+01:00,6.51735824,3.394685385,15.0,16.0,17.0,27.113,85.203,True,True,1.286
29,2026-09-26 08:24:58+01:00,6.517352066,3.394675717,15.0,16.0,17.0,27.113,85.203,True,True,1.27
29,2026-09-26 08:24:59+01:00,6.517345031,3.394669397,16.0,17.0,18.0,27.113,85.203,True,True,1.049
29,2026-09-26 08:25:00+01:00,6.517335126,3.39466158,15.0,16.0,17.0,27.113,85.203,True,True,1.4
29,2026-09-26 08:25:01+01:00,6.51732789,3.394649869,15.0,16.0,17.0,27.113,85.203,True,True,1.524
29,2026-09-26 08:25:02+01:00,6.517319076,3.394644928,15.0,16.0,17.0,27.113,85.203,True,True,1.122
29,2026-09-26 08:25:03+01:00,6.517309647,3.394635524,15.0,16.0,17.0,27.113,85.203,True,True,1.476
29,2026-09-26 08:25:04+01:00,6.517303802,3.394626779,16.0,17.0,18.0,27.113,85.203,True,True,1.164
29,2026-09-26 08:25:05+01:00,6.517294506,3.394619528,16.0,18.0,19.0,27.113,85.203,True,True,1.308
29,2026-09-26 08:25:06+01:00,6.517286985,3.394611495,17.0,18.0,19.0,27.113,85.203,True,True,1.219
29,2026-09-26 08:25:07+01:00,6.517279602,3.394602243,16.0,17.0,18.0,27.113,85.203,True,True,1.311
29,2026-09-26 08:25:08+01:00,6.517271749,3.394595132,16.0,17.0,18.0,27.113,85.203,True,True,1.175
29,2026-09-26 08:25:09+01:00,6.517261565,3.39458678,16.0,17.0,18.0,27.113,85.203,True,True,1.461
29,2026-09-26 08:25:10+01:00,6.517253425,3.394583533,16.0,17.0,18.0,27.113,85.203,True,True,0.974
29,2026-09-26 08:25:11+01:00,6.517244054,3.394575581,16.0,17.0,18.0,27.113,85.203,True,True,1.363
29,2026-09-26 08:25:12+01:00,6.517238221,3.394567522,16.0,17.0,18.0,27.113,85.203,True,True,1.102
29,2026-09-26 08:25:13+01:00,6.517231722,3.394559969,16.0,17.0,18.0,27.113,85.203,True,True,1.104
29,2026-09-26 08:25:14+01:00,6.517225128,3.394549846,15.0,16.0,17.0,27.113,85.203,True,True,1.337
29,2026-09-26 08:25:15+01:00,6.517218732,3.394540705,15.0,16.0,17.0,27.113,85.203,True,True,1.235
29,2026-09-26 08:25:16+01:00,6.517211387,3.39453518,15.0,16.0,17.0,27.113,85.203,True,True,1.02
29,2026-09-26 08:25:17+01:00,6.517204684,3.394528672,15.0,16.0,17.0,27.113,85.203,True,True,1.036
29,2026-09-26 08:25:18+01:00,6.51719465,3.394517563,15.0,16.0,17.0,27.113,85.203,True,True,1.659
29,2026-09-26 08:25:19+01:00,6.517187521,3.394508357,14.0,15.0,16.0,27.113,85.203,True,True,1.289
29,2026-09-26 08:25:20+01:00,6.517178397,3.394499683,14.0,15.0,16.0,27.113,85.203,True,True,1.396
29,2026-09-26 08:25:21+01:00,6.517168167,3.394490135,14.0,15.0,16.0,27.113,85.203,True,True,1.551
29,2026-09-26 08:25:22+01:00,6.517160199,3.394482462,14.0,15.0,16.0,27.113,85.203,True,True,1.226
29,2026-09-26 08:25:23+01:00,6.517152683,3.394475902,14.0,15.0,16.0,27.113,85.203,True,True,1.106
29,2026-09-26 08:25:24+01:00,6.517140928,3.394466672,14.0,15.0,16.0,27.113,85.203,True,True,1.658
29,2026-09-26 08:25:25+01:00,6.517133898,3.394455837,14.0,15.0,16.0,27.113,85.203,True,True,1.43
29,2026-09-26 08:25:26+01:00,6.517123949,3.394448351,14.0,15.0,16.0,27.113,85.203,True,True,1.381
29,2026-09-26 08:25:27+01:00,6.517113001,3.394438221,14.0,15.0,16.0,27.113,85.203,True,True,1.654
29,2026-09-26 08:25:28+01:00,6.517104655,3.39443163,14.0,15.0,16.0,27.113,85.203,True,True,1.18
29,2026-09-26 08:25:29+01:00,6.517095584,3.394423762,14.0,15.0,16.0,27.113,85.203,True,True,1.332
29,2026-09-26 08:25:30+01:00,6.517088211,3.394416026,13.0,14.0,14.0,27.113,85.203,True,True,1.184
29,2026-09-26 08:25:31+01:00,6.517082293,3.394408848,13.0,14.0,14.0,27.113,85.203,True,True,1.03
29,2026-09-26 08:25:32+01:00,6.517073139,3.39439985,15.0,16.0,17.0,27.113,85.203,True,True,1.423
29,2026-09-26 08:25:33+01:00,6.517064009,3.39438884,15.0,16.0,17.0,27.113,85.203,True,True,1.584
29,2026-09-26 08:25:34+01:00,6.517054364,3.394379786,14.0,15.0,16.0,27.113,85.203,True,True,1.467
29,2026-09-26 08:25:35+01:00,6.517046387,3.394372062,15.0,16.0,17.0,27.113,85.203,True,True,1.231
29,2026-09-26 08:25:36+01:00,6.517039764,3.394365911,15.0,16.0,17.0,27.113,85.203,True,True,1.002
29,2026-09-26 08:25:37+01:00,6.517031129,3.394357827,15.0,16.0,17.0,27.113,85.203,True,True,1.311
29,2026-09-26 08:25:38+01:00,6.517025624,3.394352222,15.0,16.0,17.0,27.113,85.203,True,True,0.871
29,2026-09-26 08:25:39+01:00,6.517014135,3.394345782,15.0,16.0,17.0,27.113,85.203,True,True,1.462
29,2026-09-26 08:25:40+01:00,6.517005308,3.394336795,15.0,16.0,17.0,27.113,85.203,True,True,1.396
29,2026-09-26 08:25:41+01:00,6.516999637,3.394329709,15.0,16.0,17.0,27.113,85.203,True,True,1.005
29,2026-09-26 08:25:42+01:00,6.516989761,3.394321615,14.0,15.0,16.0,27.113,85.203,True,True,1.416
29,2026-09-26 08:25:43+01:00,6.516981432,3.394314467,14.0,15.0,16.0,27.113,85.203,True,True,1.217
29,2026-09-26 08:25:44+01:00,6.516969966,3.394307662,14.0,15.0,16.0,27.113,85.203,True,True,1.48
29,2026-09-26 08:25:45+01:00,6.516962068,3.394300118,14.0,15.0,16.0,27.113,85.203,True,True,1.211
29,2026-09-26 08:25:46+01:00,6.516954818,3.394288945,15.0,16.0,17.0,27.113,85.203,True,True,1.474
29,2026-09-26 08:25:47+01:00,6.516948366,3.39428085,15.0,16.0,17.0,27.113,85.203,True,True,1.147
29,2026-09-26 08:25:48+01:00,6.516937535,3.394276295,15.0,16.0,17.0,27.113,85.203,True,True,1.305
29,2026-09-26 08:25:49+01:00,6.516937091,3.394278174,15.0,16.0,17.0,27.113,85.203,True,True,0.213
29,2026-09-26 08:25:50+01:00,6.516939245,3.394280565,15.0,16.0,17.0,27.113,85.203,True,True,0.357
29,2026-09-26 08:25:51+01:00,6.516939947,3.39428031,15.0,16.0,17.0,27.113,85.203,True,True,0.083
29,2026-09-26 08:25:52+01:00,6.516940323,3.394279404,15.0,16.0,17.0,27.113,85.203,True,True,0.108
29,2026-09-26 08:25:53+01:00,6.516942102,3.39428103,15.0,16.0,17.0,27.113,85.203,True,True,0.267
29,2026-09-26 08:25:54+01:00,6.516941928,3.394278232,15.0,16.0,17.0,27.113,85.203,True,True,0.31
29,2026-09-26 08:25:55+01:00,6.516943955,3.394277968,15.0,16.0,17.0,27.113,85.203,True,True,0.227
29,2026-09-26 08:25:56+01:00,6.516942193,3.394276287,15.0,16.0,17.0,27.113,85.203,True,True,0.27
29,2026-09-26 08:25:57+01:00,6.516949654,3.394275405,15.0,16.0,17.0,27.113,85.203,True,True,0.835
29,2026-09-26 08:25:58+01:00,6.516952596,3.394277318,16.0,17.0,18.0,27.113,85.203,True,True,0.389
29,2026-09-26 08:25:59+01:00,6.516949595,3.394280692,16.0,17.0,18.0,27.113,85.203,True,True,0.5
29,2026-09-26 08:26:00+01:00,6.516946411,3.394280754,17.0,18.0,19.0,27.113,85.203,True,True,0.354
29,2026-09-26 08:26:01+01:00,6.516942059,3.394275445,17.0,18.0,19.0,27.113,85.203,True,True,0.76
29,2026-09-26 08:26:02+01:00,6.516936987,3.394267134,17.0,18.0,19.0,27.113,85.203,True,True,1.078
29,2026-09-26 08:26:03+01:00,6.516926328,3.394261465,16.0,17.0,18.0,27.113,85.203,True,True,1.341
29,2026-09-26 08:26:04+01:00,6.516920184,3.39425222,16.0,17.0,18.0,27.113,85.203,True,True,1.229
29,2026-09-26 08:26:05+01:00,6.516909552,3.394243857,16.0,17.0,18.0,27.113,85.203,True,True,1.5
29,2026-09-26 08:26:06+01:00,6.516900719,3.394236406,16.0,17.0,18.0,27.113,85.203,True,True,1.282
29,2026-09-26 08:26:07+01:00,6.51688979,3.394230737,17.0,18.0,19.0,27.113,85.203,True,True,1.367
29,2026-09-26 08:26:08+01:00,6.516878089,3.394227005,17.0,18.0,19.0,27.113,85.203,True,True,1.365
29,2026-09-26 08:26:09+01:00,6.516867824,3.394223371,17.0,18.0,19.0,27.113,85.203,True,True,1.21
29,2026-09-26 08:26:10+01:00,6.516859489,3.394217426,17.0,18.0,19.0,27.113,85.203,True,True,1.136
29,2026-09-26 08:26:11+01:00,6.516845383,3.394211656,17.0,18.0,19.0,27.113,85.203,True,True,1.693
29,2026-09-26 08:26:12+01:00,6.51683256,3.39420385,17.0,18.0,19.0,27.113,85.203,True,True,1.666
29,2026-09-26 08:26:13+01:00,6.51682455,3.394202243,17.0,18.0,19.0,27.113,85.203,True,True,0.908
29,2026-09-26 08:26:14+01:00,6.516810562,3.394196749,17.0,18.0,19.0,27.113,85.203,True,True,1.67
29,2026-09-26 08:26:16+01:00,6.516798936,3.394193033,16.0,18.0,19.0,27.113,85.203,True,True,0.678
29,2026-09-26 08:26:17+01:00,6.516781516,3.394179247,16.0,17.0,18.0,27.113,85.203,True,True,2.464
29,2026-09-26 08:26:18+01:00,6.516772983,3.394170383,16.0,17.0,18.0,27.113,85.203,True,True,1.364
29,2026-09-26 08:26:19+01:00,6.516764398,3.394161456,16.0,17.0,18.0,27.113,85.203,True,True,1.373
29,2026-09-26 08:26:20+01:00,6.51675581,3.394152906,16.0,17.0,18.0,27.113,85.203,True,True,1.343
29,2026-09-26 08:26:21+01:00,6.516747067,3.394145213,16.0,17.0,18.0,27.113,85.203,True,True,1.291
29,2026-09-26 08:26:22+01:00,6.516742947,3.394135941,16.0,17.0,18.0,27.113,85.203,True,True,1.122
29,2026-09-26 08:26:23+01:00,6.516733285,3.394129453,16.0,17.0,18.0,27.113,85.203,True,True,1.292
29,2026-09-26 08:26:25+01:00,6.516721065,3.394117445,17.0,18.0,19.0,27.113,85.203,True,True,0.95
29,2026-09-26 08:26:26+01:00,6.516701804,3.394102647,17.0,18.0,19.0,27.113,85.203,True,True,2.694
29,2026-09-26 08:26:28+01:00,6.516695844,3.394095737,17.0,18.0,19.0,27.113,85.203,True,True,0.505
29,2026-09-26 08:26:30+01:00,6.516680919,3.394080737,16.0,17.0,18.0,27.113,85.203,True,True,1.173
29,2026-09-26 08:26:31+01:00,6.516672203,3.394072844,16.0,17.0,18.0,27.113,85.203,True,True,1.304
29,2026-09-26 08:26:33+01:00,6.516645807,3.394050927,17.0,18.0,19.0,27.113,84.644,True,True,1.902
29,2026-09-26 08:26:35+01:00,6.516633708,3.394048018,17.0,18.0,19.0,27.113,84.644,True,True,0.692
29,2026-09-26 08:26:37+01:00,6.516616298,3.39403008,16.0,17.0,18.0,27.113,84.644,True,True,1.385
29,2026-09-26 08:26:39+01:00,6.516587329,3.3940074,15.0,16.0,17.0,27.113,84.644,True,True,2.04
29,2026-09-26 08:26:40+01:00,6.516587329,3.3940074,15.0,16.0,17.0,27.113,84.644,True,True,0.0
29,2026-09-26 08:26:41+01:00,6.516570101,3.393988515,15.0,16.0,17.0,27.113,84.644,True,True,2.832
29,2026-09-26 08:26:42+01:00,6.516570101,3.393988515,15.0,16.0,17.0,27.113,84.644,True,True,0.0
29,2026-09-26 08:26:43+01:00,6.516548496,3.39397088,15.0,16.0,17.0,27.113,84.644,True,True,3.093
29,2026-09-26 08:26:45+01:00,6.516531342,3.393954428,15.0,16.0,17.0,27.113,84.644,True,True,1.317
29,2026-09-26 08:26:46+01:00,6.51652289,3.393945238,15.0,16.0,17.0,27.113,84.644,True,True,1.383
29,2026-09-26 08:26:47+01:00,6.51652289,3.393945238,15.0,16.0,17.0,27.113,84.644,True,True,0.0
29,2026-09-26 08:26:48+01:00,6.516506454,3.393924656,15.0,16.0,17.0,27.113,84.644,True,True,2.917
29,2026-09-26 08:26:49+01:00,6.516506454,3.393924656,15.0,16.0,17.0,27.113,84.644,True,True,0.0
29,2026-09-26 08:26:50+01:00,6.516489983,3.393908122,15.0,16.0,17.0,27.113,84.644,True,True,2.587
29,2026-09-26 08:26:51+01:00,6.516478737,3.393899487,15.0,16.0,17.0,27.113,84.644,True,True,1.573
29,2026-09-26 08:26:52+01:00,6.516468634,3.393892613,15.0,16.0,17.0,27.113,84.644,True,True,1.356
29,2026-09-26 08:26:53+01:00,6.516458747,3.393884663,15.0,16.0,17.0,27.113,84.644,True,True,1.407
29,2026-09-26 08:26:54+01:00,6.516448099,3.393874545,15.0,16.0,17.0,27.113,84.644,True,True,1.628
29,2026-09-26 08:26:55+01:00,6.516444316,3.3938651,16.0,17.0,18.0,27.113,84.644,True,True,1.125
29,2026-09-26 08:26:56+01:00,6.516437959,3.393856957,16.0,17.0,18.0,27.113,84.644,True,True,1.144
29,2026-09-26 08:26:57+01:00,6.516426944,3.393845159,16.0,17.0,18.0,27.113,84.644,True,True,1.789
29,2026-09-26 08:26:58+01:00,6.51641468,3.393839782,15.0,16.0,17.0,27.113,84.644,True,True,1.487
29,2026-09-26 08:26:59+01:00,6.51640534,3.393833448,15.0,16.0,17.0,27.113,84.644,True,True,1.252
29,2026-09-26 08:27:00+01:00,6.51639518,3.393824811,15.0,16.0,17.0,27.113,84.644,True,True,1.479
29,2026-09-26 08:27:01+01:00,6.51638369,3.393815829,15.0,16.0,17.0,27.113,84.644,True,True,1.618
29,2026-09-26 08:27:02+01:00,6.51637577,3.393811193,15.0,16.0,17.0,27.113,84.644,True,True,1.019
29,2026-09-26 08:27:03+01:00,6.516363452,3.393802256,15.0,16.0,17.0,27.113,84.644,True,True,1.688
29,2026-09-26 08:27:04+01:00,6.516356046,3.393796895,15.0,16.0,17.0,27.113,84.644,True,True,1.014
29,2026-09-26 08:27:05+01:00,6.5163438,3.393790079,16.0,17.0,18.0,27.113,84.644,True,True,1.556
29,2026-09-26 08:27:06+01:00,6.516331426,3.393784327,16.0,17.0,18.0,27.113,84.644,True,True,1.516
29,2026-09-26 08:27:07+01:00,6.516320597,3.393779474,15.0,16.0,17.0,27.113,84.644,True,True,1.318
29,2026-09-26 08:27:08+01:00,6.516310378,3.39377816,15.0,16.0,17.0,27.113,84.644,True,True,1.146
29,2026-09-26 08:27:09+01:00,6.516299639,3.39377533,15.0,16.0,17.0,27.113,84.644,True,True,1.234
29,2026-09-26 08:27:10+01:00,6.516288027,3.393768884,15.0,16.0,17.0,27.113,84.644,True,True,1.475
29,2026-09-26 08:27:11+01:00,6.516278504,3.393764366,15.0,16.0,17.0,27.113,84.644,True,True,1.171
29,2026-09-26 08:27:12+01:00,6.516265711,3.393759092,15.0,16.0,17.0,27.113,84.644,True,True,1.537
29,2026-09-26 08:27:13+01:00,6.516255118,3.393756661,15.0,16.0,17.0,27.113,84.644,True,True,1.208
29,2026-09-26 08:27:14+01:00,6.516250718,3.393752778,15.0,16.0,17.0,27.113,84.644,True,True,0.651
29,2026-09-26 08:27:15+01:00,6.516237839,3.393749784,15.0,16.0,17.0,27.113,84.644,True,True,1.47
29,2026-09-26 08:27:16+01:00,6.516228488,3.393747183,15.0,16.0,17.0,27.113,84.644,True,True,1.079
29,2026-09-26 08:27:17+01:00,6.516217186,3.39374507,15.0,16.0,17.0,27.113,84.644,True,True,1.278
29,2026-09-26 08:27:18+01:00,6.516209099,3.393745283,16.0,17.0,18.0,27.113,84.644,True,True,0.9
29,2026-09-26 08:27:19+01:00,6.516197467,3.393744622,17.0,18.0,19.0,27.113,84.644,True,True,1.295
29,2026-09-26 08:27:20+01:00,6.516184116,3.393744122,17.0,18.0,19.0,27.113,84.644,True,True,1.486
29,2026-09-26 08:27:21+01:00,6.516173833,3.393743789,17.0,18.0,19.0,27.113,84.644,True,True,1.144
29,2026-09-26 08:27:22+01:00,6.516160488,3.393742967,16.0,17.0,18.0,27.113,84.644,True,True,1.487
29,2026-09-26 08:27:23+01:00,6.516150914,3.393744867,15.0,16.0,17.0,27.113,84.644,True,True,1.085
29,2026-09-26 08:27:24+01:00,6.51614012,3.393745402,16.0,17.0,18.0,27.113,84.644,True,True,1.202
29,2026-09-26 08:27:25+01:00,6.516129717,3.393746483,15.0,16.0,17.0,27.113,84.644,True,True,1.163
29,2026-09-26 08:27:26+01:00,6.516119719,3.393748482,15.0,16.0,17.0,27.113,84.644,True,True,1.133
29,2026-09-26 08:27:27+01:00,6.516106953,3.393751547,15.0,16.0,17.0,27.113,84.644,True,True,1.459
29,2026-09-26 08:27:28+01:00,6.516094957,3.393756497,15.0,16.0,17.0,27.113,84.644,True,True,1.442
29,2026-09-26 08:27:29+01:00,6.516087729,3.393760249,14.0,15.0,16.0,27.113,84.644,True,True,0.904
29,2026-09-26 08:27:30+01:00,6.516079118,3.393767784,13.0,14.0,14.0,27.113,84.644,True,True,1.269
29,2026-09-26 08:27:31+01:00,6.51607019,3.393772829,14.0,15.0,16.0,27.113,84.644,True,True,1.139
29,2026-09-26 08:27:32+01:00,6.516057747,3.39377846,15.0,16.0,17.0,27.113,86.317,True,True,1.517
29,2026-09-26 08:27:33+01:00,6.516044006,3.393785408,15.0,16.0,17.0,27.113,86.317,True,True,1.71
29,2026-09-26 08:27:34+01:00,6.516037107,3.393790697,16.0,17.0,18.0,27.113,86.317,True,True,0.964
29,2026-09-26 08:27:35+01:00,6.516030794,3.393794434,16.0,17.0,18.0,27.113,86.317,True,True,0.814
29,2026-09-26 08:27:36+01:00,6.516022646,3.393800861,16.0,17.0,18.0,27.113,86.317,True,True,1.151
29,2026-09-26 08:27:37+01:00,6.516011467,3.393809,16.0,17.0,18.0,27.113,86.317,True,True,1.534
29,2026-09-26 08:27:38+01:00,6.516002252,3.393818777,16.0,17.0,18.0,27.113,86.317,True,True,1.489
29,2026-09-26 08:27:39+01:00,6.515993908,3.393830312,15.0,16.0,17.0,27.113,86.317,True,True,1.576
29,2026-09-26 08:27:40+01:00,6.515986154,3.393840759,15.0,16.0,17.0,27.113,86.317,True,True,1.441
29,2026-09-26 08:27:41+01:00,6.515977551,3.39385076,15.0,16.0,17.0,27.113,86.317,True,True,1.461
29,2026-09-26 08:27:42+01:00,6.515969703,3.39386139,15.0,16.0,17.0,27.113,86.317,True,True,1.463
29,2026-09-26 08:27:43+01:00,6.515966024,3.393868763,15.0,16.0,17.0,27.113,86.317,True,True,0.912
29,2026-09-26 08:27:44+01:00,6.515959545,3.393880176,15.0,16.0,17.0,27.113,86.317,True,True,1.452
29,2026-09-26 08:27:45+01:00,6.515954291,3.393890088,15.0,16.0,17.0,27.113,86.317,True,True,1.241
29,2026-09-26 08:27:46+01:00,6.515946888,3.39389969,15.0,16.0,17.0,27.113,86.317,True,True,1.343
29,2026-09-26 08:27:47+01:00,6.515942076,3.393910389,15.0,16.0,17.0,27.113,86.317,True,True,1.297
29,2026-09-26 08:27:48+01:00,6.515938016,3.393922179,15.0,16.0,17.0,27.113,86.317,True,True,1.379
29,2026-09-26 08:27:49+01:00,6.515933388,3.393934189,15.0,16.0,17.0,27.113,86.317,True,True,1.423
29,2026-09-26 08:27:50+01:00,6.515928089,3.393948003,15.0,16.0,17.0,27.113,86.317,True,True,1.636
29,2026-09-26 08:27:51+01:00,6.515925164,3.393960137,14.0,15.0,16.0,27.113,86.317,True,True,1.379
29,2026-09-26 08:27:52+01:00,6.515922844,3.393972743,14.0,15.0,16.0,27.113,86.317,True,True,1.416
29,2026-09-26 08:27:53+01:00,6.515918214,3.39398232,14.0,15.0,16.0,27.113,86.317,True,True,1.177
29,2026-09-26 08:27:54+01:00,6.515915992,3.393993068,14.0,15.0,16.0,27.113,86.317,True,True,1.213
29,2026-09-26 08:27:55+01:00,6.515915785,3.394002577,14.0,15.0,16.0,27.113,86.317,True,True,1.051
29,2026-09-26 08:27:56+01:00,6.515911783,3.394011492,14.0,15.0,16.0,27.113,86.317,True,True,1.081
29,2026-09-26 08:27:57+01:00,6.515909219,3.394025018,14.0,15.0,16.0,27.113,86.317,True,True,1.521
29,2026-09-26 08:27:58+01:00,6.515909882,3.394036415,15.0,16.0,17.0,27.113,86.317,True,True,1.261
29,2026-09-26 08:27:59+01:00,6.515905326,3.394052638,15.0,16.0,17.0,27.113,86.317,True,True,1.862
29,2026-09-26 08:28:00+01:00,6.515903032,3.394059497,16.0,17.0,18.0,27.113,86.317,True,True,0.8
29,2026-09-26 08:28:01+01:00,6.515901359,3.394068797,16.0,17.0,18.0,27.113,86.317,True,True,1.044
29,2026-09-26 08:28:02+01:00,6.515900705,3.394075848,16.0,17.0,18.0,27.113,86.317,True,True,0.782
29,2026-09-26 08:28:03+01:00,6.515902864,3.394086961,16.0,17.0,18.0,27.113,86.317,True,True,1.251
29,2026-09-26 08:28:04+01:00,6.51590314,3.394100751,16.0,17.0,18.0,27.113,86.317,True,True,1.524
29,2026-09-26 08:28:05+01:00,6.515905964,3.394113059,15.0,16.0,17.0,27.113,86.317,True,True,1.396
29,2026-09-26 08:28:06+01:00,6.515902884,3.394122397,15.0,16.0,17.0,27.113,86.317,True,True,1.087
29,2026-09-26 08:28:07+01:00,6.515900549,3.39413552,16.0,17.0,18.0,27.113,86.317,True,True,1.473
29,2026-09-26 08:28:08+01:00,6.515899844,3.394143458,16.0,17.0,18.0,27.113,86.317,True,True,0.88
29,2026-09-26 08:28:09+01:00,6.515896289,3.394153883,16.0,17.0,18.0,27.113,86.317,True,True,1.218
29,2026-09-26 08:28:10+01:00,6.515894192,3.394165197,16.0,17.0,18.0,27.113,86.317,True,True,1.271
29,2026-09-26 08:28:11+01:00,6.51589545,3.394178754,16.0,17.0,18.0,27.113,86.317,True,True,1.504
29,2026-09-26 08:28:12+01:00,6.515892672,3.39418864,16.0,17.0,18.0,27.113,86.317,True,True,1.135
29,2026-09-26 08:28:13+01:00,6.515890594,3.394199524,16.0,17.0,18.0,27.113,86.317,True,True,1.224
29,2026-09-26 08:28:14+01:00,6.515888544,3.394213524,15.0,16.0,17.0,27.113,86.317,True,True,1.563
29,2026-09-26 08:28:15+01:00,6.51588622,3.394221553,15.0,16.0,17.0,27.113,86.317,True,True,0.924
29,2026-09-26 08:28:16+01:00,6.515888523,3.394233261,15.0,16.0,17.0,27.113,86.317,True,True,1.319
29,2026-09-26 08:28:17+01:00,6.515890301,3.394245204,15.0,16.0,17.0,27.113,86.317,True,True,1.334
29,2026-09-26 08:28:18+01:00,6.51588556,3.394256252,15.0,16.0,17.0,27.113,86.317,True,True,1.33
29,2026-09-26 08:28:19+01:00,6.515881805,3.394261823,15.0,16.0,17.0,27.113,86.317,True,True,0.744
29,2026-09-26 08:28:20+01:00,6.515884249,3.394273304,15.0,16.0,17.0,27.113,86.317,True,True,1.297
29,2026-09-26 08:28:21+01:00,6.515879418,3.394284191,15.0,16.0,17.0,27.113,86.317,True,True,1.317
29,2026-09-26 08:28:22+01:00,6.5158824,3.394293409,15.0,16.0,17.0,27.113,86.317,True,True,1.071
29,2026-09-26 08:28:23+01:00,6.51588076,3.394304573,15.0,16.0,17.0,27.113,86.317,True,True,1.247
29,2026-09-26 08:28:24+01:00,6.515879137,3.394311189,14.0,16.0,16.0,27.113,86.317,True,True,0.753
29,2026-09-26 08:28:25+01:00,6.515876922,3.394325598,14.0,15.0,16.0,27.113,86.317,True,True,1.611
29,2026-09-26 08:28:26+01:00,6.515875733,3.394336552,14.0,15.0,16.0,27.113,86.317,True,True,1.217
29,2026-09-26 08:28:27+01:00,6.515874228,3.394347211,14.0,15.0,16.0,27.113,86.317,True,True,1.189
29,2026-09-26 08:28:28+01:00,6.51586916,3.394359338,15.0,16.0,17.0,27.113,86.317,True,True,1.453
29,2026-09-26 08:28:29+01:00,6.515865752,3.394369166,15.0,16.0,17.0,27.113,86.317,True,True,1.15
29,2026-09-26 08:28:30+01:00,6.515863864,3.394379218,15.0,16.0,17.0,27.113,86.317,True,True,1.13
29,2026-09-26 08:28:31+01:00,6.515866191,3.394390909,15.0,17.0,18.0,27.113,86.317,True,True,1.317
29,2026-09-26 08:28:32+01:00,6.515870106,3.394404621,16.0,17.0,18.0,27.113,85.761,True,True,1.576
29,2026-09-26 08:28:33+01:00,6.515871485,3.394415539,15.0,16.0,17.0,27.113,85.761,True,True,1.216
29,2026-09-26 08:28:34+01:00,6.515869569,3.394430462,15.0,16.0,17.0,27.113,85.761,True,True,1.662
29,2026-09-26 08:28:35+01:00,6.515869837,3.394443209,15.0,16.0,17.0,27.113,85.761,True,True,1.409
29,2026-09-26 08:28:36+01:00,6.515872463,3.394451184,15.0,16.0,17.0,27.113,85.761,True,True,0.928
29,2026-09-26 08:28:37+01:00,6.515875845,3.394461459,15.0,16.0,17.0,27.113,85.761,True,True,1.196
29,2026-09-26 08:28:38+01:00,6.515885305,3.394477533,16.0,17.0,18.0,27.113,85.761,True,True,2.064
29,2026-09-26 08:28:39+01:00,6.515890718,3.394487904,16.0,17.0,18.0,27.113,85.761,True,True,1.294
29,2026-09-26 08:28:40+01:00,6.515902493,3.394496609,17.0,18.0,19.0,27.113,85.761,True,True,1.625
29,2026-09-26 08:28:41+01:00,6.515912823,3.394511612,17.0,18.0,19.0,27.113,85.761,True,True,2.017
29,2026-09-26 08:28:42+01:00,6.515920454,3.394516152,17.0,18.0,19.0,27.113,85.761,True,True,0.986
29,2026-09-26 08:28:43+01:00,6.515929875,3.394526785,17.0,18.0,19.0,27.113,85.761,True,True,1.574
29,2026-09-26 08:28:44+01:00,6.515942483,3.394534799,17.0,18.0,19.0,27.113,85.761,True,True,1.658
29,2026-09-26 08:28:45+01:00,6.515954615,3.394545136,17.0,18.0,19.0,27.113,85.761,True,True,1.767
29,2026-09-26 08:28:46+01:00,6.515963115,3.394549827,17.0,18.0,19.0,27.113,85.761,True,True,1.078
29,2026-09-26 08:28:47+01:00,6.51597018,3.394558594,17.0,18.0,19.0,27.113,85.761,True,True,1.247
29,2026-09-26 08:28:48+01:00,6.515984506,3.394565938,17.0,18.0,19.0,27.113,85.761,True,True,1.788
29,2026-09-26 08:28:49+01:00,6.515997018,3.394570942,17.0,18.0,19.0,27.113,85.761,True,True,1.497
29,2026-09-26 08:28:50+01:00,6.516007836,3.394575229,17.0,18.0,19.0,27.113,85.761,True,True,1.293
29,2026-09-26 08:28:51+01:00,6.51601852,3.394575667,17.0,18.0,19.0,27.113,85.761,True,True,1.189
29,2026-09-26 08:28:52+01:00,6.516028629,3.394573119,17.0,18.0,19.0,27.113,85.761,True,True,1.159
29,2026-09-26 08:28:53+01:00,6.516040345,3.394579972,16.0,17.0,18.0,27.113,85.761,True,True,1.507
29,2026-09-26 08:28:54+01:00,6.516060094,3.394586812,15.0,16.0,17.0,27.113,85.761,True,True,2.322
29,2026-09-26 08:28:55+01:00,6.516065366,3.394585415,14.0,15.0,16.0,27.113,85.761,True,True,0.606
29,2026-09-26 08:28:56+01:00,6.516075462,3.394588781,14.0,15.0,16.0,27.113,85.761,True,True,1.183
29,2026-09-26 08:28:57+01:00,6.516086177,3.394587564,16.0,17.0,18.0,27.113,85.761,True,True,1.199
29,2026-09-26 08:28:58+01:00,6.516099263,3.394592023,15.0,16.0,17.0,27.113,85.761,True,True,1.536
29,2026-09-26 08:28:59+01:00,6.516110366,3.394591211,15.0,16.0,17.0,27.113,85.761,True,True,1.238
29,2026-09-26 08:29:00+01:00,6.516120092,3.394589934,15.0,16.0,17.0,27.113,85.761,True,True,1.091
29,2026-09-26 08:29:01+01:00,6.516134464,3.394587096,14.0,15.0,16.0,27.113,85.761,True,True,1.629
29,2026-09-26 08:29:02+01:00,6.516158541,3.394586443,14.0,15.0,16.0,27.113,85.761,True,True,2.678
29,2026-09-26 08:29:03+01:00,6.516164099,3.39458881,14.0,15.0,16.0,27.113,85.761,True,True,0.671
29,2026-09-26 08:29:04+01:00,6.516173438,3.39459474,14.0,15.0,16.0,27.113,85.761,True,True,1.228
29,2026-09-26 08:29:05+01:00,6.516183822,3.394599114,15.0,16.0,17.0,27.113,85.761,True,True,1.252
29,2026-09-26 08:29:06+01:00,6.516198114,3.394603659,14.0,16.0,16.0,27.113,85.761,True,True,1.667
29,2026-09-26 08:29:07+01:00,6.516210541,3.394606018,14.0,15.0,16.0,27.113,85.761,True,True,1.406
29,2026-09-26 08:29:08+01:00,6.516223487,3.394607074,14.0,15.0,16.0,27.113,85.761,True,True,1.444
29,2026-09-26 08:29:09+01:00,6.516233601,3.394610475,15.0,16.0,17.0,27.113,85.761,True,True,1.186
29,2026-09-26 08:29:10+01:00,6.516246321,3.394610644,15.0,16.0,17.0,27.113,85.761,True,True,1.415
29,2026-09-26 08:29:11+01:00,6.516259838,3.394610149,16.0,17.0,18.0,27.113,85.761,True,True,1.504
29,2026-09-26 08:29:12+01:00,6.516271517,3.394610026,15.0,16.0,17.0,27.113,85.761,True,True,1.299
29,2026-09-26 08:29:13+01:00,6.516285709,3.394613157,15.0,16.0,17.0,27.113,85.761,True,True,1.616
29,2026-09-26 08:29:14+01:00,6.516297527,3.394617357,16.0,17.0,18.0,27.113,85.761,True,True,1.394
29,2026-09-26 08:29:15+01:00,6.516310351,3.394618112,16.0,17.0,18.0,27.113,85.761,True,True,1.428
29,2026-09-26 08:29:16+01:00,6.516323026,3.394616933,16.0,17.0,18.0,27.113,85.761,True,True,1.415
29,2026-09-26 08:29:17+01:00,6.516335043,3.394616731,16.0,17.0,18.0,27.113,85.761,True,True,1.336
29,2026-09-26 08:29:18+01:00,6.516349457,3.394616866,16.0,17.0,18.0,27.113,85.761,True,True,1.603
29,2026-09-26 08:29:19+01:00,6.516360337,3.394615582,16.0,17.0,18.0,27.113,85.761,True,True,1.218
29,2026-09-26 08:29:20+01:00,6.516372848,3.394618455,15.0,17.0,18.0,27.113,85.761,True,True,1.427
29,2026-09-26 08:29:21+01:00,6.516383709,3.394619329,15.0,16.0,17.0,27.113,85.761,True,True,1.212
29,2026-09-26 08:29:22+01:00,6.516391025,3.394620744,15.0,16.0,17.0,27.113,85.761,True,True,0.828
29,2026-09-26 08:29:23+01:00,6.516399619,3.394620506,16.0,17.0,18.0,27.113,85.761,True,True,0.956
29,2026-09-26 08:29:24+01:00,6.516411777,3.394620621,16.0,17.0,18.0,27.113,85.761,True,True,1.352
29,2026-09-26 08:29:25+01:00,6.516427472,3.394623227,15.0,16.0,17.0,27.113,85.761,True,True,1.769
29,2026-09-26 08:29:26+01:00,6.516436428,3.39462204,15.0,16.0,17.0,27.113,85.761,True,True,1.004
29,2026-09-26 08:29:27+01:00,6.516448221,3.394618719,16.0,17.0,18.0,27.113,85.761,True,True,1.362
29,2026-09-26 08:29:28+01:00,6.516459971,3.394621763,15.0,16.0,17.0,27.113,85.761,True,True,1.349
29,2026-09-26 08:29:29+01:00,6.516471899,3.394620095,15.0,16.0,17.0,27.113,85.761,True,True,1.339
29,2026-09-26 08:29:30+01:00,6.516481681,3.394624114,15.0,16.0,17.0,27.113,85.761,True,True,1.175
29,2026-09-26 08:29:31+01:00,6.516494409,3.39462791,15.0,16.0,17.0,27.113,85.761,True,True,1.476
29,2026-09-26 08:29:32+01:00,6.516505494,3.394629586,15.0,16.0,17.0,27.113,86.317,True,True,1.246
29,2026-09-26 08:29:33+01:00,6.516519025,3.394632152,15.0,16.0,17.0,27.113,86.317,True,True,1.531
29,2026-09-26 08:29:34+01:00,6.516527162,3.394629437,14.0,15.0,16.0,27.113,86.317,True,True,0.953
29,2026-09-26 08:29:35+01:00,6.516538099,3.394633647,13.0,14.0,14.0,27.113,86.317,True,True,1.302
29,2026-09-26 08:29:36+01:00,6.516553172,3.394637527,13.0,14.0,14.0,27.113,86.317,True,True,1.73
29,2026-09-26 08:29:37+01:00,6.516564582,3.394638281,13.0,14.0,14.0,27.113,86.317,True,True,1.271
29,2026-09-26 08:29:38+01:00,6.516576625,3.39463773,13.0,14.0,14.0,27.113,86.317,True,True,1.341
29,2026-09-26 08:29:39+01:00,6.516590891,3.394636363,13.0,14.0,14.0,27.113,86.317,True,True,1.593
29,2026-09-26 08:29:40+01:00,6.516603374,3.394635292,13.0,14.0,14.0,27.113,86.317,True,True,1.393
29,2026-09-26 08:29:41+01:00,6.51661812,3.39463684,13.0,14.0,14.0,27.113,86.317,True,True,1.649
29,2026-09-26 08:29:43+01:00,6.516626816,3.394638834,13.0,14.0,14.0,27.113,86.317,True,True,0.496
29,2026-09-26 08:29:44+01:00,6.516645027,3.394646827,12.0,13.0,13.0,27.113,86.317,True,True,2.209
29,2026-09-26 08:29:45+01:00,6.516660711,3.39464906,12.0,13.0,13.0,27.113,86.317,True,True,1.761
29,2026-09-26 08:29:46+01:00,6.516670376,3.394649924,13.0,14.0,14.0,27.113,86.317,True,True,1.079
29,2026-09-26 08:29:47+01:00,6.516681184,3.394649458,13.0,14.0,14.0,27.113,86.317,True,True,1.203
29,2026-09-26 08:29:48+01:00,6.516693252,3.394652645,13.0,14.0,14.0,27.113,86.317,True,True,1.387
29,2026-09-26 08:29:49+01:00,6.516703338,3.394652187,13.0,14.0,14.0,27.113,86.317,True,True,1.123
29,2026-09-26 08:29:50+01:00,6.516717349,3.394648152,13.0,14.0,14.0,27.113,86.317,True,True,1.62
29,2026-09-26 08:29:51+01:00,6.516726737,3.394653999,13.0,14.0,14.0,27.113,86.317,True,True,1.228
29,2026-09-26 08:29:52+01:00,6.516737811,3.394652209,13.0,14.0,14.0,27.113,86.317,True,True,1.247
29,2026-09-26 08:29:53+01:00,6.516749974,3.394651197,14.0,15.0,16.0,27.113,86.317,True,True,1.357
29,2026-09-26 08:29:54+01:00,6.516759469,3.394652683,14.0,15.0,16.0,27.113,86.317,True,True,1.068
29,2026-09-26 08:29:55+01:00,6.516771397,3.394654052,15.0,16.0,17.0,27.113,86.317,True,True,1.335
29,2026-09-26 08:29:56+01:00,6.516784605,3.394654633,16.0,17.0,18.0,27.113,86.317,True,True,1.47
29,2026-09-26 08:29:57+01:00,6.516796623,3.394655778,16.0,17.0,18.0,27.113,86.317,True,True,1.342
29,2026-09-26 08:29:58+01:00,6.516805523,3.394657405,16.0,17.0,18.0,27.113,86.317,True,True,1.006
29,2026-09-26 08:29:59+01:00,6.516817253,3.394658089,16.0,17.0,18.0,27.113,86.317,True,True,1.307
29,2026-09-26 08:30:01+01:00,6.51683923,3.394659523,16.0,17.0,18.0,27.113,86.317,True,True,1.224
29,2026-09-26 08:30:02+01:00,6.516851076,3.394660055,17.0,18.0,19.0,27.113,86.317,True,True,1.319
29,2026-09-26 08:30:03+01:00,6.516861718,3.39466519,17.0,18.0,19.0,27.113,86.317,True,True,1.312
29,2026-09-26 08:30:04+01:00,6.516872735,3.394666145,17.0,18.0,19.0,27.113,86.317,True,True,1.23
29,2026-09-26 08:30:06+01:00,6.516891827,3.394671543,16.0,17.0,18.0,27.113,86.317,True,True,1.103
29,2026-09-26 08:30:07+01:00,6.516905415,3.394671372,15.0,16.0,17.0,27.113,86.317,True,True,1.511
29,2026-09-26 08:30:08+01:00,6.516917887,3.394670434,15.0,16.0,17.0,27.113,86.317,True,True,1.391
29,2026-09-26 08:30:10+01:00,6.516929597,3.394672385,16.0,17.0,18.0,27.113,86.317,True,True,0.66
29,2026-09-26 08:30:12+01:00,6.516946644,3.394663331,16.0,17.0,18.0,27.113,86.317,True,True,1.072
29,2026-09-26 08:30:14+01:00,6.516958584,3.39464836,15.0,16.0,17.0,27.113,86.317,True,True,1.06
29,2026-09-26 08:30:15+01:00,6.516974267,3.394628769,15.0,16.0,17.0,27.113,86.317,True,True,2.779
29,2026-09-26 08:30:16+01:00,6.516980966,3.394623555,15.0,16.0,17.0,27.113,86.317,True,True,0.942
29,2026-09-26 08:30:17+01:00,6.516987549,3.394616775,15.0,16.0,17.0,27.113,86.317,True,True,1.047
29,2026-09-26 08:30:18+01:00,6.516994092,3.394600378,15.0,16.0,17.0,27.113,86.317,True,True,1.952
29,2026-09-26 08:30:19+01:00,6.516997549,3.394593773,15.0,16.0,17.0,27.113,86.317,True,True,0.825
29,2026-09-26 08:30:21+01:00,6.517007883,3.39457907,14.0,15.0,16.0,27.113,86.317,True,True,0.995
29,2026-09-26 08:30:22+01:00,6.517014054,3.394568765,15.0,16.0,17.0,27.113,86.317,True,True,1.329
29,2026-09-26 08:30:23+01:00,6.517018921,3.394561593,15.0,16.0,17.0,27.113,86.317,True,True,0.96
29,2026-09-26 08:30:24+01:00,6.517018921,3.394561593,14.0,15.0,16.0,27.113,86.317,True,True,0.0
29,2026-09-26 08:30:25+01:00,6.517027426,3.394536745,15.0,16.0,17.0,27.113,86.317,True,True,2.903
29,2026-09-26 08:30:26+01:00,6.517028811,3.394528626,15.0,16.0,17.0,27.113,86.317,True,True,0.91
29,2026-09-26 08:30:27+01:00,6.517027685,3.394520615,14.0,15.0,16.0,27.113,86.317,True,True,0.894
29,2026-09-26 08:30:28+01:00,6.517026902,3.394511007,14.0,15.0,16.0,27.113,86.317,True,True,1.065
29,2026-09-26 08:30:29+01:00,6.517024707,3.39449937,15.0,16.0,17.0,27.113,86.317,True,True,1.309
29,2026-09-26 08:30:30+01:00,6.517027901,3.39449024,15.0,16.0,17.0,27.113,86.317,True,True,1.069
29,2026-09-26 08:30:31+01:00,6.517032696,3.394476807,14.0,15.0,16.0,27.113,86.317,True,True,1.577
29,2026-09-26 08:30:32+01:00,6.517031711,3.394462056,14.0,16.0,16.0,27.113,86.317,True,True,1.633
29,2026-09-26 08:30:33+01:00,6.517029917,3.394458625,15.0,16.0,17.0,27.113,86.317,True,True,0.428
29,2026-09-26 08:30:34+01:00,6.517028682,3.394448381,15.0,16.0,17.0,27.113,86.317,True,True,1.14
29,2026-09-26 08:30:35+01:00,6.517026384,3.394437752,15.0,16.0,17.0,27.113,86.317,True,True,1.202
29,2026-09-26 08:30:36+01:00,6.517019597,3.394429014,16.0,17.0,18.0,27.113,86.317,True,True,1.225
29,2026-09-26 08:30:37+01:00,6.517013421,3.394418665,17.0,18.0,19.0,27.113,86.317,True,True,1.334
29,2026-09-26 08:30:38+01:00,6.517007483,3.394412006,15.0,16.0,17.0,27.113,86.317,True,True,0.989
29,2026-09-26 08:30:39+01:00,6.517003174,3.394405503,14.0,15.0,16.0,27.113,86.317,True,True,0.864
29,2026-09-26 08:30:40+01:00,6.516995425,3.394396614,14.0,15.0,16.0,27.113,86.317,True,True,1.306
29,2026-09-26 08:30:41+01:00,6.516987044,3.394386284,14.0,15.0,16.0,27.113,86.317,True,True,1.473
29,2026-09-26 08:30:42+01:00,6.516978676,3.394376412,14.0,15.0,16.0,27.113,86.317,True,True,1.434
29,2026-09-26 08:30:43+01:00,6.516974793,3.394371146,15.0,16.0,17.0,27.113,86.317,True,True,0.724
29,2026-09-26 08:30:44+01:00,6.516972351,3.394364385,15.0,16.0,17.0,27.113,86.317,True,True,0.795
29,2026-09-26 08:30:45+01:00,6.516963211,3.39435661,15.0,16.0,17.0,27.113,86.317,True,True,1.331
29,2026-09-26 08:30:46+01:00,6.516955658,3.394349603,15.0,16.0,17.0,27.113,86.317,True,True,1.142
29,2026-09-26 08:30:47+01:00,6.516949009,3.394340854,15.0,16.0,17.0,27.113,86.317,True,True,1.217
29,2026-09-26 08:30:48+01:00,6.516938317,3.394334295,14.0,16.0,16.0,27.113,86.317,True,True,1.392
29,2026-09-26 08:30:49+01:00,6.516930535,3.394326603,14.0,15.0,16.0,27.113,86.317,True,True,1.213
29,2026-09-26 08:30:50+01:00,6.51692167,3.394321757,14.0,15.0,16.0,27.113,86.317,True,True,1.122
29,2026-09-26 08:30:51+01:00,6.516916123,3.394316538,14.0,15.0,16.0,27.113,86.317,True,True,0.844
29,2026-09-26 08:30:52+01:00,6.516908053,3.394311333,14.0,15.0,16.0,27.113,86.317,True,True,1.066
29,2026-09-26 08:30:53+01:00,6.516904931,3.394308018,14.0,15.0,16.0,27.113,86.317,True,True,0.505
29,2026-09-26 08:30:54+01:00,6.516906451,3.394308966,14.0,15.0,16.0,27.113,86.317,True,True,0.199
29,2026-09-26 08:30:55+01:00,6.516908457,3.394308864,14.0,15.0,16.0,27.113,86.317,True,True,0.223
29,2026-09-26 08:30:56+01:00,6.5169091,3.394309482,15.0,16.0,17.0,27.113,86.317,True,True,0.099
29,2026-09-26 08:30:57+01:00,6.516909351,3.394308588,15.0,16.0,17.0,27.113,86.317,True,True,0.103
29,2026-09-26 08:30:58+01:00,6.516908487,3.39430665,15.0,16.0,17.0,27.113,86.317,True,True,0.235
29,2026-09-26 08:30:59+01:00,6.516906802,3.394307886,15.0,16.0,17.0,27.113,86.317,True,True,0.232
29,2026-09-26 08:31:00+01:00,6.516906554,3.39430911,15.0,16.0,17.0,27.113,86.317,True,True,0.138
29,2026-09-26 08:31:01+01:00,6.516906514,3.394308926,14.0,15.0,16.0,27.113,86.317,True,True,0.021
29,2026-09-26 08:31:02+01:00,6.5169077,3.394309214,14.0,15.0,16.0,27.113,86.317,True,True,0.136
29,2026-09-26 08:31:03+01:00,6.516908153,3.394307864,14.0,15.0,16.0,27.113,86.317,True,True,0.157
29,2026-09-26 08:31:04+01:00,6.516908662,3.394307623,13.0,14.0,14.0,27.113,86.317,True,True,0.063
29,2026-09-26 08:31:05+01:00,6.516908662,3.394307623,13.0,14.0,14.0,27.113,86.317,True,True,0.0
29,2026-09-26 08:31:06+01:00,6.516905039,3.394307312,14.0,15.0,16.0,27.113,86.317,True,True,0.404
29,2026-09-26 08:31:07+01:00,6.516906491,3.394307361,14.0,15.0,16.0,27.113,86.317,True,True,0.162
29,2026-09-26 08:31:08+01:00,6.51690531,3.394305748,14.0,15.0,16.0,27.113,86.317,True,True,0.221
29,2026-09-26 08:31:09+01:00,6.516906074,3.394306044,14.0,15.0,16.0,27.113,86.317,True,True,0.091
29,2026-09-26 08:31:10+01:00,6.51690661,3.394305264,14.0,15.0,16.0,27.113,86.317,True,True,0.105
29,2026-09-26 08:31:11+01:00,6.51690528,3.394304526,15.0,16.0,17.0,27.113,86.317,True,True,0.169
29,2026-09-26 08:31:12+01:00,6.516900193,3.394301008,15.0,16.0,17.0,27.113,86.317,True,True,0.686
29,2026-09-26 08:31:13+01:00,6.516895745,3.394288137,14.0,15.0,16.0,27.113,86.317,True,True,1.506
29,2026-09-26 08:31:14+01:00,6.51688697,3.394280192,14.0,15.0,16.0,27.113,86.317,True,True,1.312
29,2026-09-26 08:31:15+01:00,6.516888041,3.394276528,15.0,16.0,17.0,27.113,86.317,True,True,0.422
29,2026-09-26 08:31:16+01:00,6.516876539,3.39426825,15.0,16.0,17.0,27.113,86.317,True,True,1.572
29,2026-09-26 08:31:17+01:00,6.516865315,3.39425916,14.0,15.0,16.0,27.113,86.317,True,True,1.602
29,2026-09-26 08:31:18+01:00,6.51685723,3.394254328,14.0,15.0,16.0,27.113,86.317,True,True,1.046
29,2026-09-26 08:31:19+01:00,6.516849456,3.394244864,14.0,15.0,16.0,27.113,86.317,True,True,1.357
29,2026-09-26 08:31:20+01:00,6.516843099,3.394238073,14.0,15.0,16.0,27.113,86.317,True,True,1.031
29,2026-09-26 08:31:21+01:00,6.51682783,3.394230262,14.0,15.0,16.0,27.113,86.317,True,True,1.905
29,2026-09-26 08:31:22+01:00,6.516819824,3.394221156,15.0,16.0,17.0,27.113,86.317,True,True,1.343
29,2026-09-26 08:31:23+01:00,6.516816327,3.394216586,15.0,16.0,17.0,27.113,86.317,True,True,0.637
29,2026-09-26 08:31:24+01:00,6.516807643,3.3942086,14.0,15.0,16.0,27.113,86.317,True,True,1.308
29,2026-09-26 08:31:25+01:00,6.516799364,3.394202033,13.0,14.0,14.0,27.113,86.317,True,True,1.172
29,2026-09-26 08:31:26+01:00,6.516798182,3.394200097,13.0,14.0,14.0,27.113,86.317,True,True,0.251
29,2026-09-26 08:31:27+01:00,6.516792064,3.394192437,14.0,15.0,16.0,27.113,86.317,True,True,1.086
29,2026-09-26 08:31:28+01:00,6.516781419,3.39418042,14.0,15.0,16.0,27.113,86.317,True,True,1.779
29,2026-09-26 08:31:29+01:00,6.516776001,3.394174986,14.0,15.0,16.0,27.113,86.317,True,True,0.85
29,2026-09-26 08:31:30+01:00,6.516766965,3.394166195,14.0,15.0,16.0,27.113,86.317,True,True,1.397
29,2026-09-26 08:31:31+01:00,6.516759348,3.394157405,14.0,15.0,16.0,27.113,86.317,True,True,1.289
29,2026-09-26 08:31:32+01:00,6.516750027,3.394149831,14.0,15.0,16.0,27.113,84.644,True,True,1.332
29,2026-09-26 08:31:33+01:00,6.516741629,3.394140128,14.0,15.0,16.0,27.113,84.644,True,True,1.422
29,2026-09-26 08:31:34+01:00,6.516732244,3.394129407,15.0,16.0,17.0,27.113,84.644,True,True,1.579
29,2026-09-26 08:31:35+01:00,6.516724957,3.394121537,14.0,15.0,16.0,27.113,84.644,True,True,1.188
29,2026-09-26 08:31:36+01:00,6.516718117,3.394114542,13.0,14.0,14.0,27.113,84.644,True,True,1.084
29,2026-09-26 08:31:37+01:00,6.516710687,3.394108334,13.0,14.0,14.0,27.113,84.644,True,True,1.074
29,2026-09-26 08:31:38+01:00,6.516702832,3.394101868,14.0,15.0,16.0,27.113,84.644,True,True,1.128
29,2026-09-26 08:31:39+01:00,6.516692192,3.394095182,14.0,15.0,16.0,27.113,84.644,True,True,1.395
29,2026-09-26 08:31:40+01:00,6.516683287,3.394086891,14.0,15.0,16.0,27.113,84.644,True,True,1.349
29,2026-09-26 08:31:41+01:00,6.51667815,3.394078988,14.0,15.0,16.0,27.113,84.644,True,True,1.043
29,2026-09-26 08:31:42+01:00,6.5166711,3.394071142,14.0,15.0,16.0,27.113,84.644,True,True,1.169
29,2026-09-26 08:31:43+01:00,6.516664002,3.39406695,14.0,15.0,16.0,27.113,84.644,True,True,0.915
29,2026-09-26 08:31:44+01:00,6.516653961,3.394056616,13.0,14.0,14.0,27.113,84.644,True,True,1.597
29,2026-09-26 08:31:45+01:00,6.516644532,3.39405109,13.0,14.0,14.0,27.113,84.644,True,True,1.213
29,2026-09-26 08:31:46+01:00,6.516635325,3.394040382,13.0,14.0,14.0,27.113,84.644,True,True,1.564
29,2026-09-26 08:31:47+01:00,6.516623881,3.394033307,14.0,15.0,16.0,27.113,84.644,True,True,1.493
29,2026-09-26 08:31:48+01:00,6.516616067,3.394024731,14.0,15.0,16.0,27.113,84.644,True,True,1.286
29,2026-09-26 08:31:49+01:00,6.516609854,3.394017547,14.0,15.0,16.0,27.113,84.644,True,True,1.052
29,2026-09-26 08:31:50+01:00,6.516600031,3.394008955,13.0,14.0,14.0,27.113,84.644,True,True,1.447
29,2026-09-26 08:31:51+01:00,6.516591042,3.394003036,13.0,14.0,14.0,27.113,84.644,True,True,1.194
29,2026-09-26 08:31:52+01:00,6.516581584,3.393994394,14.0,15.0,16.0,27.113,84.644,True,True,1.42
29,2026-09-26 08:31:53+01:00,6.516576294,3.393986701,14.0,15.0,16.0,27.113,84.644,True,True,1.034
29,2026-09-26 08:31:54+01:00,6.516568047,3.393980575,14.0,15.0,16.0,27.113,84.644,True,True,1.14
29,2026-09-26 08:31:55+01:00,6.516559808,3.393973575,14.0,15.0,16.0,27.113,84.644,True,True,1.199
29,2026-09-26 08:31:56+01:00,6.516553213,3.393966433,14.0,15.0,16.0,27.113,84.644,True,True,1.077
29,2026-09-26 08:31:57+01:00,6.516546647,3.393958183,15.0,16.0,17.0,27.113,84.644,True,True,1.168
29,2026-09-26 08:31:58+01:00,6.516538607,3.393948445,15.0,16.0,17.0,27.113,84.644,True,True,1.399
29,2026-09-26 08:31:59+01:00,6.516530914,3.393939712,15.0,16.0,17.0,27.113,84.644,True,True,1.289
29,2026-09-26 08:32:00+01:00,6.51652183,3.393932472,15.0,16.0,17.0,27.113,84.644,True,True,1.288
29,2026-09-26 08:32:01+01:00,6.516517111,3.393924355,14.0,15.0,16.0,27.113,84.644,True,True,1.039
29,2026-09-26 08:32:02+01:00,6.516506232,3.393916922,14.0,15.0,16.0,27.113,84.644,True,True,1.462
29,2026-09-26 08:32:03+01:00,6.516495682,3.393909916,14.0,15.0,16.0,27.113,84.644,True,True,1.405
29,2026-09-26 08:32:04+01:00,6.516489083,3.393902276,14.0,15.0,16.0,27.113,84.644,True,True,1.118
29,2026-09-26 08:32:05+01:00,6.516485937,3.393893864,15.0,16.0,17.0,27.113,84.644,True,True,0.993
29,2026-09-26 08:32:06+01:00,6.516478929,3.393887411,14.0,15.0,16.0,27.113,84.644,True,True,1.056
29,2026-09-26 08:32:07+01:00,6.516469501,3.39387925,13.0,14.0,14.0,27.113,84.644,True,True,1.383
29,2026-09-26 08:32:08+01:00,6.516461329,3.393873078,13.0,14.0,14.0,27.113,84.644,True,True,1.136
29,2026-09-26 08:32:09+01:00,6.516454324,3.393864583,13.0,14.0,14.0,27.113,84.644,True,True,1.22
29,2026-09-26 08:32:10+01:00,6.51644336,3.393854111,13.0,14.0,14.0,27.113,84.644,True,True,1.681
29,2026-09-26 08:32:11+01:00,6.516436412,3.393848718,14.0,15.0,16.0,27.113,84.644,True,True,0.976
29,2026-09-26 08:32:12+01:00,6.516429291,3.393844804,13.0,14.0,14.0,27.113,84.644,True,True,0.902
29,2026-09-26 08:32:13+01:00,6.516419241,3.393836627,13.0,14.0,14.0,27.113,84.644,True,True,1.437
29,2026-09-26 08:32:14+01:00,6.516410944,3.393827482,13.0,14.0,14.0,27.113,84.644,True,True,1.368
29,2026-09-26 08:32:15+01:00,6.516402145,3.393820693,13.0,14.0,14.0,27.113,84.644,True,True,1.233
29,2026-09-26 08:32:16+01:00,6.516393495,3.39381464,13.0,14.0,14.0,27.113,84.644,True,True,1.171
29,2026-09-26 08:32:17+01:00,6.516384695,3.393806415,13.0,14.0,14.0,27.113,84.644,True,True,1.335
29,2026-09-26 08:32:18+01:00,6.516373381,3.39379785,13.0,14.0,14.0,27.113,84.644,True,True,1.574
29,2026-09-26 08:32:19+01:00,6.516363355,3.393792995,13.0,14.0,14.0,27.113,84.644,True,True,1.237
29,2026-09-26 08:32:20+01:00,6.516352154,3.393787623,13.0,14.0,14.0,27.113,84.644,True,True,1.38
29,2026-09-26 08:32:21+01:00,6.516338902,3.393778006,13.0,14.0,14.0,27.113,84.644,True,True,1.817
29,2026-09-26 08:32:22+01:00,6.516331725,3.393774379,13.0,14.0,14.0,27.113,84.644,True,True,0.893
29,2026-09-26 08:32:23+01:00,6.516322577,3.393769359,14.0,15.0,16.0,27.113,84.644,True,True,1.159
29,2026-09-26 08:32:24+01:00,6.516311621,3.393767076,14.0,15.0,16.0,27.113,84.644,True,True,1.244
29,2026-09-26 08:32:25+01:00,6.516300566,3.393764421,14.0,15.0,16.0,27.113,84.644,True,True,1.264
29,2026-09-26 08:32:26+01:00,6.516285042,3.393757676,15.0,16.0,17.0,27.113,84.644,True,True,1.88
29,2026-09-26 08:32:27+01:00,6.516275824,3.39375085,16.0,17.0,18.0,27.113,84.644,True,True,1.273
29,2026-09-26 08:32:28+01:00,6.516266656,3.39374867,15.0,16.0,17.0,27.113,84.644,True,True,1.047
29,2026-09-26 08:32:29+01:00,6.516258401,3.393748717,16.0,17.0,18.0,27.113,84.644,True,True,0.918
29,2026-09-26 08:32:30+01:00,6.516245557,3.393746208,16.0,17.0,18.0,27.113,84.644,True,True,1.455
29,2026-09-26 08:32:31+01:00,6.516232133,3.393742243,16.0,17.0,18.0,27.113,84.644,True,True,1.556
29,2026-09-26 08:32:32+01:00,6.516222599,3.393739833,16.0,17.0,18.0,27.113,86.317,True,True,1.093
29,2026-09-26 08:32:33+01:00,6.516211457,3.393737113,15.0,16.0,17.0,27.113,86.317,True,True,1.275
29,2026-09-26 08:32:34+01:00,6.516200429,3.393735691,15.0,16.0,17.0,27.113,86.317,True,True,1.236
29,2026-09-26 08:32:35+01:00,6.516179218,3.393731828,16.0,17.0,18.0,27.113,86.317,True,True,2.397
29,2026-09-26 08:32:36+01:00,6.516178109,3.393732137,16.0,17.0,18.0,27.113,86.317,True,True,0.128
29,2026-09-26 08:32:37+01:00,6.516167565,3.393734608,17.0,18.0,19.0,27.113,86.317,True,True,1.204
29,2026-09-26 08:32:38+01:00,6.516153794,3.393735643,17.0,18.0,19.0,27.113,86.317,True,True,1.536
29,2026-09-26 08:32:39+01:00,6.516134716,3.39373315,16.0,17.0,18.0,27.113,86.317,True,True,2.139
29,2026-09-26 08:32:40+01:00,6.516125113,3.393735163,16.0,17.0,18.0,27.113,86.317,True,True,1.091
29,2026-09-26 08:32:41+01:00,6.516118661,3.393735999,16.0,17.0,18.0,27.113,86.317,True,True,0.723
29,2026-09-26 08:32:42+01:00,6.516106541,3.39373908,16.0,17.0,18.0,27.113,86.317,True,True,1.39
29,2026-09-26 08:32:43+01:00,6.516097098,3.393749109,16.0,17.0,18.0,27.113,86.317,True,True,1.526
29,2026-09-26 08:32:44+01:00,6.516087216,3.39375334,16.0,17.0,18.0,27.113,86.317,True,True,1.194
29,2026-09-26 08:32:45+01:00,6.51607457,3.393760123,16.0,17.0,18.0,27.113,86.317,True,True,1.593
29,2026-09-26 08:32:46+01:00,6.516065864,3.393766523,15.0,16.0,17.0,27.113,86.317,True,True,1.199
29,2026-09-26 08:32:47+01:00,6.516054124,3.39377436,15.0,16.0,17.0,27.113,86.317,True,True,1.566
29,2026-09-26 08:32:48+01:00,6.516045348,3.39378017,15.0,16.0,17.0,27.113,86.317,True,True,1.168
29,2026-09-26 08:32:49+01:00,6.516036364,3.393790114,14.0,15.0,16.0,27.113,86.317,True,True,1.485
29,2026-09-26 08:32:50+01:00,6.51603214,3.39379006,14.0,15.0,16.0,27.113,86.317,True,True,0.47
29,2026-09-26 08:32:51+01:00,6.516019522,3.393805482,14.0,15.0,16.0,27.113,86.317,True,True,2.207
29,2026-09-26 08:32:52+01:00,6.516007729,3.393812226,14.0,15.0,16.0,27.113,86.317,True,True,1.508
29,2026-09-26 08:32:53+01:00,6.515996603,3.393822767,15.0,16.0,17.0,27.113,86.317,True,True,1.699
29,2026-09-26 08:32:54+01:00,6.515986259,3.393823326,13.0,14.0,14.0,27.113,86.317,True,True,1.152
29,2026-09-26 08:32:55+01:00,6.515982376,3.393831752,13.0,14.0,14.0,27.113,86.317,True,True,1.026
29,2026-09-26 08:32:56+01:00,6.515974609,3.393840008,13.0,14.0,14.0,27.113,86.317,True,True,1.256
29,2026-09-26 08:32:57+01:00,6.515966488,3.393848981,13.0,14.0,14.0,27.113,86.317,True,True,1.341
29,2026-09-26 08:32:58+01:00,6.515958524,3.393860988,13.0,14.0,14.0,27.113,86.317,True,True,1.595
29,2026-09-26 08:32:59+01:00,6.51595176,3.393872826,13.0,14.0,14.0,27.113,86.317,True,True,1.509
29,2026-09-26 08:33:00+01:00,6.515945593,3.393882051,13.0,14.0,14.0,27.113,86.317,True,True,1.228
29,2026-09-26 08:33:01+01:00,6.515940145,3.393893304,13.0,14.0,14.0,27.113,86.317,True,True,1.383
29,2026-09-26 08:33:02+01:00,6.515934885,3.393901383,13.0,14.0,14.0,27.113,86.317,True,True,1.067
29,2026-09-26 08:33:03+01:00,6.515930841,3.393912084,13.0,14.0,14.0,27.113,86.317,True,True,1.265
29,2026-09-26 08:33:04+01:00,6.515925253,3.393921499,13.0,14.0,14.0,27.113,86.317,True,True,1.212
29,2026-09-26 08:33:05+01:00,6.515920984,3.393926061,13.0,14.0,14.0,27.113,86.317,True,True,0.692
29,2026-09-26 08:33:06+01:00,6.515918567,3.393936656,13.0,14.0,14.0,27.113,86.317,True,True,1.201
29,2026-09-26 08:33:07+01:00,6.515916164,3.393948231,13.0,14.0,14.0,27.113,86.317,True,True,1.306
29,2026-09-26 08:33:08+01:00,6.515915057,3.393957305,13.0,14.0,14.0,27.113,86.317,True,True,1.01
29,2026-09-26 08:33:09+01:00,6.51591264,3.393965919,13.0,14.0,15.0,27.113,86.317,True,True,0.989
29,2026-09-26 08:33:10+01:00,6.515909691,3.393976425,13.0,14.0,14.0,27.113,86.317,True,True,1.206
29,2026-09-26 08:33:11+01:00,6.515907914,3.393991122,13.0,14.0,14.0,27.113,86.317,True,True,1.636
29,2026-09-26 08:33:12+01:00,6.515903296,3.394005024,13.0,14.0,14.0,27.113,86.317,True,True,1.619
29,2026-09-26 08:33:13+01:00,6.515899082,3.394013061,14.0,15.0,16.0,27.113,86.317,True,True,1.004
29,2026-09-26 08:33:14+01:00,6.515897789,3.394026072,14.0,15.0,16.0,27.113,86.317,True,True,1.445
29,2026-09-26 08:33:15+01:00,6.515897086,3.394036893,14.0,15.0,16.0,27.113,86.317,True,True,1.198
29,2026-09-26 08:33:16+01:00,6.51589772,3.394047822,14.0,15.0,16.0,27.113,86.317,True,True,1.209
29,2026-09-26 08:33:17+01:00,6.515901041,3.394061508,14.0,15.0,16.0,27.113,86.317,True,True,1.556
29,2026-09-26 08:33:18+01:00,6.515898605,3.394072435,14.0,15.0,16.0,27.113,86.317,True,True,1.237
29,2026-09-26 08:33:19+01:00,6.515899751,3.394085186,14.0,15.0,16.0,27.113,86.317,True,True,1.414
29,2026-09-26 08:33:20+01:00,6.515900999,3.394094232,14.0,15.0,16.0,27.113,86.317,True,True,1.009
29,2026-09-26 08:33:21+01:00,6.515899846,3.394107476,14.0,15.0,16.0,27.113,86.317,True,True,1.469
29,2026-09-26 08:33:22+01:00,6.515897307,3.394115234,13.0,14.0,14.0,27.113,86.317,True,True,0.902
29,2026-09-26 08:33:23+01:00,6.515895055,3.394126997,14.0,15.0,16.0,27.113,86.317,True,True,1.323
29,2026-09-26 08:33:24+01:00,6.515894649,3.394136308,14.0,15.0,16.0,27.113,86.317,True,True,1.03
29,2026-09-26 08:33:25+01:00,6.515893538,3.394150753,14.0,15.0,16.0,27.113,86.317,True,True,1.601
29,2026-09-26 08:33:26+01:00,6.515892756,3.394163329,14.0,15.0,16.0,27.113,86.317,True,True,1.392
29,2026-09-26 08:33:27+01:00,6.515891399,3.394172857,14.0,15.0,16.0,27.113,86.317,True,True,1.063
29,2026-09-26 08:33:28+01:00,6.515885378,3.39417664,14.0,15.0,16.0,27.113,86.317,True,True,0.789
29,2026-09-26 08:33:29+01:00,6.51588307,3.394190585,14.0,15.0,16.0,27.113,86.317,True,True,1.562
29,2026-09-26 08:33:30+01:00,6.515884439,3.394204914,14.0,15.0,16.0,27.113,86.317,True,True,1.59
29,2026-09-26 08:33:31+01:00,6.515885444,3.394220231,14.0,15.0,16.0,27.113,86.317,True,True,1.696
29,2026-09-26 08:33:32+01:00,6.515886331,3.394228307,14.0,15.0,16.0,27.113,86.317,True,True,0.898
29,2026-09-26 08:33:33+01:00,6.515884886,3.394239173,14.0,15.0,16.0,27.113,86.317,True,True,1.211
29,2026-09-26 08:33:34+01:00,6.515884045,3.394250138,14.0,15.0,16.0,27.113,86.317,True,True,1.215
29,2026-09-26 08:33:35+01:00,6.515884747,3.394260302,14.0,15.0,16.0,27.113,86.317,True,True,1.126
29,2026-09-26 08:33:36+01:00,6.515881241,3.39427132,14.0,15.0,16.0,27.113,86.317,True,True,1.278
29,2026-09-26 08:33:37+01:00,6.515879178,3.394282065,14.0,15.0,16.0,27.113,86.317,True,True,1.209
29,2026-09-26 08:33:38+01:00,6.515879466,3.394296421,14.0,15.0,16.0,27.113,86.317,True,True,1.586
29,2026-09-26 08:33:39+01:00,6.515876944,3.394304303,14.0,15.0,16.0,27.113,86.317,True,True,0.915
29,2026-09-26 08:33:40+01:00,6.51587194,3.394311303,13.0,14.0,15.0,27.113,86.317,True,True,0.953
29,2026-09-26 08:33:41+01:00,6.515870688,3.394324857,13.0,14.0,14.0,27.113,86.317,True,True,1.504
29,2026-09-26 08:33:42+01:00,6.515870163,3.394337074,13.0,14.0,14.0,27.113,86.317,True,True,1.351
29,2026-09-26 08:33:43+01:00,6.515869029,3.394348043,14.0,15.0,16.0,27.113,86.317,True,True,1.218
29,2026-09-26 08:33:44+01:00,6.515869521,3.394360455,14.0,15.0,16.0,27.113,86.317,True,True,1.372
29,2026-09-26 08:33:45+01:00,6.515868402,3.394374921,14.0,15.0,16.0,27.113,86.317,True,True,1.603
29,2026-09-26 08:33:46+01:00,6.515867441,3.394384118,13.0,14.0,14.0,27.113,86.317,True,True,1.022
29,2026-09-26 08:33:47+01:00,6.51586739,3.394395943,14.0,15.0,16.0,27.113,86.317,True,True,1.306
29,2026-09-26 08:33:53+01:00,6.515875008,3.394467812,15.0,16.0,,27.113,86.317,True,True,1.331
29,2026-09-26 08:33:54+01:00,6.5158811,3.394471574,14.0,16.0,,27.113,86.317,True,True,0.795
29,2026-09-26 08:33:55+01:00,6.515884225,3.394479583,14.0,15.0,16.0,27.113,86.317,True,True,0.951
29,2026-09-26 08:33:56+01:00,6.515886415,3.39448042,15.0,16.0,16.0,27.113,86.317,True,True,0.26
29,2026-09-26 08:33:57+01:00,6.515886648,3.394478858,15.0,16.0,17.0,27.113,86.317,True,True,0.174
29,2026-09-26 08:33:58+01:00,6.515888986,3.394479734,15.0,16.0,17.0,27.113,86.317,True,True,0.277
29,2026-09-26 08:33:59+01:00,6.515887959,3.394479726,15.0,16.0,17.0,27.113,86.317,True,True,0.114
29,2026-09-26 08:34:00+01:00,6.515890183,3.394480126,15.0,16.0,17.0,27.113,86.317,True,True,0.251
29,2026-09-26 08:34:01+01:00,6.515889085,3.394478288,15.0,16.0,17.0,27.113,86.317,True,True,0.237
29,2026-09-26 08:34:02+01:00,6.515890257,3.394477293,15.0,16.0,17.0,27.113,86.317,True,True,0.17
29,2026-09-26 08:34:03+01:00,6.515890052,3.39447685,16.0,17.0,17.0,27.113,86.317,True,True,0.054
29,2026-09-26 08:34:04+01:00,6.515890052,3.39447685,16.0,17.0,18.0,27.113,86.317,True,True,0.0
29,2026-09-26 08:34:05+01:00,6.515889362,3.394473545,16.0,17.0,18.0,27.113,86.317,True,True,0.373
29,2026-09-26 08:34:06+01:00,6.515887345,3.394473028,15.0,16.0,18.0,27.113,86.317,True,True,0.231
29,2026-09-26 08:34:07+01:00,6.515889517,3.394473466,15.0,16.0,17.0,27.113,86.317,True,True,0.246
29,2026-09-26 08:34:08+01:00,6.51589128,3.394480301,15.0,16.0,17.0,27.113,86.317,True,True,0.78
29,2026-09-26 08:34:09+01:00,6.515893256,3.394493193,14.0,15.0,17.0,27.113,86.317,True,True,1.441
29,2026-09-26 08:34:10+01:00,6.515902427,3.394502532,14.0,15.0,16.0,27.113,86.317,True,True,1.451
29,2026-09-26 08:34:11+01:00,6.515906383,3.394503138,13.0,14.0,16.0,27.113,86.317,True,True,0.445
29,2026-09-26 08:34:12+01:00,6.515916248,3.394512594,14.0,15.0,14.0,27.113,86.317,True,True,1.515
29,2026-09-26 08:34:13+01:00,6.515926027,3.394519345,14.0,15.0,16.0,27.113,86.317,True,True,1.319
29,2026-09-26 08:34:14+01:00,6.515932615,3.394526783,13.0,14.0,16.0,27.113,86.317,True,True,1.101
29,2026-09-26 08:34:15+01:00,6.515939574,3.394534203,14.0,15.0,14.0,27.113,86.317,True,True,1.127
29,2026-09-26 08:34:16+01:00,6.515943935,3.394542449,13.0,14.0,16.0,27.113,86.317,True,True,1.032
29,2026-09-26 08:34:17+01:00,6.515953401,3.394548292,13.0,14.0,14.0,27.113,86.317,True,True,1.235
29,2026-09-26 08:34:18+01:00,6.515962895,3.394555526,15.0,16.0,14.0,27.113,86.317,True,True,1.324
29,2026-09-26 08:34:19+01:00,6.515973977,3.39456177,16.0,17.0,17.0,27.113,86.317,True,True,1.412
29,2026-09-26 08:34:20+01:00,6.515985118,3.394568543,16.0,17.0,18.0,27.113,86.317,True,True,1.447
29,2026-09-26 08:34:21+01:00,6.515992826,3.394573479,15.0,16.0,18.0,27.113,86.317,True,True,1.016
29,2026-09-26 08:34:22+01:00,6.515998525,3.394578028,15.0,16.0,17.0,27.113,86.317,True,True,0.809
29,2026-09-26 08:34:23+01:00,6.516008826,3.394579661,14.0,15.0,17.0,27.113,86.317,True,True,1.16
29,2026-09-26 08:34:24+01:00,6.516024864,3.394582341,14.0,15.0,16.0,27.113,86.317,True,True,1.808
29,2026-09-26 08:34:25+01:00,6.516037122,3.394587543,14.0,15.0,16.0,27.113,86.317,True,True,1.479
29,2026-09-26 08:34:26+01:00,6.516047541,3.394591404,14.0,15.0,16.0,27.113,86.317,True,True,1.235
29,2026-09-26 08:34:27+01:00,6.516058434,3.394592683,14.0,15.0,16.0,27.113,86.317,True,True,1.219
29,2026-09-26 08:34:28+01:00,6.516064794,3.394595661,14.0,15.0,16.0,27.113,86.317,True,True,0.78
29,2026-09-26 08:34:29+01:00,6.516083122,3.394600409,14.0,15.0,16.0,27.113,86.317,True,True,2.104
29,2026-09-26 08:34:30+01:00,6.516090644,3.394599286,13.0,14.0,16.0,27.113,86.317,True,True,0.846
29,2026-09-26 08:34:31+01:00,6.51610143,3.394598832,13.0,14.0,14.0,27.113,86.317,True,True,1.2
29,2026-09-26 08:34:32+01:00,6.516113937,3.394597391,13.0,14.0,14.0,27.113,85.761,True,True,1.4
29,2026-09-26 08:34:33+01:00,6.51612582,3.394595363,14.0,15.0,14.0,27.113,85.761,True,True,1.34
29,2026-09-26 08:34:34+01:00,6.516135409,3.394597714,14.0,15.0,16.0,27.113,85.761,True,True,1.097
29,2026-09-26 08:34:35+01:00,6.516151924,3.39459954,15.0,16.0,16.0,27.113,85.761,True,True,1.847
29,2026-09-26 08:34:36+01:00,6.516161606,3.39460374,15.0,16.0,17.0,27.113,85.761,True,True,1.172
29,2026-09-26 08:34:37+01:00,6.516171027,3.394603996,14.0,15.0,17.0,27.113,85.761,True,True,1.048
29,2026-09-26 08:34:38+01:00,6.516185485,3.394605915,13.0,14.0,16.0,27.113,85.761,True,True,1.622
29,2026-09-26 08:34:39+01:00,6.51619761,3.394607641,13.0,14.0,14.0,27.113,85.761,True,True,1.362
29,2026-09-26 08:34:40+01:00,6.516213183,3.394609796,14.0,15.0,14.0,27.113,85.761,True,True,1.748
29,2026-09-26 08:34:41+01:00,6.516227201,3.394610371,14.0,15.0,16.0,27.113,85.761,True,True,1.56
29,2026-09-26 08:34:42+01:00,6.516238201,3.39460879,17.0,18.0,16.0,27.113,85.761,True,True,1.236
29,2026-09-26 08:34:43+01:00,6.516249731,3.394610569,17.0,18.0,19.0,27.113,85.761,True,True,1.297
29,2026-09-26 08:34:44+01:00,6.516259573,3.394612371,16.0,17.0,19.0,27.113,85.761,True,True,1.112
29,2026-09-26 08:34:45+01:00,6.516270727,3.394615407,16.0,17.0,18.0,27.113,85.761,True,True,1.285
29,2026-09-26 08:34:46+01:00,6.516280992,3.394618039,16.0,17.0,18.0,27.113,85.761,True,True,1.178
29,2026-09-26 08:34:47+01:00,6.516293056,3.394617902,14.0,15.0,18.0,27.113,85.761,True,True,1.342
29,2026-09-26 08:34:48+01:00,6.516304753,3.3946182,14.0,15.0,16.0,27.113,85.761,True,True,1.301
29,2026-09-26 08:34:49+01:00,6.516316421,3.394619147,14.0,15.0,16.0,27.113,85.761,True,True,1.302
29,2026-09-26 08:34:50+01:00,6.51633079,3.39461921,15.0,16.0,16.0,27.113,85.761,True,True,1.598
29,2026-09-26 08:34:51+01:00,6.51634541,3.394621294,14.0,15.0,17.0,27.113,85.761,True,True,1.642
29,2026-09-26 08:34:52+01:00,6.516355674,3.394637035,12.0,13.0,16.0,27.113,85.761,True,True,2.08
29,2026-09-26 08:34:53+01:00,6.516364499,3.394626863,12.0,13.0,13.0,27.113,85.761,True,True,1.492
29,2026-09-26 08:34:54+01:00,6.516377577,3.394628064,13.0,14.0,13.0,27.113,85.761,True,True,1.46
29,2026-09-26 08:34:55+01:00,6.516389798,3.394632019,13.0,14.0,14.0,27.113,85.761,True,True,1.427
29,2026-09-26 08:34:56+01:00,6.516398843,3.394634506,13.0,14.0,14.0,27.113,85.761,True,True,1.043
29,2026-09-26 08:34:57+01:00,6.516411058,3.394634073,13.0,14.0,14.0,27.113,85.761,True,True,1.359
29,2026-09-26 08:34:58+01:00,6.516425578,3.394634982,13.0,14.0,14.0,27.113,85.761,True,True,1.618
29,2026-09-26 08:34:59+01:00,6.516441397,3.394632236,13.0,14.0,14.0,27.113,85.761,True,True,1.785
29,2026-09-26 08:35:00+01:00,6.516451146,3.394632675,13.0,14.0,14.0,27.113,85.761,True,True,1.085
29,2026-09-26 08:35:01+01:00,6.516462647,3.394632606,13.0,14.0,14.0,27.113,85.761,True,True,1.279
29,2026-09-26 08:35:02+01:00,6.516471623,3.394631281,12.0,13.0,14.0,27.113,85.761,True,True,1.009
29,2026-09-26 08:35:03+01:00,6.516481723,3.394635205,12.0,13.0,14.0,27.113,85.761,True,True,1.204
29,2026-09-26 08:35:04+01:00,6.516492946,3.394635261,12.0,13.0,13.0,27.113,85.761,True,True,1.248
29,2026-09-26 08:35:05+01:00,6.516505723,3.394631154,13.0,14.0,13.0,27.113,85.761,True,True,1.491
29,2026-09-26 08:35:06+01:00,6.516518763,3.394633157,13.0,14.0,14.0,27.113,85.761,True,True,1.467
29,2026-09-26 08:35:07+01:00,6.516528229,3.394640508,13.0,14.0,14.0,27.113,85.761,True,True,1.329
29,2026-09-26 08:35:08+01:00,6.516536543,3.394645765,13.0,14.0,14.0,27.113,85.761,True,True,1.092
29,2026-09-26 08:35:09+01:00,6.516551291,3.3946447,12.0,13.0,14.0,27.113,85.761,True,True,1.644
29,2026-09-26 08:35:10+01:00,6.516571329,3.394645592,12.0,13.0,13.0,27.113,85.761,True,True,2.23
29,2026-09-26 08:35:11+01:00,6.516581014,3.394641591,12.0,13.0,13.0,27.113,85.761,True,True,1.164
29,2026-09-26 08:35:12+01:00,6.516591261,3.394641083,12.0,13.0,13.0,27.113,85.761,True,True,1.141
29,2026-09-26 08:35:13+01:00,6.516600213,3.394641932,12.0,13.0,13.0,27.113,85.761,True,True,1.0
29,2026-09-26 08:35:14+01:00,6.516618704,3.394638768,12.0,13.0,13.0,27.113,85.761,True,True,2.086
29,2026-09-26 08:35:15+01:00,6.516627371,3.394641119,13.0,14.0,13.0,27.113,85.761,True,True,0.998
29,2026-09-26 08:35:16+01:00,6.516639511,3.394642347,13.0,14.0,14.0,27.113,85.761,True,True,1.357
29,2026-09-26 08:35:17+01:00,6.516648468,3.394644265,13.0,14.0,14.0,27.113,85.761,True,True,1.018
29,2026-09-26 08:35:18+01:00,6.516660663,3.394648194,13.0,14.0,14.0,27.113,85.761,True,True,1.424
29,2026-09-26 08:35:19+01:00,6.516671603,3.394648639,13.0,14.0,14.0,27.113,85.761,True,True,1.217
29,2026-09-26 08:35:20+01:00,6.51668467,3.394651727,13.0,14.0,14.0,27.113,85.761,True,True,1.492
29,2026-09-26 08:35:21+01:00,6.516695441,3.394652958,13.0,14.0,14.0,27.113,85.761,True,True,1.205
29,2026-09-26 08:35:22+01:00,6.516705658,3.394657302,13.0,14.0,14.0,27.113,85.761,True,True,1.233
29,2026-09-26 08:35:23+01:00,6.516711333,3.394654912,13.0,14.0,14.0,27.113,85.761,True,True,0.684
29,2026-09-26 08:35:24+01:00,6.516718722,3.394658343,13.0,14.0,14.0,27.113,85.761,True,True,0.905
29,2026-09-26 08:35:25+01:00,6.51673472,3.3946576,14.0,15.0,14.0,27.113,85.761,True,True,1.781
29,2026-09-26 08:35:26+01:00,6.516752414,3.394660086,13.0,14.0,16.0,27.113,85.761,True,True,1.987
29,2026-09-26 08:35:27+01:00,6.516763051,3.394659474,15.0,16.0,14.0,27.113,85.761,True,True,1.185
29,2026-09-26 08:35:28+01:00,6.516773829,3.394658743,15.0,16.0,17.0,27.113,85.761,True,True,1.201
29,2026-09-26 08:35:29+01:00,6.516784711,3.394662454,14.0,15.0,17.0,27.113,85.761,True,True,1.278
29,2026-09-26 08:35:30+01:00,6.516793378,3.394662035,14.0,15.0,16.0,27.113,85.761,True,True,0.965
29,2026-09-26 08:35:31+01:00,6.516806337,3.394663445,14.0,15.0,16.0,27.113,85.761,True,True,1.449
29,2026-09-26 08:35:32+01:00,6.516822216,3.394664464,15.0,16.0,16.0,27.113,85.761,True,True,1.769
29,2026-09-26 08:35:33+01:00,6.516835397,3.394668886,15.0,16.0,17.0,27.113,85.761,True,True,1.545
29,2026-09-26 08:35:34+01:00,6.516845574,3.394669674,15.0,16.0,17.0,27.113,85.761,True,True,1.135
29,2026-09-26 08:35:35+01:00,6.516852219,3.394672412,16.0,17.0,17.0,27.113,85.761,True,True,0.798
29,2026-09-26 08:35:36+01:00,6.516861446,3.394672911,16.0,17.0,18.0,27.113,85.761,True,True,1.027
29,2026-09-26 08:35:37+01:00,6.516873521,3.394673305,15.0,16.0,18.0,27.113,85.761,True,True,1.343
29,2026-09-26 08:35:38+01:00,6.516885702,3.394673385,14.0,15.0,17.0,27.113,85.761,True,True,1.354
29,2026-09-26 08:35:39+01:00,6.516897119,3.394673433,14.0,15.0,16.0,27.113,85.761,True,True,1.27
29,2026-09-26 08:35:40+01:00,6.516903834,3.39467166,14.0,15.0,16.0,27.113,85.761,True,True,0.772
29,2026-09-26 08:35:41+01:00,6.51691131,3.394670992,13.0,14.0,16.0,27.113,85.761,True,True,0.835
29,2026-09-26 08:35:42+01:00,6.516924061,3.394671991,13.0,14.0,14.0,27.113,85.761,True,True,1.422
29,2026-09-26 08:35:43+01:00,6.516938352,3.394671324,13.0,14.0,14.0,27.113,85.761,True,True,1.591
29,2026-09-26 08:35:44+01:00,6.516950538,3.394663623,14.0,15.0,14.0,27.113,85.761,True,True,1.6
29,2026-09-26 08:35:45+01:00,6.516956931,3.394653963,15.0,16.0,16.0,27.113,85.761,True,True,1.282
29,2026-09-26 08:35:46+01:00,6.516962965,3.394645398,15.0,16.0,17.0,27.113,85.761,True,True,1.16
29,2026-09-26 08:35:47+01:00,6.516972376,3.394639678,14.0,15.0,17.0,27.113,85.761,True,True,1.222
29,2026-09-26 08:35:48+01:00,6.516978162,3.394628079,14.0,15.0,16.0,27.113,85.761,True,True,1.434
29,2026-09-26 08:35:49+01:00,6.516984535,3.394617445,14.0,15.0,16.0,27.113,85.761,True,True,1.372
29,2026-09-26 08:35:50+01:00,6.516991792,3.394608625,15.0,16.0,16.0,27.113,85.761,True,True,1.265
29,2026-09-26 08:35:51+01:00,6.51699984,3.394599409,15.0,16.0,17.0,27.113,85.761,True,True,1.356
29,2026-09-26 08:35:52+01:00,6.517004207,3.394592038,15.0,16.0,17.0,27.113,85.761,True,True,0.948
29,2026-09-26 08:35:53+01:00,6.517011117,3.394583438,14.0,15.0,17.0,27.113,85.761,True,True,1.222
29,2026-09-26 08:35:54+01:00,6.517015997,3.394570401,13.0,14.0,16.0,27.113,85.761,True,True,1.539
29,2026-09-26 08:35:55+01:00,6.517021666,3.394561482,13.0,14.0,14.0,27.113,85.761,True,True,1.17
29,2026-09-26 08:35:56+01:00,6.517025688,3.39454968,13.0,14.0,14.0,27.113,85.761,True,True,1.378
29,2026-09-26 08:35:57+01:00,6.517028934,3.394537873,14.0,15.0,14.0,27.113,85.761,True,True,1.353
29,2026-09-26 08:35:58+01:00,6.5170343,3.394528225,14.0,15.0,16.0,27.113,85.761,True,True,1.222
29,2026-09-26 08:35:59+01:00,6.5170362,3.394516232,13.0,14.0,16.0,27.113,85.761,True,True,1.342
29,2026-09-26 08:36:00+01:00,6.517037144,3.394509569,13.0,14.0,14.0,27.113,85.761,True,True,0.744
29,2026-09-26 08:36:01+01:00,6.517038504,3.39449934,13.0,14.0,14.0,27.113,85.761,True,True,1.14
29,2026-09-26 08:36:02+01:00,6.517038892,3.394492261,14.0,15.0,14.0,27.113,85.761,True,True,0.783
29,2026-09-26 08:36:03+01:00,6.517036284,3.394479922,14.0,15.0,16.0,27.113,85.761,True,True,1.394
29,2026-09-26 08:36:04+01:00,6.517036312,3.394468096,14.0,15.0,16.0,27.113,85.761,True,True,1.306
29,2026-09-26 08:36:05+01:00,6.517039232,3.39445822,14.0,15.0,16.0,27.113,85.761,True,True,1.138
29,2026-09-26 08:36:06+01:00,6.517049141,3.394447988,14.0,15.0,16.0,27.113,85.761,True,True,1.579
29,2026-09-26 08:36:07+01:00,6.517058034,3.394446248,14.0,15.0,16.0,27.113,85.761,True,True,1.007
29,2026-09-26 08:36:08+01:00,6.517065068,3.394431959,14.0,15.0,16.0,27.113,85.761,True,True,1.762
29,2026-09-26 08:36:09+01:00,6.517065121,3.394423484,14.0,15.0,16.0,27.113,85.761,True,True,0.936
29,2026-09-26 08:36:10+01:00,6.517060272,3.39442466,14.0,15.0,16.0,27.113,85.761,True,True,0.555
29,2026-09-26 08:36:11+01:00,6.517056195,3.394425927,13.0,14.0,16.0,27.113,85.761,True,True,0.474
29,2026-09-26 08:36:12+01:00,6.517057417,3.394426211,13.0,14.0,14.0,27.113,85.761,True,True,0.139
29,2026-09-26 08:36:13+01:00,6.517056872,3.39442689,13.0,14.0,14.0,27.113,85.761,True,True,0.096
29,2026-09-26 08:36:14+01:00,6.517054004,3.394426194,14.0,15.0,14.0,27.113,85.761,True,True,0.328
29,2026-09-26 08:36:15+01:00,6.517051746,3.394427029,14.0,15.0,16.0,27.113,85.761,True,True,0.267
29,2026-09-26 08:36:16+01:00,6.517050738,3.394427538,13.0,14.0,16.0,27.113,85.761,True,True,0.125
29,2026-09-26 08:36:17+01:00,6.517052083,3.394426466,12.0,13.0,14.0,27.113,85.761,True,True,0.191
29,2026-09-26 08:36:18+01:00,6.517051603,3.394427242,12.0,13.0,13.0,27.113,85.761,True,True,0.101
29,2026-09-26 08:36:19+01:00,6.517053142,3.394428339,12.0,13.0,13.0,27.113,85.761,True,True,0.21
29,2026-09-26 08:36:20+01:00,6.517055661,3.394418483,13.0,14.0,13.0,27.113,85.761,True,True,1.124
29,2026-09-26 08:36:21+01:00,6.517056441,3.39440404,13.0,14.0,14.0,27.113,85.761,True,True,1.598
29,2026-09-26 08:36:22+01:00,6.517051116,3.394392248,13.0,14.0,14.0,27.113,85.761,True,True,1.431
29,2026-09-26 08:36:23+01:00,6.517045367,3.394383304,12.0,13.0,14.0,27.113,85.761,True,True,1.177
29,2026-09-26 08:36:24+01:00,6.517034668,3.39437648,12.0,13.0,13.0,27.113,85.761,True,True,1.408
29,2026-09-26 08:36:25+01:00,6.517024891,3.394373333,12.0,13.0,13.0,27.113,85.761,True,True,1.141
29,2026-09-26 08:36:26+01:00,6.517014263,3.394368029,12.0,13.0,13.0,27.113,85.761,True,True,1.319
29,2026-09-26 08:36:27+01:00,6.517001757,3.394362573,12.0,13.0,13.0,27.113,85.761,True,True,1.516
29,2026-09-26 08:36:28+01:00,6.516986202,3.394356163,12.0,13.0,13.0,27.113,85.761,True,True,1.869
29,2026-09-26 08:36:29+01:00,6.516979203,3.394352881,13.0,14.0,14.0,27.113,85.761,True,True,0.859
29,2026-09-26 08:36:30+01:00,6.516968545,3.394348537,13.0,14.0,14.0,27.113,85.761,True,True,1.279
29,2026-09-26 08:36:31+01:00,6.516953528,3.394344324,13.0,14.0,14.0,27.113,85.761,True,True,1.733
29,2026-09-26 08:36:32+01:00,6.516944256,3.394340843,12.0,13.0,14.0,27.113,84.644,True,True,1.1
29,2026-09-26 08:36:33+01:00,6.516937313,3.39433317,12.0,13.0,13.0,27.113,84.644,True,True,1.147
29,2026-09-26 08:36:34+01:00,6.516926584,3.39432661,11.0,12.0,13.0,27.113,84.644,True,True,1.396
29,2026-09-26 08:36:35+01:00,6.51692811,3.394322677,12.0,13.0,12.0,27.113,84.644,True,True,0.466
29,2026-09-26 08:36:36+01:00,6.516923565,3.394315321,12.0,13.0,13.0,27.113,84.644,True,True,0.957
29,2026-09-26 08:36:37+01:00,6.516910541,3.394302169,12.0,13.0,13.0,27.113,84.644,True,True,2.051
29,2026-09-26 08:36:38+01:00,6.516901725,3.394295124,12.0,13.0,13.0,27.113,84.644,True,True,1.252
29,2026-09-26 08:36:39+01:00,6.516889819,3.394284648,12.0,13.0,13.0,27.113,84.644,True,True,1.758
29,2026-09-26 08:36:40+01:00,6.516882449,3.394273773,12.0,13.0,13.0,27.113,84.644,True,True,1.454
29,2026-09-26 08:36:41+01:00,6.516873408,3.394260852,13.0,14.0,13.0,27.113,84.644,True,True,1.746
29,2026-09-26 08:36:42+01:00,6.516866954,3.394254918,13.0,14.0,14.0,27.113,84.644,True,True,0.972
29,2026-09-26 08:36:43+01:00,6.516855934,3.39424248,11.0,12.0,14.0,27.113,84.644,True,True,1.841
29,2026-09-26 08:36:44+01:00,6.516845512,3.394231114,11.0,12.0,13.0,27.113,84.644,True,True,1.709
29,2026-09-26 08:36:45+01:00,6.516834631,3.394220964,11.0,12.0,12.0,27.113,84.644,True,True,1.65
29,2026-09-26 08:36:46+01:00,6.51682524,3.394211331,11.0,12.0,12.0,27.113,84.644,True,True,1.491
29,2026-09-26 08:36:47+01:00,6.516816603,3.394204237,12.0,13.0,12.0,27.113,84.644,True,True,1.24
29,2026-09-26 08:36:48+01:00,6.516807765,3.394195964,12.0,13.0,13.0,27.113,84.644,True,True,1.342
29,2026-09-26 08:36:49+01:00,6.516801579,3.394183651,12.0,13.0,13.0,27.113,84.644,True,True,1.524
29,2026-09-26 08:36:50+01:00,6.516791745,3.39417421,12.0,13.0,13.0,27.113,84.644,True,True,1.511
29,2026-09-26 08:36:51+01:00,6.516783121,3.394167935,12.0,13.0,13.0,27.113,84.644,True,True,1.183
29,2026-09-26 08:36:52+01:00,6.51677327,3.394157456,13.0,14.0,13.0,27.113,84.644,True,True,1.594
29,2026-09-26 08:36:53+01:00,6.516764037,3.394149937,13.0,14.0,14.0,27.113,84.644,True,True,1.321
29,2026-09-26 08:36:54+01:00,6.516756787,3.394138952,13.0,14.0,14.0,27.113,84.644,True,True,1.457
29,2026-09-26 08:36:55+01:00,6.516748543,3.394128651,13.0,14.0,14.0,27.113,84.644,True,True,1.461
29,2026-09-26 08:36:56+01:00,6.516741256,3.394118326,12.0,13.0,14.0,27.113,84.644,True,True,1.399
29,2026-09-26 08:36:57+01:00,6.516727738,3.394113344,12.0,13.0,13.0,27.113,84.644,True,True,1.601
29,2026-09-26 08:36:58+01:00,6.516723297,3.394103563,12.0,13.0,13.0,27.113,84.644,True,True,1.188
29,2026-09-26 08:36:59+01:00,6.516713781,3.394097472,12.0,13.0,13.0,27.113,84.644,True,True,1.254
29,2026-09-26 08:37:00+01:00,6.516703493,3.394085842,13.0,14.0,13.0,27.113,84.644,True,True,1.72
29,2026-09-26 08:37:01+01:00,6.516697406,3.394078965,14.0,15.0,14.0,27.113,84.644,True,True,1.018
29,2026-09-26 08:37:02+01:00,6.516690492,3.394071535,12.0,13.0,16.0,27.113,84.644,True,True,1.125
29,2026-09-26 08:37:03+01:00,6.516683564,3.394061572,12.0,13.0,13.0,27.113,84.644,True,True,1.343
29,2026-09-26 08:37:04+01:00,6.516673817,3.394055887,12.0,13.0,13.0,27.113,84.644,True,True,1.253
29,2026-09-26 08:37:05+01:00,6.516665919,3.394049484,14.0,15.0,13.0,27.113,84.644,True,True,1.128
29,2026-09-26 08:37:06+01:00,6.516657636,3.394041009,15.0,16.0,16.0,27.113,84.644,True,True,1.313
29,2026-09-26 08:37:07+01:00,6.51664213,3.394023507,14.0,15.0,17.0,27.113,84.644,True,True,2.591
29,2026-09-26 08:37:08+01:00,6.516634444,3.394020602,14.0,15.0,16.0,27.113,84.644,True,True,0.913
29,2026-09-26 08:37:09+01:00,6.516622939,3.394014044,14.0,15.0,16.0,27.113,84.644,True,True,1.47
29,2026-09-26 08:37:10+01:00,6.516613599,3.394011771,14.0,15.0,16.0,27.113,84.644,True,True,1.068
29,2026-09-26 08:37:11+01:00,6.5166033,3.394001137,14.0,15.0,16.0,27.113,84.644,True,True,1.641
29,2026-09-26 08:37:12+01:00,6.516593806,3.393991023,14.0,15.0,16.0,27.113,84.644,True,True,1.537
29,2026-09-26 08:37:13+01:00,6.516584998,3.393979363,14.0,15.0,16.0,27.113,84.644,True,True,1.618
29,2026-09-26 08:37:14+01:00,6.516576389,3.393974448,13.0,14.0,16.0,27.113,84.644,True,True,1.101
29,2026-09-26 08:37:15+01:00,6.516568579,3.393967399,12.0,13.0,14.0,27.113,84.644,True,True,1.166
29,2026-09-26 08:37:16+01:00,6.516556872,3.393953007,13.0,14.0,13.0,27.113,84.644,True,True,2.055
29,2026-09-26 08:37:17+01:00,6.516548088,3.393944465,13.0,14.0,14.0,27.113,84.644,True,True,1.358
29,2026-09-26 08:37:18+01:00,6.51653776,3.393935702,12.0,13.0,14.0,27.113,84.644,True,True,1.502
29,2026-09-26 08:37:19+01:00,6.516530817,3.393926418,11.0,12.0,13.0,27.113,84.644,True,True,1.284
29,2026-09-26 08:37:20+01:00,6.516517643,3.393914318,11.0,12.0,12.0,27.113,84.644,True,True,1.983
29,2026-09-26 08:37:21+01:00,6.516509605,3.393901765,11.0,12.0,12.0,27.113,84.644,True,True,1.65
29,2026-09-26 08:37:22+01:00,6.516496404,3.393893139,11.0,12.0,12.0,27.113,84.644,True,True,1.75
29,2026-09-26 08:37:23+01:00,6.51648821,3.393884686,12.0,13.0,13.0,27.113,84.644,True,True,1.305
29,2026-09-26 08:37:24+01:00,6.516479132,3.393877552,12.0,13.0,13.0,27.113,84.644,True,True,1.281
29,2026-09-26 08:37:25+01:00,6.516474046,3.393869613,11.0,12.0,13.0,27.113,84.644,True,True,1.044
29,2026-09-26 08:37:26+01:00,6.516465279,3.39385618,11.0,12.0,12.0,27.113,84.644,True,True,1.776
29,2026-09-26 08:37:27+01:00,6.516458024,3.39384575,12.0,13.0,12.0,27.113,84.644,True,True,1.407
29,2026-09-26 08:37:28+01:00,6.516448145,3.393835633,12.0,13.0,13.0,27.113,84.644,True,True,1.567
29,2026-09-26 08:37:29+01:00,6.516437942,3.393829962,13.0,14.0,13.0,27.113,84.644,True,True,1.296
29,2026-09-26 08:37:30+01:00,6.516428999,3.393825478,14.0,15.0,14.0,27.113,84.644,True,True,1.111
29,2026-09-26 08:37:31+01:00,6.51641748,3.393819734,13.0,14.0,16.0,27.113,84.644,True,True,1.429
29,2026-09-26 08:37:32+01:00,6.516404561,3.393807984,13.0,14.0,14.0,27.113,85.203,True,True,1.936
29,2026-09-26 08:37:33+01:00,6.516399268,3.393802362,13.0,14.0,14.0,27.113,85.203,True,True,0.856
29,2026-09-26 08:37:34+01:00,6.516382521,3.393789622,14.0,15.0,14.0,27.113,85.203,True,True,2.334
29,2026-09-26 08:37:35+01:00,6.516377261,3.393787452,14.0,15.0,16.0,27.113,85.203,True,True,0.632
29,2026-09-26 08:37:36+01:00,6.51636728,3.393780636,14.0,15.0,16.0,27.113,85.203,True,True,1.341
29,2026-09-26 08:37:37+01:00,6.51636728,3.393780636,14.0,15.0,16.0,27.113,85.203,True,True,0.0
29,2026-09-26 08:37:38+01:00,6.51634278,3.393768963,14.0,15.0,16.0,27.113,85.203,True,True,3.014
29,2026-09-26 08:37:39+01:00,6.516330833,3.393765134,15.0,16.0,16.0,27.113,85.203,True,True,1.394
29,2026-09-26 08:37:40+01:00,6.516322476,3.3937562,14.0,15.0,17.0,27.113,85.203,True,True,1.356
29,2026-09-26 08:37:41+01:00,6.516311621,3.39374925,14.0,15.0,16.0,27.113,85.203,True,True,1.431
29,2026-09-26 08:37:42+01:00,6.516302355,3.393744878,14.0,15.0,16.0,27.113,85.203,True,True,1.138
29,2026-09-26 08:37:43+01:00,6.516293364,3.393743576,13.0,14.0,16.0,27.113,85.203,True,True,1.01
29,2026-09-26 08:37:44+01:00,6.516285677,3.39373822,14.0,15.0,14.0,27.113,85.203,True,True,1.04
29,2026-09-26 08:37:45+01:00,6.516269415,3.393736708,14.0,15.0,16.0,27.113,85.203,True,True,1.816
29,2026-09-26 08:37:46+01:00,6.516254029,3.393736399,13.0,14.0,16.0,27.113,85.203,True,True,1.711
29,2026-09-26 08:37:47+01:00,6.516239546,3.393733763,13.0,14.0,14.0,27.113,85.203,True,True,1.637
29,2026-09-26 08:37:48+01:00,6.516240148,3.393728733,13.0,14.0,14.0,27.113,85.203,True,True,0.56
29,2026-09-26 08:37:49+01:00,6.51622136,3.393725537,14.0,15.0,14.0,27.113,85.203,True,True,2.119
29,2026-09-26 08:37:50+01:00,6.516202376,3.393722841,14.0,15.0,16.0,27.113,85.203,True,True,2.132
29,2026-09-26 08:37:51+01:00,6.516189454,3.393724857,14.0,15.0,16.0,27.113,85.203,True,True,1.454
29,2026-09-26 08:37:52+01:00,6.516175591,3.393724119,12.0,13.0,16.0,27.113,85.203,True,True,1.544
29,2026-09-26 08:37:53+01:00,6.516170042,3.393721447,13.0,14.0,14.0,27.113,85.203,True,True,0.684
29,2026-09-26 08:37:54+01:00,6.516156225,3.393719364,13.0,14.0,14.0,27.113,85.203,True,True,1.554
29,2026-09-26 08:37:55+01:00,6.516142048,3.39372234,13.0,14.0,14.0,27.113,85.203,True,True,1.61
29,2026-09-26 08:37:56+01:00,6.516128934,3.393721717,13.0,14.0,14.0,27.113,85.203,True,True,1.46
29,2026-09-26 08:37:57+01:00,6.516119502,3.39372608,13.0,14.0,14.0,27.113,85.203,True,True,1.154
29,2026-09-26 08:37:58+01:00,6.51610441,3.393737967,12.0,13.0,14.0,27.113,85.203,True,True,2.131
29,2026-09-26 08:37:59+01:00,6.51609435,3.393745696,12.0,13.0,13.0,27.113,85.203,True,True,1.407
29,2026-09-26 08:38:00+01:00,6.516084909,3.393751332,13.0,14.0,13.0,27.113,85.203,True,True,1.221
29,2026-09-26 08:38:01+01:00,6.516076914,3.393753172,14.0,15.0,14.0,27.113,85.203,True,True,0.912
29,2026-09-26 08:38:02+01:00,6.516064984,3.393758973,15.0,16.0,16.0,27.113,85.203,True,True,1.473
29,2026-09-26 08:38:03+01:00,6.516056042,3.393765197,15.0,16.0,17.0,27.113,85.203,True,True,1.209
29,2026-09-26 08:38:04+01:00,6.51604869,3.393769475,14.0,15.0,17.0,27.113,85.203,True,True,0.944
29,2026-09-26 08:38:05+01:00,6.516038687,3.393775547,15.0,16.0,16.0,27.113,85.203,True,True,1.299
29,2026-09-26 08:38:06+01:00,6.516027787,3.393783281,15.0,16.0,17.0,27.113,85.203,True,True,1.483
29,2026-09-26 08:38:07+01:00,6.51601622,3.393792028,14.0,16.0,17.0,27.113,85.203,True,True,1.609
29,2026-09-26 08:38:08+01:00,6.516007337,3.393799038,14.0,15.0,16.0,27.113,85.203,True,True,1.255
29,2026-09-26 08:38:09+01:00,6.51599916,3.3938056,13.0,14.0,16.0,27.113,85.203,True,True,1.163
29,2026-09-26 08:38:10+01:00,6.515990471,3.393815572,13.0,14.0,14.0,27.113,85.203,True,True,1.465
29,2026-09-26 08:38:11+01:00,6.515982644,3.393823078,13.0,14.0,14.0,27.113,85.203,True,True,1.202
29,2026-09-26 08:38:12+01:00,6.515974606,3.393832759,12.0,13.0,14.0,27.113,85.203,True,True,1.394
29,2026-09-26 08:38:13+01:00,6.515968107,3.393841249,12.0,13.0,13.0,27.113,85.203,True,True,1.184
29,2026-09-26 08:38:14+01:00,6.515963279,3.393848586,11.0,12.0,13.0,27.113,85.203,True,True,0.972
29,2026-09-26 08:38:15+01:00,6.51595628,3.393858604,11.0,12.0,12.0,27.113,85.203,True,True,1.353
29,2026-09-26 08:38:16+01:00,6.515949288,3.393867872,11.0,12.0,12.0,27.113,85.203,True,True,1.286
29,2026-09-26 08:38:18+01:00,6.515944195,3.39387873,11.0,12.0,12.0,27.113,85.203,True,True,0.663
29,2026-09-26 08:38:19+01:00,6.515937418,3.393900063,12.0,13.0,12.0,27.113,85.203,True,True,2.474
29,2026-09-26 08:38:20+01:00,6.515929516,3.39391128,12.0,13.0,13.0,27.113,85.203,True,True,1.519
29,2026-09-26 08:38:21+01:00,6.515925231,3.393914857,12.0,13.0,13.0,27.113,85.203,True,True,0.619
29,2026-09-26 08:38:22+01:00,6.515924285,3.393922309,11.0,12.0,13.0,27.113,85.203,True,True,0.83
29,2026-09-26 08:38:23+01:00,6.51592107,3.393934126,11.0,12.0,12.0,27.113,85.203,True,True,1.354
29,2026-09-26 08:38:24+01:00,6.515916555,3.393941263,11.0,12.0,12.0,27.113,85.203,True,True,0.935
29,2026-09-26 08:38:25+01:00,6.515913633,3.393951258,11.0,12.0,12.0,27.113,85.203,True,True,1.151
29,2026-09-26 08:38:26+01:00,6.515909492,3.393964401,11.0,12.0,12.0,27.113,85.203,True,True,1.523
29,2026-09-26 08:38:27+01:00,6.515912351,3.393969469,11.0,12.0,12.0,27.113,85.203,True,True,0.644
29,2026-09-26 08:38:28+01:00,6.515908035,3.393984146,11.0,12.0,12.0,27.113,85.203,True,True,1.691
29,2026-09-26 08:38:29+01:00,6.515906628,3.393994318,11.0,12.0,12.0,27.113,85.203,True,True,1.135
29,2026-09-26 08:38:30+01:00,6.515906284,3.394008577,11.0,12.0,12.0,27.113,85.203,True,True,1.576
29,2026-09-26 08:38:31+01:00,6.515905017,3.394019701,12.0,13.0,12.0,27.113,85.203,True,True,1.237
29,2026-09-26 08:38:32+01:00,6.515895224,3.394022519,12.0,13.0,13.0,27.613,84.644,True,True,1.133
29,2026-09-26 08:38:33+01:00,6.515893023,3.394039485,12.0,13.0,13.0,27.613,84.644,True,True,1.89
29,2026-09-26 08:38:34+01:00,6.515896736,3.394049593,12.0,13.0,13.0,27.613,84.644,True,True,1.191
29,2026-09-26 08:38:35+01:00,6.515889984,3.394063979,12.0,13.0,13.0,27.613,84.644,True,True,1.758
29,2026-09-26 08:38:36+01:00,6.515893019,3.394072528,13.0,14.0,13.0,27.613,84.644,True,True,1.003
29,2026-09-26 08:38:37+01:00,6.515894213,3.394082648,13.0,14.0,14.0,27.613,84.644,True,True,1.126
29,2026-09-26 08:38:38+01:00,6.515896191,3.394093768,13.0,14.0,14.0,27.613,84.644,True,True,1.248
29,2026-09-26 08:38:39+01:00,6.515895092,3.394104498,12.0,13.0,14.0,27.613,84.644,True,True,1.192
29,2026-09-26 08:38:40+01:00,6.515893795,3.394114541,12.0,13.0,13.0,27.613,84.644,True,True,1.119
29,2026-09-26 08:38:41+01:00,6.515892507,3.394124597,13.0,14.0,13.0,27.613,84.644,True,True,1.12
29,2026-09-26 08:38:42+01:00,6.515887574,3.394137316,13.0,14.0,14.0,27.613,84.644,True,True,1.508
29,2026-09-26 08:38:43+01:00,6.515886655,3.394148091,12.0,13.0,14.0,27.613,84.644,True,True,1.195
29,2026-09-26 08:38:44+01:00,6.515886562,3.394159431,12.0,13.0,13.0,27.613,84.644,True,True,1.253
29,2026-09-26 08:38:45+01:00,6.515886268,3.394167293,12.0,13.0,13.0,27.613,84.644,True,True,0.869
29,2026-09-26 08:38:46+01:00,6.515888149,3.394180339,13.0,14.0,14.0,27.613,84.644,True,True,1.456
29,2026-09-26 08:38:47+01:00,6.515886217,3.394191893,13.0,14.0,14.0,27.613,84.644,True,True,1.294
29,2026-09-26 08:38:48+01:00,6.515884933,3.394200142,14.0,15.0,14.0,27.613,84.644,True,True,0.922
29,2026-09-26 08:38:49+01:00,6.515884165,3.394213004,13.0,14.0,16.0,27.613,84.644,True,True,1.424
29,2026-09-26 08:38:50+01:00,6.515884063,3.394224722,13.0,14.0,14.0,27.613,84.644,True,True,1.295
29,2026-09-26 08:38:51+01:00,6.515882725,3.39423361,13.0,14.0,14.0,27.613,84.644,True,True,0.993
29,2026-09-26 08:38:52+01:00,6.51588313,3.394245944,12.0,13.0,14.0,27.613,84.644,True,True,1.363
29,2026-09-26 08:38:53+01:00,6.515880352,3.394254495,12.0,13.0,13.0,27.613,84.644,True,True,0.994
29,2026-09-26 08:38:54+01:00,6.515877258,3.394264339,13.0,14.0,13.0,27.613,84.644,True,True,1.141
29,2026-09-26 08:38:55+01:00,6.51587661,3.394273296,13.0,14.0,14.0,27.613,84.644,True,True,0.992
29,2026-09-26 08:38:56+01:00,6.515876257,3.394283637,13.0,14.0,14.0,27.613,84.644,True,True,1.143
29,2026-09-26 08:38:57+01:00,6.51587355,3.39429408,13.0,14.0,14.0,27.613,84.644,True,True,1.192
29,2026-09-26 08:38:58+01:00,6.515874065,3.39430507,14.0,15.0,14.0,27.613,84.644,True,True,1.215
29,2026-09-26 08:38:59+01:00,6.515872874,3.394315825,14.0,15.0,16.0,27.613,84.644,True,True,1.196
29,2026-09-26 08:39:00+01:00,6.515872003,3.394324054,14.0,15.0,16.0,27.613,84.644,True,True,0.914
29,2026-09-26 08:39:01+01:00,6.515869377,3.394332669,14.0,15.0,16.0,27.613,84.644,True,True,0.996
29,2026-09-26 08:39:02+01:00,6.515867494,3.394342707,14.0,15.0,16.0,27.613,84.644,True,True,1.129
29,2026-09-26 08:39:03+01:00,6.515865313,3.394354544,14.0,15.0,16.0,27.613,84.644,True,True,1.33
29,2026-09-26 08:39:04+01:00,6.515863427,3.39436577,14.0,15.0,16.0,27.613,84.644,True,True,1.258
29,2026-09-26 08:39:05+01:00,6.515864298,3.39438019,14.0,15.0,16.0,27.613,84.644,True,True,1.596
29,2026-09-26 08:39:06+01:00,6.515864948,3.394388413,14.0,15.0,16.0,27.613,84.644,True,True,0.911
29,2026-09-26 08:39:07+01:00,6.515867123,3.394400235,12.0,13.0,16.0,27.613,84.644,True,True,1.328
29,2026-09-26 08:39:08+01:00,6.51586854,3.394411739,12.0,13.0,14.0,27.613,84.644,True,True,1.281
29,2026-09-26 08:39:09+01:00,6.515867136,3.394421278,14.0,15.0,13.0,27.613,84.644,True,True,1.065
29,2026-09-26 08:39:10+01:00,6.515866867,3.394434073,14.0,15.0,16.0,27.613,84.644,True,True,1.414
29,2026-09-26 08:39:11+01:00,6.515869188,3.394446636,13.0,14.0,16.0,27.613,84.644,True,True,1.412
29,2026-09-26 08:39:12+01:00,6.51587231,3.394456859,13.0,14.0,14.0,27.613,84.644,True,True,1.182
29,2026-09-26 08:39:13+01:00,6.515877274,3.394466005,12.0,13.0,14.0,27.613,84.644,True,True,1.151
29,2026-09-26 08:39:14+01:00,6.515879107,3.394471827,11.0,12.0,13.0,27.613,84.644,True,True,0.675
29,2026-09-26 08:39:15+01:00,6.515882835,3.394477473,11.0,12.0,13.0,27.613,84.644,True,True,0.749
29,2026-09-26 08:39:16+01:00,6.515892654,3.394488773,11.0,12.0,12.0,27.613,84.644,True,True,1.658
29,2026-09-26 08:39:17+01:00,6.515901596,3.394499504,11.0,12.0,12.0,27.613,84.644,True,True,1.547
29,2026-09-26 08:39:18+01:00,6.515911103,3.394508086,12.0,13.0,12.0,27.613,84.644,True,True,1.42
29,2026-09-26 08:39:19+01:00,6.515916852,3.394516044,12.0,13.0,13.0,27.613,84.644,True,True,1.087
29,2026-09-26 08:39:20+01:00,6.515923574,3.394517144,12.0,13.0,13.0,27.613,84.644,True,True,0.757
29,2026-09-26 08:39:21+01:00,6.515931152,3.394522276,12.0,13.0,13.0,27.613,84.644,True,True,1.016
29,2026-09-26 08:39:22+01:00,6.51594055,3.394531946,13.0,14.0,13.0,27.613,84.644,True,True,1.494
29,2026-09-26 08:39:23+01:00,6.515948343,3.394537869,13.0,14.0,14.0,27.613,84.644,True,True,1.086
29,2026-09-26 08:39:24+01:00,6.515959918,3.39454213,13.0,14.0,14.0,27.613,84.644,True,True,1.37
29,2026-09-26 08:39:25+01:00,6.515969442,3.394549653,14.0,15.0,14.0,27.613,84.644,True,True,1.346
29,2026-09-26 08:39:26+01:00,6.515978828,3.394553659,14.0,15.0,16.0,27.613,84.644,True,True,1.134
29,2026-09-26 08:39:27+01:00,6.515989527,3.39456009,13.0,14.0,16.0,27.613,84.644,True,True,1.386
29,2026-09-26 08:39:28+01:00,6.516001423,3.394564585,13.0,14.0,14.0,27.613,84.644,True,True,1.413
29,2026-09-26 08:39:29+01:00,6.516011691,3.39456849,13.0,14.0,14.0,27.613,84.644,True,True,1.221
29,2026-09-26 08:39:30+01:00,6.516018175,3.394568328,13.0,14.0,14.0,27.613,84.644,True,True,0.721
29,2026-09-26 08:39:31+01:00,6.516026568,3.394571013,13.0,14.0,14.0,27.613,84.644,True,True,0.979
29,2026-09-26 08:39:32+01:00,6.516035822,3.394570198,12.0,13.0,14.0,27.613,84.644,True,True,1.033
29,2026-09-26 08:39:33+01:00,6.516046601,3.394571988,12.0,13.0,13.0,27.613,84.644,True,True,1.215
29,2026-09-26 08:39:34+01:00,6.516050904,3.394574502,12.0,13.0,13.0,27.613,84.644,True,True,0.553
29,2026-09-26 08:39:35+01:00,6.516063542,3.394573021,12.0,13.0,13.0,27.613,84.644,True,True,1.415
29,2026-09-26 08:39:36+01:00,6.51607503,3.394574171,12.0,13.0,13.0,27.613,84.644,True,True,1.284
29,2026-09-26 08:39:37+01:00,6.516085502,3.39457615,12.0,13.0,13.0,27.613,84.644,True,True,1.185
29,2026-09-26 08:39:38+01:00,6.516095584,3.39457657,12.0,13.0,13.0,27.613,84.644,True,True,1.122
29,2026-09-26 08:39:39+01:00,6.516106078,3.39457683,12.0,13.0,13.0,27.613,84.644,True,True,1.167
29,2026-09-26 08:39:40+01:00,6.516117412,3.394580444,12.0,13.0,13.0,27.613,84.644,True,True,1.322
29,2026-09-26 08:39:41+01:00,6.516129787,3.394583287,12.0,13.0,13.0,27.613,84.644,True,True,1.411
29,2026-09-26 08:39:42+01:00,6.516138208,3.394585934,12.0,13.0,13.0,27.613,84.644,True,True,0.981
29,2026-09-26 08:39:43+01:00,6.51614747,3.394586801,11.0,12.0,13.0,27.613,84.644,True,True,1.034
29,2026-09-26 08:39:44+01:00,6.516159178,3.394587983,11.0,12.0,12.0,27.613,84.644,True,True,1.308
29,2026-09-26 08:39:45+01:00,6.516169337,3.39458948,11.0,12.0,12.0,27.613,84.644,True,True,1.142
29,2026-09-26 08:39:46+01:00,6.516180003,3.394582457,11.0,12.0,12.0,27.613,84.644,True,True,1.417
29,2026-09-26 08:39:47+01:00,6.516194319,3.394580644,11.0,12.0,12.0,27.613,84.644,True,True,1.604
29,2026-09-26 08:39:48+01:00,6.516202022,3.394583904,10.0,10.0,12.0,27.613,84.644,True,True,0.929
29,2026-09-26 08:39:49+01:00,6.51621193,3.394588425,10.0,10.0,11.0,27.613,84.644,True,True,1.21
29,2026-09-26 08:39:50+01:00,6.516224625,3.394590336,11.0,12.0,11.0,27.613,84.644,True,True,1.427
29,2026-09-26 08:39:51+01:00,6.51623409,3.394592357,10.0,10.0,12.0,27.613,84.644,True,True,1.076
29,2026-09-26 08:39:52+01:00,6.516244488,3.394596068,10.0,10.0,11.0,27.613,84.644,True,True,1.227
29,2026-09-26 08:39:53+01:00,6.516254836,3.394597451,10.0,10.0,11.0,27.613,84.644,True,True,1.161
29,2026-09-26 08:39:54+01:00,6.516262181,3.394599871,11.0,12.0,11.0,27.613,84.644,True,True,0.859
29,2026-09-26 08:39:55+01:00,6.51627432,3.394601447,10.0,10.0,12.0,27.613,84.644,True,True,1.361
29,2026-09-26 08:39:56+01:00,6.516287203,3.394603616,11.0,12.0,11.0,27.613,84.644,True,True,1.452
29,2026-09-26 08:39:57+01:00,6.516298654,3.394603183,8.0,9.0,12.0,27.613,84.644,True,True,1.274
29,2026-09-26 08:39:58+01:00,6.516307948,3.394603191,8.0,9.0,10.0,27.613,84.644,True,True,1.033
29,2026-09-26 08:39:59+01:00,6.516320533,3.39460137,9.0,10.0,10.0,27.613,84.644,True,True,1.414
29,2026-09-26 08:40:00+01:00,6.516333769,3.394599155,10.0,10.0,10.0,27.613,84.644,True,True,1.492
29,2026-09-26 08:40:01+01:00,6.516346044,3.394600964,10.0,10.0,11.0,27.613,84.644,True,True,1.379
29,2026-09-26 08:40:02+01:00,6.516355295,3.394602002,11.0,12.0,11.0,27.613,84.644,True,True,1.035
29,2026-09-26 08:40:03+01:00,6.51636427,3.394603589,11.0,12.0,12.0,27.613,84.644,True,True,1.013
29,2026-09-26 08:40:04+01:00,6.516375102,3.394601429,11.0,12.0,12.0,27.613,84.644,True,True,1.228
29,2026-09-26 08:40:05+01:00,6.516383723,3.394607229,11.0,12.0,12.0,27.613,84.644,True,True,1.153
29,2026-09-26 08:40:06+01:00,6.516397142,3.394607587,12.0,13.0,12.0,27.613,84.644,True,True,1.493
29,2026-09-26 08:40:07+01:00,6.516409341,3.394609767,12.0,13.0,13.0,27.613,84.644,True,True,1.378
29,2026-09-26 08:40:08+01:00,6.516417913,3.39461092,13.0,14.0,13.0,27.613,84.644,True,True,0.962
29,2026-09-26 08:40:09+01:00,6.516425423,3.394610481,14.0,15.0,14.0,27.613,84.644,True,True,0.836
29,2026-09-26 08:40:10+01:00,6.516434205,3.394610323,14.0,15.0,16.0,27.613,84.644,True,True,0.977
29,2026-09-26 08:40:11+01:00,6.516449139,3.394612381,14.0,15.0,16.0,27.613,84.644,True,True,1.676
29,2026-09-26 08:40:12+01:00,6.516459678,3.394614752,14.0,15.0,16.0,27.613,84.644,True,True,1.201
29,2026-09-26 08:40:13+01:00,6.516471472,3.394609864,14.0,15.0,16.0,27.613,84.644,True,True,1.418
29,2026-09-26 08:40:14+01:00,6.516479122,3.394611027,14.0,15.0,16.0,27.613,84.644,True,True,0.86
29,2026-09-26 08:40:15+01:00,6.516489233,3.394610502,14.0,15.0,16.0,27.613,84.644,True,True,1.126
29,2026-09-26 08:40:16+01:00,6.516497578,3.394614678,13.0,14.0,16.0,27.613,84.644,True,True,1.036
29,2026-09-26 08:40:17+01:00,6.516505285,3.394619328,13.0,14.0,14.0,27.613,84.644,True,True,0.999
29,2026-09-26 08:40:18+01:00,6.51651369,3.394619587,14.0,15.0,14.0,27.613,84.644,True,True,0.935
29,2026-09-26 08:40:19+01:00,6.516524243,3.394622723,14.0,15.0,16.0,27.613,84.644,True,True,1.224
29,2026-09-26 08:40:20+01:00,6.516536433,3.394623357,14.0,15.0,16.0,27.613,84.644,True,True,1.357
29,2026-09-26 08:40:24+01:00,6.51658337,3.394627869,13.0,14.0,14.0,27.613,84.644,True,True,1.311
29,2026-09-26 08:40:25+01:00,6.516590866,3.394627889,11.0,12.0,12.0,27.613,84.644,True,True,0.834
29,2026-09-26 08:40:26+01:00,6.516596927,3.394628586,11.0,12.0,12.0,27.613,84.644,True,True,0.678
29,2026-09-26 08:40:27+01:00,6.516606815,3.394628024,12.0,13.0,12.0,27.613,84.644,True,True,1.101
29,2026-09-26 08:40:31+01:00,6.51661979,3.39462675,12.0,13.0,13.0,27.613,84.644,True,True,0.362
29,2026-09-26 08:40:32+01:00,6.516656785,3.39463273,12.0,13.0,13.0,27.613,85.203,False,True,4.166
29,2026-09-26 08:40:33+01:00,6.51666618,3.394638187,12.0,13.0,13.0,27.613,85.203,True,True,1.206
29,2026-09-26 08:40:34+01:00,6.51667644,3.394639389,12.0,13.0,13.0,27.613,85.203,True,True,1.149
29,2026-09-26 08:40:35+01:00,6.516687421,3.394634289,12.0,13.0,13.0,27.613,85.203,True,True,1.345
29,2026-09-26 08:40:36+01:00,6.516697924,3.394633191,13.0,14.0,13.0,27.613,85.203,True,True,1.174
29,2026-09-26 08:40:37+01:00,6.51670668,3.394635213,13.0,14.0,14.0,27.613,85.203,True,True,0.999
29,2026-09-26 08:40:38+01:00,6.516715232,3.394643182,13.0,14.0,14.0,27.613,85.203,True,True,1.296
29,2026-09-26 08:40:39+01:00,6.516723963,3.394642143,13.0,14.0,14.0,27.613,85.203,True,True,0.978
29,2026-09-26 08:40:40+01:00,6.516729842,3.394640726,13.0,14.0,14.0,27.613,85.203,True,True,0.672
29,2026-09-26 08:40:41+01:00,6.516747029,3.394641825,11.0,12.0,14.0,27.613,85.203,True,True,1.915
29,2026-09-26 08:40:42+01:00,6.516756106,3.394640088,11.0,12.0,12.0,27.613,85.203,True,True,1.027
29,2026-09-26 08:40:43+01:00,6.516767953,3.394641854,12.0,13.0,12.0,27.613,85.203,True,True,1.332
29,2026-09-26 08:40:44+01:00,6.51678007,3.394645075,12.0,13.0,13.0,27.613,85.203,True,True,1.394
29,2026-09-26 08:40:45+01:00,6.516791308,3.39464843,13.0,14.0,13.0,27.613,85.203,True,True,1.303
29,2026-09-26 08:40:46+01:00,6.516798806,3.394647254,13.0,14.0,14.0,27.613,85.203,True,True,0.844
29,2026-09-26 08:40:47+01:00,6.516805429,3.394649697,14.0,15.0,14.0,27.613,85.203,True,True,0.784
29,2026-09-26 08:40:48+01:00,6.516816074,3.39465172,12.0,13.0,16.0,27.613,85.203,True,True,1.205
29,2026-09-26 08:40:49+01:00,6.516828105,3.394651349,12.0,13.0,14.0,27.613,85.203,True,True,1.338
29,2026-09-26 08:40:50+01:00,6.516840546,3.394655123,12.0,13.0,13.0,27.613,85.203,True,True,1.445
29,2026-09-26 08:40:51+01:00,6.516851352,3.394657734,12.0,13.0,13.0,27.613,85.203,True,True,1.236
29,2026-09-26 08:40:52+01:00,6.51686274,3.394662184,12.0,13.0,13.0,27.613,85.203,True,True,1.358
29,2026-09-26 08:40:53+01:00,6.516874512,3.394668596,12.0,13.0,13.0,27.613,85.203,True,True,1.488
29,2026-09-26 08:40:54+01:00,6.516878285,3.394673159,12.0,13.0,13.0,27.613,85.203,True,True,0.656
29,2026-09-26 08:40:55+01:00,6.516891023,3.394672626,12.0,13.0,13.0,27.613,85.203,True,True,1.418
29,2026-09-26 08:40:56+01:00,6.516905323,3.394674645,12.0,13.0,13.0,27.613,85.203,True,True,1.606
29,2026-09-26 08:40:57+01:00,6.51691747,3.394672316,12.0,13.0,13.0,27.613,85.203,True,True,1.375
29,2026-09-26 08:40:58+01:00,6.516928488,3.394671761,12.0,13.0,13.0,27.613,85.203,True,True,1.227
29,2026-09-26 08:40:59+01:00,6.516936413,3.394665956,12.0,13.0,13.0,27.613,85.203,True,True,1.09
29,2026-09-26 08:41:00+01:00,6.516948257,3.394662227,12.0,13.0,13.0,27.613,85.203,True,True,1.38
29,2026-09-26 08:41:01+01:00,6.516957936,3.394655147,11.0,12.0,13.0,27.613,85.203,True,True,1.33
29,2026-09-26 08:41:02+01:00,6.516972046,3.394646408,11.0,12.0,12.0,27.613,85.203,True,True,1.842
29,2026-09-26 08:41:03+01:00,6.516973665,3.394636756,12.0,13.0,13.0,27.613,85.203,True,True,1.081
29,2026-09-26 08:41:04+01:00,6.516981377,3.394625266,11.0,12.0,13.0,27.613,85.203,True,True,1.532
29,2026-09-26 08:41:05+01:00,6.516986788,3.394612876,11.0,12.0,12.0,27.613,85.203,True,True,1.495
29,2026-09-26 08:41:06+01:00,6.516992448,3.394603244,12.0,13.0,12.0,27.613,85.203,True,True,1.236
29,2026-09-26 08:41:07+01:00,6.516997869,3.394593335,12.0,13.0,13.0,27.613,85.203,True,True,1.25
29,2026-09-26 08:41:08+01:00,6.517004331,3.394583892,12.0,13.0,13.0,27.613,85.203,True,True,1.267
29,2026-09-26 08:41:09+01:00,6.517008693,3.394574893,11.0,12.0,13.0,27.613,85.203,True,True,1.106
29,2026-09-26 08:41:10+01:00,6.517013344,3.394566855,11.0,12.0,12.0,27.613,85.203,True,True,1.028
29,2026-09-26 08:41:11+01:00,6.517017848,3.394557558,11.0,12.0,12.0,27.613,85.203,True,True,1.143
29,2026-09-26 08:41:12+01:00,6.517025336,3.394550237,11.0,12.0,12.0,27.613,85.203,True,True,1.161
29,2026-09-26 08:41:13+01:00,6.517030813,3.394540499,10.0,10.0,12.0,27.613,85.203,True,True,1.236
29,2026-09-26 08:41:14+01:00,6.517038515,3.394528391,10.0,10.0,11.0,27.613,85.203,True,True,1.588
29,2026-09-26 08:41:15+01:00,6.517042592,3.394517418,10.0,10.0,11.0,27.613,85.203,True,True,1.294
29,2026-09-26 08:41:16+01:00,6.51704497,3.394505921,10.0,10.0,11.0,27.613,85.203,True,True,1.297
29,2026-09-26 08:41:17+01:00,6.517048006,3.394495515,10.0,10.0,11.0,27.613,85.203,True,True,1.198
29,2026-09-26 08:41:18+01:00,6.517050429,3.39448405,10.0,10.0,11.0,27.613,85.203,True,True,1.295
29,2026-09-26 08:41:19+01:00,6.517053318,3.394472728,10.0,10.0,11.0,27.613,85.203,True,True,1.291
29,2026-09-26 08:41:20+01:00,6.517053221,3.394462953,10.0,10.0,11.0,27.613,85.203,True,True,1.08
29,2026-09-26 08:41:21+01:00,6.517050254,3.394453812,10.0,10.0,11.0,27.613,85.203,True,True,1.062
29,2026-09-26 08:41:22+01:00,6.517046231,3.3944448,10.0,10.0,11.0,27.613,85.203,True,True,1.091
29,2026-09-26 08:41:23+01:00,6.517041864,3.394429835,10.0,10.0,11.0,27.613,85.203,True,True,1.723
29,2026-09-26 08:41:24+01:00,6.517037135,3.394416812,10.0,10.0,11.0,27.613,85.203,True,True,1.532
29,2026-09-26 08:41:25+01:00,6.517034336,3.394408063,11.0,12.0,11.0,27.613,85.203,True,True,1.015
29,2026-09-26 08:41:26+01:00,6.517029266,3.394401608,11.0,12.0,12.0,27.613,85.203,True,True,0.909
29,2026-09-26 08:41:27+01:00,6.51702452,3.394391385,12.0,13.0,12.0,27.613,85.203,True,True,1.247
29,2026-09-26 08:41:28+01:00,6.517019175,3.39437887,12.0,13.0,13.0,27.613,85.203,True,True,1.505
29,2026-09-26 08:41:29+01:00,6.517011612,3.394369507,12.0,13.0,13.0,27.613,85.203,True,True,1.333
29,2026-09-26 08:41:30+01:00,6.517002994,3.394362622,12.0,13.0,13.0,27.613,85.203,True,True,1.223
29,2026-09-26 08:41:31+01:00,6.516993588,3.394356027,12.0,13.0,13.0,27.613,85.203,True,True,1.275
29,2026-09-26 08:41:32+01:00,6.516981755,3.394348805,12.0,13.0,13.0,27.613,84.644,True,True,1.539
29,2026-09-26 08:41:33+01:00,6.516973306,3.394341938,12.0,13.0,13.0,27.613,84.644,True,True,1.208
29,2026-09-26 08:41:34+01:00,6.516963546,3.394333397,13.0,14.0,13.0,27.613,84.644,True,True,1.438
29,2026-09-26 08:41:35+01:00,6.516956372,3.394328259,13.0,14.0,14.0,27.613,84.644,True,True,0.979
29,2026-09-26 08:41:36+01:00,6.516948629,3.39432152,12.0,13.0,14.0,27.613,84.644,True,True,1.138
29,2026-09-26 08:41:37+01:00,6.516942321,3.394311871,12.0,13.0,13.0,27.613,84.644,True,True,1.276
29,2026-09-26 08:41:38+01:00,6.516934577,3.39430365,13.0,14.0,13.0,27.613,84.644,True,True,1.252
29,2026-09-26 08:41:39+01:00,6.516927085,3.39429513,14.0,15.0,14.0,27.613,84.644,True,True,1.257
29,2026-09-26 08:41:40+01:00,6.5169199,3.394287988,14.0,15.0,16.0,27.613,84.644,True,True,1.123
29,2026-09-26 08:41:41+01:00,6.516909852,3.394281281,13.0,14.0,16.0,27.613,84.644,True,True,1.341
29,2026-09-26 08:41:42+01:00,6.516903855,3.394274214,13.0,14.0,14.0,27.613,84.644,True,True,1.027
29,2026-09-26 08:41:43+01:00,6.516895858,3.39426862,13.0,14.0,14.0,27.613,84.644,True,True,1.083
29,2026-09-26 08:41:44+01:00,6.516888214,3.394260991,13.0,14.0,14.0,27.613,84.644,True,True,1.197
29,2026-09-26 08:41:45+01:00,6.516879145,3.394252978,13.0,14.0,14.0,27.613,84.644,True,True,1.342
29,2026-09-26 08:41:46+01:00,6.51687221,3.394246147,12.0,13.0,14.0,27.613,84.644,True,True,1.079
29,2026-09-26 08:41:47+01:00,6.516865363,3.394236766,12.0,13.0,13.0,27.613,84.644,True,True,1.286
29,2026-09-26 08:41:48+01:00,6.516860185,3.394229403,13.0,14.0,13.0,27.613,84.644,True,True,0.997
29,2026-09-26 08:41:49+01:00,6.516853356,3.394223664,13.0,14.0,14.0,27.613,84.644,True,True,0.989
29,2026-09-26 08:41:50+01:00,6.51684511,3.394215178,13.0,14.0,14.0,27.613,84.644,True,True,1.311
29,2026-09-26 08:41:51+01:00,6.516836006,3.394206061,13.0,14.0,14.0,27.613,84.644,True,True,1.428
29,2026-09-26 08:41:52+01:00,6.516824903,3.394200263,13.0,14.0,14.0,27.613,84.644,True,True,1.391
29,2026-09-26 08:41:53+01:00,6.516816666,3.394194506,12.0,13.0,14.0,27.613,84.644,True,True,1.115
29,2026-09-26 08:41:54+01:00,6.516804951,3.394187105,12.0,13.0,14.0,27.613,84.644,True,True,1.538
29,2026-09-26 08:41:55+01:00,6.516797386,3.394181406,12.0,13.0,13.0,27.613,84.644,True,True,1.051
29,2026-09-26 08:41:56+01:00,6.516787613,3.394176272,12.0,13.0,13.0,27.613,84.644,True,True,1.226
29,2026-09-26 08:41:57+01:00,6.516779576,3.394169133,12.0,13.0,13.0,27.613,84.644,True,True,1.192
29,2026-09-26 08:41:58+01:00,6.516773499,3.394161637,12.0,13.0,13.0,27.613,84.644,True,True,1.069
29,2026-09-26 08:41:59+01:00,6.516765813,3.394149779,12.0,13.0,13.0,27.613,84.644,True,True,1.564
29,2026-09-26 08:42:00+01:00,6.516756222,3.394137108,12.0,13.0,13.0,27.613,84.644,True,True,1.76
29,2026-09-26 08:42:01+01:00,6.516752042,3.394132447,12.0,13.0,13.0,27.613,84.644,True,True,0.694
29,2026-09-26 08:42:02+01:00,6.516745982,3.394125401,11.0,12.0,13.0,27.613,84.644,True,True,1.03
29,2026-09-26 08:42:03+01:00,6.516738033,3.394116226,11.0,12.0,12.0,27.613,84.644,True,True,1.345
29,2026-09-26 08:42:04+01:00,6.516729057,3.394109686,11.0,12.0,12.0,27.613,84.644,True,True,1.232
29,2026-09-26 08:42:05+01:00,6.516721742,3.394102262,11.0,12.0,12.0,27.613,84.644,True,True,1.155
29,2026-09-26 08:42:06+01:00,6.516716178,3.394095468,11.0,12.0,12.0,27.613,84.644,True,True,0.973
29,2026-09-26 08:42:07+01:00,6.516704884,3.394087766,11.0,12.0,12.0,27.613,84.644,True,True,1.517
29,2026-09-26 08:42:08+01:00,6.516696494,3.394080443,10.0,10.0,12.0,27.613,84.644,True,True,1.235
29,2026-09-26 08:42:09+01:00,6.516688595,3.394076698,10.0,10.0,11.0,27.613,84.644,True,True,0.971
29,2026-09-26 08:42:10+01:00,6.516682201,3.3940724,10.0,10.0,11.0,27.613,84.644,True,True,0.855
29,2026-09-26 08:42:11+01:00,6.516673054,3.394062781,10.0,10.0,11.0,27.613,84.644,True,True,1.471
29,2026-09-26 08:42:13+01:00,6.516655511,3.394050584,10.0,10.0,11.0,27.613,84.644,True,True,1.185
29,2026-09-26 08:42:14+01:00,6.516651393,3.394037296,10.0,10.0,11.0,27.613,84.644,True,True,1.538
29,2026-09-26 08:42:15+01:00,6.516645376,3.394025916,10.0,10.0,11.0,27.613,84.644,True,True,1.424
29,2026-09-26 08:42:16+01:00,6.516638106,3.394018354,10.0,10.0,11.0,27.613,84.644,True,True,1.163
29,2026-09-26 08:42:17+01:00,6.516630607,3.394012895,10.0,10.0,11.0,27.613,84.644,True,True,1.029
29,2026-09-26 08:42:18+01:00,6.516623244,3.394004468,10.0,10.0,11.0,27.613,84.644,True,True,1.24
29,2026-09-26 08:42:19+01:00,6.516615039,3.393996902,10.0,10.0,11.0,27.613,84.644,True,True,1.237
29,2026-09-26 08:42:20+01:00,6.516606746,3.393990018,10.0,10.0,11.0,27.613,84.644,True,True,1.195
29,2026-09-26 08:42:21+01:00,6.516601046,3.393983267,10.0,10.0,11.0,27.613,84.644,True,True,0.979
29,2026-09-26 08:42:22+01:00,6.516591197,3.393977251,10.0,10.0,11.0,27.613,84.644,True,True,1.281
29,2026-09-26 08:42:24+01:00,6.516583472,3.39397377,10.0,10.0,11.0,27.613,84.644,True,True,0.471
29,2026-09-26 08:42:25+01:00,6.516564161,3.39395922,9.0,10.0,11.0,27.613,84.644,True,True,2.682
29,2026-09-26 08:42:26+01:00,6.516560451,3.39395439,8.0,9.0,10.0,27.613,84.644,True,True,0.674
29,2026-09-26 08:42:27+01:00,6.51655257,3.393947887,10.0,10.0,10.0,27.613,84.644,True,True,1.133
29,2026-09-26 08:42:28+01:00,6.516547025,3.393942218,10.0,10.0,11.0,27.613,84.644,True,True,0.879
29,2026-09-26 08:42:29+01:00,6.516535385,3.393930946,10.0,10.0,11.0,27.613,84.644,True,True,1.796
29,2026-09-26 08:42:30+01:00,6.516529417,3.393924539,10.0,10.0,11.0,27.613,84.644,True,True,0.97
29,2026-09-26 08:42:31+01:00,6.516522113,3.393915772,10.0,10.0,11.0,27.613,84.644,True,True,1.264
29,2026-09-26 08:42:32+01:00,6.516517682,3.39391192,10.0,10.0,11.0,27.613,83.519,True,True,0.651
29,2026-09-26 08:42:33+01:00,6.516514671,3.393901047,10.0,10.0,11.0,27.613,83.519,True,True,1.247
29,2026-09-26 08:42:34+01:00,6.516508404,3.393898789,10.0,10.0,11.0,27.613,83.519,True,True,0.74
29,2026-09-26 08:42:35+01:00,6.516498208,3.393889436,10.0,10.0,11.0,27.613,83.519,True,True,1.534
29,2026-09-26 08:42:36+01:00,6.516490528,3.393881606,11.0,12.0,11.0,27.613,83.519,True,True,1.216
29,2026-09-26 08:42:37+01:00,6.516480708,3.393873198,11.0,12.0,12.0,27.613,83.519,True,True,1.434
29,2026-09-26 08:42:38+01:00,6.516473729,3.393866739,11.0,12.0,12.0,27.613,83.519,True,True,1.054
29,2026-09-26 08:42:39+01:00,6.516465366,3.393859906,11.0,12.0,12.0,27.613,83.519,True,True,1.198
29,2026-09-26 08:42:40+01:00,6.516458253,3.39385311,11.0,12.0,13.0,27.613,83.519,True,True,1.091
29,2026-09-26 08:42:41+01:00,6.516449523,3.393849452,11.0,12.0,12.0,27.613,83.519,True,True,1.051
29,2026-09-26 08:42:42+01:00,6.51644515,3.393841428,11.0,12.0,12.0,27.613,83.519,True,True,1.011
29,2026-09-26 08:42:43+01:00,6.516435069,3.393831412,12.0,13.0,12.0,27.613,83.519,True,True,1.575
29,2026-09-26 08:42:44+01:00,6.51642652,3.393823602,12.0,13.0,13.0,27.613,83.519,True,True,1.284
29,2026-09-26 08:42:45+01:00,6.516417241,3.393816849,12.0,13.0,13.0,27.613,83.519,True,True,1.273
29,2026-09-26 08:42:46+01:00,6.516410964,3.393809827,12.0,13.0,13.0,27.613,83.519,True,True,1.044
29,2026-09-26 08:42:47+01:00,6.516401356,3.393803938,12.0,13.0,13.0,27.613,83.519,True,True,1.251
29,2026-09-26 08:42:48+01:00,6.516392595,3.393799664,12.0,13.0,13.0,27.613,83.519,True,True,1.083
29,2026-09-26 08:42:49+01:00,6.516384741,3.393792784,12.0,13.0,13.0,27.613,83.519,True,True,1.158
29,2026-09-26 08:42:50+01:00,6.516373138,3.39378174,11.0,12.0,13.0,27.613,83.519,True,True,1.776
29,2026-09-26 08:42:51+01:00,6.516362059,3.39377316,11.0,12.0,12.0,27.613,83.519,True,True,1.554
29,2026-09-26 08:42:52+01:00,6.516349859,3.393768362,11.0,12.0,12.0,27.613,83.519,True,True,1.456
29,2026-09-26 08:42:53+01:00,6.516341216,3.393761151,12.0,13.0,12.0,27.613,83.519,True,True,1.248
29,2026-09-26 08:42:54+01:00,6.516328701,3.393756102,12.0,13.0,13.0,27.613,83.519,True,True,1.499
29,2026-09-26 08:42:55+01:00,6.516316345,3.393753098,11.0,12.0,13.0,27.613,83.519,True,True,1.413
29,2026-09-26 08:42:56+01:00,6.516305622,3.393747956,11.0,12.0,12.0,27.613,83.519,True,True,1.321
29,2026-09-26 08:42:57+01:00,6.516296345,3.393741355,11.0,12.0,12.0,27.613,83.519,True,True,1.263
29,2026-09-26 08:42:58+01:00,6.516284709,3.393735676,11.0,12.0,12.0,27.613,83.519,True,True,1.438
29,2026-09-26 08:42:59+01:00,6.516278394,3.39373199,12.0,13.0,12.0,27.613,83.519,True,True,0.812
29,2026-09-26 08:43:00+01:00,6.516269355,3.393728687,12.0,13.0,13.0,27.613,83.519,True,True,1.069
29,2026-09-26 08:43:01+01:00,6.51625676,3.393726875,11.0,12.0,13.0,27.613,83.519,True,True,1.415
29,2026-09-26 08:43:02+01:00,6.516245677,3.393724111,11.0,12.0,13.0,27.613,83.519,True,True,1.27
29,2026-09-26 08:43:03+01:00,6.516232904,3.393722061,11.0,12.0,12.0,27.613,83.519,True,True,1.438
29,2026-09-26 08:43:04+01:00,6.516221161,3.393718602,11.0,12.0,12.0,27.613,83.519,True,True,1.361
29,2026-09-26 08:43:05+01:00,6.516211235,3.393717677,11.0,12.0,12.0,27.613,83.519,True,True,1.108
29,2026-09-26 08:43:06+01:00,6.516201358,3.393717264,11.0,12.0,12.0,27.613,83.519,True,True,1.099
29,2026-09-26 08:43:07+01:00,6.516187435,3.393716977,11.0,12.0,12.0,27.613,83.519,True,True,1.548
29,2026-09-26 08:43:08+01:00,6.516178105,3.393715779,12.0,13.0,12.0,27.613,83.519,True,True,1.046
29,2026-09-26 08:43:09+01:00,6.516165721,3.393716157,12.0,13.0,13.0,27.613,83.519,True,True,1.378
29,2026-09-26 08:43:10+01:00,6.516154214,3.393718548,11.0,12.0,13.0,27.613,83.519,True,True,1.307
29,2026-09-26 08:43:11+01:00,6.516146793,3.393719816,12.0,13.0,12.0,27.613,83.519,True,True,0.837
29,2026-09-26 08:43:12+01:00,6.516139864,3.39371718,12.0,13.0,13.0,27.613,83.519,True,True,0.824
29,2026-09-26 08:43:13+01:00,6.516124265,3.393718068,12.0,13.0,13.0,27.613,83.519,True,True,1.737
29,2026-09-26 08:43:14+01:00,6.516118962,3.393712574,12.0,13.0,13.0,27.613,83.519,True,True,0.846
29,2026-09-26 08:43:15+01:00,6.516106262,3.393719859,11.0,12.0,13.0,27.613,83.519,True,True,1.625
29,2026-09-26 08:43:16+01:00,6.51609537,3.393720728,11.0,12.0,12.0,27.613,83.519,True,True,1.215
29,2026-09-26 08:43:17+01:00,6.516087303,3.393727221,11.0,12.0,12.0,27.613,83.519,True,True,1.149
29,2026-09-26 08:43:18+01:00,6.51607597,3.39373303,12.0,13.0,12.0,27.613,83.519,True,True,1.414
29,2026-09-26 08:43:19+01:00,6.516065837,3.393738197,12.0,13.0,13.0,27.613,83.519,True,True,1.263
29,2026-09-26 08:43:20+01:00,6.516053367,3.393747317,12.0,13.0,13.0,27.613,83.519,True,True,1.714
29,2026-09-26 08:43:21+01:00,6.516046092,3.393753072,12.0,13.0,13.0,27.613,83.519,True,True,1.029
29,2026-09-26 08:43:22+01:00,6.516037171,3.393759558,12.0,13.0,13.0,27.613,83.519,True,True,1.224
29,2026-09-26 08:43:23+01:00,6.51602872,3.393767277,12.0,13.0,13.0,27.613,83.519,True,True,1.269
29,2026-09-26 08:43:24+01:00,6.516018156,3.393774011,12.0,13.0,13.0,27.613,83.519,True,True,1.39
29,2026-09-26 08:43:25+01:00,6.516007749,3.393782746,11.0,12.0,13.0,27.613,83.519,True,True,1.507
29,2026-09-26 08:43:26+01:00,6.516000615,3.393791293,11.0,12.0,12.0,27.613,83.519,True,True,1.233
29,2026-09-26 08:43:27+01:00,6.515990913,3.393800838,11.0,12.0,12.0,27.613,83.519,True,True,1.509
29,2026-09-26 08:43:28+01:00,6.51598254,3.393806012,11.0,12.0,12.0,27.613,83.519,True,True,1.093
29,2026-09-26 08:43:29+01:00,6.51597423,3.393811335,10.0,10.0,12.0,27.613,83.519,True,True,1.095
29,2026-09-26 08:43:30+01:00,6.51596695,3.393822434,10.0,10.0,11.0,27.613,83.519,True,True,1.469
29,2026-09-26 08:43:31+01:00,6.515960478,3.39383056,10.0,10.0,11.0,27.613,83.519,True,True,1.151
29,2026-09-26 08:43:32+01:00,6.515954761,3.39383765,11.0,12.0,11.0,27.613,82.954,True,True,1.009
29,2026-09-26 08:43:33+01:00,6.515950938,3.393845942,11.0,12.0,12.0,27.613,82.954,True,True,1.01
29,2026-09-26 08:43:34+01:00,6.51594599,3.393854398,10.0,10.0,12.0,27.613,82.954,True,True,1.084
29,2026-09-26 08:43:35+01:00,6.515941098,3.393863923,10.0,10.0,11.0,27.613,82.954,True,True,1.185
29,2026-09-26 08:43:36+01:00,6.515936015,3.3938741,11.0,12.0,11.0,27.613,82.954,True,True,1.258
29,2026-09-26 08:43:37+01:00,6.515930039,3.393889097,11.0,12.0,12.0,27.613,82.954,True,True,1.785
29,2026-09-26 08:43:38+01:00,6.515927295,3.393898774,11.0,12.0,12.0,27.613,82.954,True,True,1.112
29,2026-09-26 08:43:39+01:00,6.515924493,3.393908313,11.0,12.0,12.0,27.613,82.954,True,True,1.099
29,2026-09-26 08:43:40+01:00,6.515921733,3.393910782,11.0,12.0,12.0,27.613,82.954,True,True,0.411
29,2026-09-26 08:43:41+01:00,6.515917879,3.393924234,10.0,10.0,12.0,27.613,82.954,True,True,1.547
29,2026-09-26 08:43:42+01:00,6.51591366,3.393935655,10.0,10.0,11.0,27.613,82.954,True,True,1.346
29,2026-09-26 08:43:43+01:00,6.51591086,3.39394589,11.0,12.0,11.0,27.613,82.954,True,True,1.173
29,2026-09-26 08:43:44+01:00,6.515909961,3.393955709,11.0,12.0,12.0,27.613,82.954,True,True,1.089
29,2026-09-26 08:43:45+01:00,6.515908394,3.39396481,12.0,13.0,13.0,27.613,82.954,True,True,1.02
29,2026-09-26 08:43:46+01:00,6.51590785,3.393978155,12.0,13.0,13.0,27.613,82.954,True,True,1.476
29,2026-09-26 08:43:47+01:00,6.515904173,3.393989125,12.0,13.0,13.0,27.613,82.954,True,True,1.279
29,2026-09-26 08:43:48+01:00,6.51590344,3.393997641,12.0,13.0,13.0,27.613,82.954,True,True,0.944
29,2026-09-26 08:43:49+01:00,6.515903182,3.394008741,12.0,13.0,13.0,27.613,82.954,True,True,1.227
29,2026-09-26 08:43:50+01:00,6.515900603,3.394018116,12.0,13.0,13.0,27.613,82.954,True,True,1.075
29,2026-09-26 08:43:52+01:00,6.51590022,3.394040377,11.0,12.0,13.0,27.613,82.954,True,True,1.23
29,2026-09-26 08:43:54+01:00,6.515900766,3.39404971,11.0,12.0,12.0,27.613,82.954,True,True,0.516
29,2026-09-26 08:43:56+01:00,6.515900341,3.394070347,11.0,12.0,12.0,27.613,82.954,True,True,1.14
29,2026-09-26 08:43:57+01:00,6.515899877,3.394087934,11.0,12.0,12.0,27.613,82.954,True,True,1.944
29,2026-09-26 08:43:59+01:00,6.515897286,3.394106409,11.0,12.0,12.0,27.613,82.954,True,True,1.031
29,2026-09-26 08:44:01+01:00,6.515894386,3.394131497,11.0,12.0,12.0,27.613,82.954,True,True,1.395
29,2026-09-26 08:44:02+01:00,6.515893791,3.394140139,12.0,13.0,13.0,27.613,82.954,True,True,0.957
29,2026-09-26 08:44:04+01:00,6.515893306,3.394163934,12.0,13.0,13.0,27.613,82.954,True,True,1.315
29,2026-09-26 08:44:06+01:00,6.515886757,3.394178329,12.0,13.0,13.0,27.613,82.954,True,True,0.875
29,2026-09-26 08:44:07+01:00,6.51588431,3.394190178,12.0,13.0,13.0,27.613,82.954,True,True,1.337
29,2026-09-26 08:44:09+01:00,6.515881227,3.394200889,12.0,13.0,13.0,27.613,82.954,True,True,0.616
29,2026-09-26 08:44:10+01:00,6.515876226,3.394218713,12.0,13.0,13.0,27.613,82.954,True,True,2.046
29,2026-09-26 08:44:11+01:00,6.515876253,3.394230238,12.0,13.0,13.0,27.613,82.954,True,True,1.273
29,2026-09-26 08:44:13+01:00,6.515876648,3.394242067,12.0,13.0,13.0,27.613,82.954,True,True,0.654
29,2026-09-26 08:44:14+01:00,6.515876057,3.39426464,11.0,12.0,13.0,27.613,82.954,True,True,2.495
29,2026-09-26 08:44:15+01:00,6.515874362,3.394274041,11.0,12.0,12.0,27.613,82.954,True,True,1.056
29,2026-09-26 08:44:16+01:00,6.515876364,3.394281961,13.0,14.0,12.0,27.613,82.954,True,True,0.903
29,2026-09-26 08:44:17+01:00,6.515874285,3.3942908,13.0,14.0,14.0,27.613,82.954,True,True,1.003
29,2026-09-26 08:44:18+01:00,6.515871592,3.394302481,13.0,14.0,14.0,27.613,82.954,True,True,1.325
29,2026-09-26 08:44:19+01:00,6.515870924,3.394312753,14.0,15.0,14.0,27.613,82.954,True,True,1.137
29,2026-09-26 08:44:20+01:00,6.515869937,3.394323177,12.0,13.0,16.0,27.613,82.954,True,True,1.157
29,2026-09-26 08:44:21+01:00,6.515866472,3.39433373,12.0,13.0,13.0,27.613,82.954,True,True,1.228
29,2026-09-26 08:44:22+01:00,6.515866203,3.394341866,11.0,12.0,13.0,27.613,82.954,True,True,0.899
29,2026-09-26 08:44:23+01:00,6.515864232,3.394353225,11.0,12.0,12.0,27.613,82.954,True,True,1.274
29,2026-09-26 08:44:24+01:00,6.515863669,3.394360744,11.0,12.0,12.0,27.613,82.954,True,True,0.833
29,2026-09-26 08:44:25+01:00,6.515867187,3.39436707,11.0,12.0,12.0,27.613,82.954,True,True,0.801
29,2026-09-26 08:44:26+01:00,6.515866513,3.394385196,11.0,12.0,12.0,27.613,82.954,True,True,2.004
29,2026-09-26 08:44:27+01:00,6.51586893,3.394396833,11.0,12.0,12.0,27.613,82.954,True,True,1.313
29,2026-09-26 08:44:28+01:00,6.515869119,3.394408974,11.0,12.0,12.0,27.613,82.954,True,True,1.341
29,2026-09-26 08:44:29+01:00,6.515867098,3.394418797,11.0,12.0,12.0,27.613,82.954,True,True,1.108
29,2026-09-26 08:44:30+01:00,6.51586731,3.394424327,10.0,10.0,12.0,27.613,82.954,True,True,0.611
29,2026-09-26 08:44:31+01:00,6.515870463,3.394435428,8.0,9.0,11.0,27.613,82.954,True,True,1.276
29,2026-09-26 08:44:32+01:00,6.515874313,3.394444618,8.0,9.0,10.0,27.613,84.644,True,True,1.102
29,2026-09-26 08:44:33+01:00,6.515878833,3.394453015,8.0,9.0,10.0,27.613,84.644,True,True,1.055
29,2026-09-26 08:44:34+01:00,6.515883207,3.394462246,8.0,9.0,10.0,27.613,84.644,True,True,1.13
29,2026-09-26 08:44:35+01:00,6.515892541,3.394472161,8.0,9.0,10.0,27.613,84.644,True,True,1.509
29,2026-09-26 08:44:36+01:00,6.515897474,3.394480336,8.0,9.0,10.0,27.613,84.644,True,True,1.057
29,2026-09-26 08:44:37+01:00,6.515907296,3.394489575,10.0,10.0,10.0,27.613,84.644,True,True,1.495
29,2026-09-26 08:44:38+01:00,6.51591557,3.394498139,10.0,10.0,11.0,27.613,84.644,True,True,1.32
29,2026-09-26 08:44:39+01:00,6.515920989,3.394506551,10.0,10.0,11.0,27.613,84.644,True,True,1.108
29,2026-09-26 08:44:40+01:00,6.51592741,3.394516943,10.0,10.0,11.0,27.613,84.644,True,True,1.352
29,2026-09-26 08:44:41+01:00,6.515934326,3.394522853,10.0,10.0,11.0,27.613,84.644,True,True,1.009
29,2026-09-26 08:44:42+01:00,6.51594394,3.394530373,10.0,10.0,11.0,27.613,84.644,True,True,1.354
29,2026-09-26 08:44:43+01:00,6.515950399,3.394536679,10.0,10.0,11.0,27.613,84.644,True,True,1.001
29,2026-09-26 08:44:44+01:00,6.515958293,3.394542427,10.0,10.0,11.0,27.613,84.644,True,True,1.083
29,2026-09-26 08:44:45+01:00,6.515960963,3.394545026,10.0,10.0,11.0,27.613,84.644,True,True,0.413
29,2026-09-26 08:44:46+01:00,6.515972623,3.394552484,10.0,10.0,11.0,27.613,84.644,True,True,1.536
29,2026-09-26 08:44:47+01:00,6.515983173,3.394555183,10.0,10.0,11.0,27.613,84.644,True,True,1.21
29,2026-09-26 08:44:48+01:00,6.515996878,3.3945571,11.0,12.0,11.0,27.613,84.644,True,True,1.539
29,2026-09-26 08:44:49+01:00,6.516005129,3.394561565,10.0,10.0,12.0,27.613,84.644,True,True,1.042
29,2026-09-26 08:44:50+01:00,6.516014497,3.394566688,10.0,10.0,11.0,27.613,84.644,True,True,1.185
29,2026-09-26 08:44:51+01:00,6.516025489,3.394572417,10.0,10.0,11.0,27.613,84.644,True,True,1.376
29,2026-09-26 08:44:52+01:00,6.516039082,3.394576757,11.0,12.0,11.0,27.613,84.644,True,True,1.586
29,2026-09-26 08:44:53+01:00,6.516047589,3.394578807,11.0,12.0,12.0,27.613,84.644,True,True,0.973
29,2026-09-26 08:44:54+01:00,6.516061675,3.394579727,11.0,12.0,12.0,27.613,84.644,True,True,1.57
29,2026-09-26 08:44:55+01:00,6.516077766,3.394580615,11.0,12.0,12.0,27.613,84.644,True,True,1.792
29,2026-09-26 08:44:56+01:00,6.51608662,3.394583165,10.0,11.0,12.0,27.613,84.644,True,True,1.024
29,2026-09-26 08:44:57+01:00,6.516094353,3.394583751,10.0,10.0,11.0,27.613,84.644,True,True,0.862
29,2026-09-26 08:44:58+01:00,6.516102947,3.394584895,10.0,10.0,11.0,27.613,84.644,True,True,0.964
29,2026-09-26 08:44:59+01:00,6.516117265,3.394582804,10.0,10.0,11.0,27.613,84.644,True,True,1.609
29,2026-09-26 08:45:00+01:00,6.516128766,3.394583025,10.0,10.0,11.0,27.613,84.644,True,True,1.279
29,2026-09-26 08:45:01+01:00,6.516144383,3.394582866,8.0,9.0,11.0,27.613,84.644,True,True,1.737
29,2026-09-26 08:45:02+01:00,6.516154368,3.394582663,8.0,9.0,10.0,27.613,84.644,True,True,1.111
29,2026-09-26 08:45:03+01:00,6.516165884,3.394583338,8.0,9.0,10.0,27.613,84.644,True,True,1.283
29,2026-09-26 08:45:04+01:00,6.516173883,3.39458294,8.0,9.0,10.0,27.613,84.644,True,True,0.891
29,2026-09-26 08:45:05+01:00,6.516180781,3.394585854,8.0,9.0,10.0,27.613,84.644,True,True,0.832
29,2026-09-26 08:45:06+01:00,6.51619913,3.394588062,8.0,9.0,10.0,27.613,84.644,True,True,2.055
29,2026-09-26 08:45:07+01:00,6.516218988,3.39458221,8.0,9.0,10.0,27.613,84.644,True,True,2.301
29,2026-09-26 08:45:08+01:00,6.516226307,3.394585273,8.0,9.0,10.0,27.613,84.644,True,True,0.881
29,2026-09-26 08:45:09+01:00,6.516235786,3.394585625,8.0,9.0,10.0,27.613,84.644,True,True,1.055
29,2026-09-26 08:45:10+01:00,6.516251261,3.394585046,10.0,10.0,10.0,27.613,84.644,True,True,1.722
29,2026-09-26 08:45:11+01:00,6.516258672,3.394591158,10.0,10.0,11.0,27.613,84.644,True,True,1.065
29,2026-09-26 08:45:12+01:00,6.516265911,3.394593596,10.0,10.0,11.0,27.613,84.644,True,True,0.849
29,2026-09-26 08:45:13+01:00,6.516269317,3.394597906,10.0,10.0,11.0,27.613,84.644,True,True,0.608
29,2026-09-26 08:45:14+01:00,6.516274576,3.394604171,10.0,10.0,11.0,27.613,84.644,True,True,0.906
29,2026-09-26 08:45:15+01:00,6.516290559,3.394606411,10.0,10.0,11.0,27.613,84.644,True,True,1.794
29,2026-09-26 08:45:16+01:00,6.516304439,3.394606295,8.0,9.0,11.0,27.613,84.644,True,True,1.543
29,2026-09-26 08:45:17+01:00,6.516320644,3.394605974,8.0,9.0,10.0,27.613,84.644,True,True,1.802
29,2026-09-26 08:45:18+01:00,6.516333815,3.394606293,8.0,9.0,10.0,27.613,84.644,True,True,1.465
29,2026-09-26 08:45:19+01:00,6.516343352,3.394603235,8.0,9.0,10.0,27.613,84.644,True,True,1.113
29,2026-09-26 08:45:20+01:00,6.516362068,3.3946023,8.0,9.0,10.0,27.613,84.644,True,True,2.084
29,2026-09-26 08:45:21+01:00,6.516372324,3.394605313,10.0,10.0,10.0,27.613,84.644,True,True,1.188
29,2026-09-26 08:45:22+01:00,6.51638314,3.394611159,10.0,10.0,11.0,27.613,84.644,True,True,1.365
29,2026-09-26 08:45:23+01:00,6.516396756,3.394610745,10.0,10.0,11.0,27.613,84.644,True,True,1.515
29,2026-09-26 08:45:24+01:00,6.516407727,3.394611553,10.0,10.0,11.0,27.613,84.644,True,True,1.223
29,2026-09-26 08:45:25+01:00,6.516421377,3.394609152,11.0,12.0,11.0,27.613,84.644,True,True,1.541
29,2026-09-26 08:45:26+01:00,6.516431897,3.394602913,10.0,10.0,12.0,27.613,84.644,True,True,1.358
29,2026-09-26 08:45:27+01:00,6.51644044,3.394606752,11.0,12.0,11.0,27.613,84.644,True,True,1.04
29,2026-09-26 08:45:28+01:00,6.516451891,3.394611304,11.0,12.0,12.0,27.613,84.644,True,True,1.369
29,2026-09-26 08:45:29+01:00,6.516462738,3.394612703,11.0,12.0,12.0,27.613,84.644,True,True,1.216
29,2026-09-26 08:45:30+01:00,6.516471943,3.394615465,11.0,12.0,12.0,27.613,84.644,True,True,1.068
29,2026-09-26 08:45:31+01:00,6.516484151,3.394615451,11.0,12.0,12.0,27.613,84.644,True,True,1.357
29,2026-09-26 08:45:32+01:00,6.516497535,3.394617113,11.0,12.0,12.0,27.613,82.954,True,True,1.5
29,2026-09-26 08:45:33+01:00,6.516510658,3.394610296,11.0,12.0,12.0,27.613,82.954,True,True,1.642
29,2026-09-26 08:45:34+01:00,6.516520936,3.394615395,11.0,12.0,12.0,27.613,82.954,True,True,1.274
29,2026-09-26 08:45:35+01:00,6.516536921,3.394617402,11.0,12.0,12.0,27.613,82.954,True,True,1.791
29,2026-09-26 08:45:36+01:00,6.516545518,3.394617859,11.0,12.0,12.0,27.613,82.954,True,True,0.957
29,2026-09-26 08:45:37+01:00,6.516556098,3.394619139,11.0,12.0,12.0,27.613,82.954,True,True,1.185
29,2026-09-26 08:45:38+01:00,6.516566427,3.394620243,11.0,12.0,12.0,27.613,82.954,True,True,1.155
29,2026-09-26 08:45:39+01:00,6.516577066,3.39462419,10.0,10.0,12.0,27.613,82.954,True,True,1.261
29,2026-09-26 08:45:40+01:00,6.51659091,3.394626428,11.0,12.0,11.0,27.613,82.954,True,True,1.559
29,2026-09-26 08:45:41+01:00,6.516604121,3.394629929,11.0,12.0,12.0,27.613,82.954,True,True,1.519
29,2026-09-26 08:45:42+01:00,6.516621328,3.394627194,10.0,10.0,12.0,27.613,82.954,True,True,1.937
29,2026-09-26 08:45:43+01:00,6.516627929,3.394627483,10.0,10.0,11.0,27.613,82.954,True,True,0.735
29,2026-09-26 08:45:44+01:00,6.516631326,3.394629388,11.0,12.0,11.0,27.613,82.954,True,True,0.432
29,2026-09-26 08:45:45+01:00,6.516644819,3.39463045,11.0,12.0,12.0,27.613,82.954,True,True,1.505
29,2026-09-26 08:45:46+01:00,6.516651536,3.394630068,10.0,10.0,12.0,27.613,82.954,True,True,0.748
29,2026-09-26 08:45:47+01:00,6.516668396,3.394629887,10.0,10.0,11.0,27.613,82.954,True,True,1.875
29,2026-09-26 08:45:48+01:00,6.516686368,3.394631277,10.0,10.0,11.0,27.613,82.954,True,True,2.004
29,2026-09-26 08:45:49+01:00,6.516692991,3.39463322,10.0,10.0,11.0,27.613,82.954,True,True,0.767
29,2026-09-26 08:45:50+01:00,6.516706122,3.394630239,10.0,10.0,11.0,27.613,82.954,True,True,1.497
29,2026-09-26 08:45:51+01:00,6.516716636,3.394631535,11.0,12.0,11.0,27.613,82.954,True,True,1.178
29,2026-09-26 08:45:52+01:00,6.516726127,3.394635141,11.0,12.0,12.0,27.613,82.954,True,True,1.128
29,2026-09-26 08:45:53+01:00,6.516737467,3.394637111,10.0,10.0,12.0,27.613,82.954,True,True,1.28
29,2026-09-26 08:45:54+01:00,6.516749268,3.394637344,9.0,10.0,11.0,27.613,82.954,True,True,1.312
29,2026-09-26 08:45:55+01:00,6.516760706,3.394641289,8.0,9.0,10.0,27.613,82.954,True,True,1.344
29,2026-09-26 08:45:56+01:00,6.516769283,3.394639466,10.0,10.0,10.0,27.613,82.954,True,True,0.975
29,2026-09-26 08:45:57+01:00,6.516778842,3.39464156,10.0,10.0,11.0,27.613,82.954,True,True,1.088
29,2026-09-26 08:45:58+01:00,6.516793753,3.394642729,8.0,9.0,11.0,27.613,82.954,True,True,1.663
29,2026-09-26 08:45:59+01:00,6.516803724,3.394643483,8.0,9.0,10.0,27.613,82.954,True,True,1.112
29,2026-09-26 08:46:00+01:00,6.516815053,3.39464307,10.0,10.0,10.0,27.613,82.954,True,True,1.261
29,2026-09-26 08:46:01+01:00,6.516828275,3.394645963,10.0,11.0,11.0,27.613,82.954,True,True,1.505
29,2026-09-26 08:46:02+01:00,6.516843193,3.394647485,11.0,12.0,11.0,27.613,82.954,True,True,1.667
29,2026-09-26 08:46:03+01:00,6.516851944,3.394647488,10.0,10.0,12.0,27.613,82.954,True,True,0.973
29,2026-09-26 08:46:04+01:00,6.516861315,3.394650347,10.0,10.0,11.0,27.613,82.954,True,True,1.089
29,2026-09-26 08:46:05+01:00,6.516867367,3.394654221,10.0,10.0,11.0,27.613,82.954,True,True,0.798
29,2026-09-26 08:46:06+01:00,6.516876582,3.394653988,10.0,10.0,11.0,27.613,82.954,True,True,1.025
29,2026-09-26 08:46:07+01:00,6.516888966,3.394654497,10.0,10.0,11.0,27.613,82.954,True,True,1.378
29,2026-09-26 08:46:08+01:00,6.516900712,3.394655997,10.0,11.0,11.0,27.613,82.954,True,True,1.317
29,2026-09-26 08:46:09+01:00,6.516910107,3.394657874,11.0,12.0,11.0,27.613,82.954,True,True,1.065
29,2026-09-26 08:46:10+01:00,6.516923695,3.394663834,11.0,12.0,12.0,27.613,82.954,True,True,1.648
29,2026-09-26 08:46:11+01:00,6.516934462,3.394663092,11.0,12.0,12.0,27.613,82.954,True,True,1.2
29,2026-09-26 08:46:12+01:00,6.516944735,3.394662634,11.0,12.0,12.0,27.613,82.954,True,True,1.143
29,2026-09-26 08:46:13+01:00,6.516956964,3.394663045,11.0,12.0,12.0,27.613,82.954,True,True,1.361
29,2026-09-26 08:46:14+01:00,6.516969247,3.394661577,11.0,12.0,12.0,27.613,82.954,True,True,1.375
29,2026-09-26 08:46:15+01:00,6.516982359,3.394656587,10.0,10.0,12.0,27.613,82.954,True,True,1.559
29,2026-09-26 08:46:16+01:00,6.516991924,3.394660849,10.0,10.0,11.0,27.613,82.954,True,True,1.163
29,2026-09-26 08:46:17+01:00,6.517005074,3.394659331,10.0,10.0,11.0,27.613,82.954,True,True,1.472
29,2026-09-26 08:46:18+01:00,6.517013826,3.394660311,11.0,12.0,11.0,27.613,82.954,True,True,0.979
29,2026-09-26 08:46:19+01:00,6.517027596,3.394659486,10.0,10.0,12.0,27.613,82.954,True,True,1.534
29,2026-09-26 08:46:20+01:00,6.517038858,3.394661632,10.0,10.0,11.0,27.613,82.954,True,True,1.275
29,2026-09-26 08:46:21+01:00,6.517047814,3.394667598,11.0,12.0,11.0,27.613,82.954,True,True,1.194
29,2026-09-26 08:46:22+01:00,6.51706027,3.394669812,11.0,12.0,12.0,27.613,82.954,True,True,1.406
29,2026-09-26 08:46:23+01:00,6.51707265,3.394673355,11.0,12.0,12.0,27.613,82.954,True,True,1.431
29,2026-09-26 08:46:24+01:00,6.517085176,3.394674673,11.0,12.0,12.0,27.613,82.954,True,True,1.4
29,2026-09-26 08:46:25+01:00,6.517095904,3.39467786,11.0,12.0,12.0,27.613,82.954,True,True,1.244
29,2026-09-26 08:46:26+01:00,6.517109686,3.394681964,11.0,12.0,12.0,27.613,82.954,True,True,1.598
29,2026-09-26 08:46:27+01:00,6.517121104,3.394683512,11.0,12.0,12.0,27.613,82.954,True,True,1.281
29,2026-09-26 08:46:28+01:00,6.517131389,3.394684055,10.0,10.0,12.0,27.613,82.954,True,True,1.145
29,2026-09-26 08:46:29+01:00,6.517143138,3.394683798,10.0,10.0,11.0,27.613,82.954,True,True,1.307
29,2026-09-26 08:46:30+01:00,6.517152642,3.394687034,8.0,9.0,11.0,27.613,82.954,True,True,1.116
29,2026-09-26 08:46:31+01:00,6.517163727,3.394688544,8.0,9.0,10.0,27.613,82.954,True,True,1.244
29,2026-09-26 08:46:32+01:00,6.517170397,3.394690995,8.0,9.0,10.0,27.613,82.387,True,True,0.79
29,2026-09-26 08:46:33+01:00,6.517184578,3.394693549,10.0,10.0,10.0,27.613,82.387,True,True,1.602
29,2026-09-26 08:46:34+01:00,6.517194671,3.394694663,10.0,10.0,11.0,27.613,82.387,True,True,1.129
29,2026-09-26 08:46:35+01:00,6.517205572,3.3946948,8.0,9.0,11.0,27.613,82.387,True,True,1.212
29,2026-09-26 08:46:36+01:00,6.517219094,3.394693807,10.0,10.0,10.0,27.613,82.387,True,True,1.508
29,2026-09-26 08:46:37+01:00,6.517231918,3.394691692,12.0,13.0,11.0,27.613,82.387,True,True,1.445
29,2026-09-26 08:46:38+01:00,6.517240624,3.394698892,12.0,13.0,13.0,27.613,82.387,True,True,1.253
29,2026-09-26 08:46:39+01:00,6.517251987,3.394700208,11.0,12.0,13.0,27.613,82.387,True,True,1.272
29,2026-09-26 08:46:40+01:00,6.517263085,3.394701161,11.0,12.0,12.0,27.613,82.387,True,True,1.239
29,2026-09-26 08:46:41+01:00,6.517273397,3.394703111,11.0,12.0,12.0,27.613,82.387,True,True,1.167
29,2026-09-26 08:46:42+01:00,6.517283688,3.394702442,11.0,12.0,12.0,27.613,82.387,True,True,1.147
29,2026-09-26 08:46:43+01:00,6.517299593,3.394702819,11.0,12.0,12.0,27.613,82.387,True,True,1.769
29,2026-09-26 08:46:44+01:00,6.51731035,3.394704811,10.0,11.0,12.0,27.613,82.387,True,True,1.216
29,2026-09-26 08:46:45+01:00,6.517322342,3.394704181,10.0,10.0,11.0,27.613,82.387,True,True,1.335
29,2026-09-26 08:46:46+01:00,6.517330565,3.394702965,10.0,10.0,11.0,27.613,82.387,True,True,0.924
29,2026-09-26 08:46:47+01:00,6.517344851,3.394703626,10.0,10.0,11.0,27.613,82.387,True,True,1.59
29,2026-09-26 08:46:48+01:00,6.517355129,3.394702507,11.0,12.0,11.0,27.613,82.387,True,True,1.15
29,2026-09-26 08:46:49+01:00,6.517367209,3.394701377,11.0,12.0,12.0,27.613,82.387,True,True,1.349
29,2026-09-26 08:46:50+01:00,6.517378979,3.394702647,11.0,12.0,12.0,27.613,82.387,True,True,1.316
29,2026-09-26 08:46:51+01:00,6.517389689,3.394705358,11.0,12.0,12.0,27.613,82.387,True,True,1.228
29,2026-09-26 08:46:52+01:00,6.517403334,3.394707636,11.0,12.0,12.0,27.613,82.387,True,True,1.538
29,2026-09-26 08:46:53+01:00,6.517412304,3.394710682,11.0,12.0,12.0,27.613,82.387,True,True,1.053
29,2026-09-26 08:46:54+01:00,6.517424227,3.394711951,10.0,10.0,12.0,27.613,82.387,True,True,1.333
29,2026-09-26 08:46:55+01:00,6.517435973,3.394713723,10.0,10.0,11.0,27.613,82.387,True,True,1.321
29,2026-09-26 08:46:56+01:00,6.517446249,3.39471724,10.0,10.0,11.0,27.613,82.387,True,True,1.207
29,2026-09-26 08:46:57+01:00,6.517459989,3.394720322,8.0,9.0,11.0,27.613,82.387,True,True,1.565
29,2026-09-26 08:46:58+01:00,6.517467366,3.394726763,10.0,10.0,10.0,27.613,82.387,True,True,1.086
29,2026-09-26 08:46:59+01:00,6.517476704,3.394730409,10.0,11.0,11.0,27.613,82.387,True,True,1.114
29,2026-09-26 08:47:00+01:00,6.517482018,3.394731414,11.0,12.0,11.0,27.613,82.387,True,True,0.601
29,2026-09-26 08:47:01+01:00,6.517495927,3.394738871,10.0,10.0,12.0,27.613,82.387,True,True,1.752
29,2026-09-26 08:47:02+01:00,6.517502596,3.394745342,10.0,10.0,11.0,27.613,82.387,True,True,1.03
29,2026-09-26 08:47:03+01:00,6.517515675,3.394749536,11.0,12.0,11.0,27.613,82.387,True,True,1.526
29,2026-09-26 08:47:04+01:00,6.517527623,3.394753247,11.0,12.0,12.0,27.613,82.387,True,True,1.39
29,2026-09-26 08:47:05+01:00,6.517540638,3.394755469,11.0,12.0,12.0,27.613,82.387,True,True,1.468
29,2026-09-26 08:47:06+01:00,6.517544297,3.394756445,12.0,13.0,12.0,27.613,82.387,True,True,0.421
29,2026-09-26 08:47:07+01:00,6.517558484,3.394763702,12.0,13.0,13.0,27.613,82.387,True,True,1.77
29,2026-09-26 08:47:08+01:00,6.517565923,3.394769981,12.0,13.0,13.0,27.613,82.387,True,True,1.08
29,2026-09-26 08:47:09+01:00,6.517583053,3.394774329,12.0,13.0,13.0,27.613,82.387,True,True,1.964
29,2026-09-26 08:47:10+01:00,6.517583164,3.394770666,12.0,13.0,13.0,27.613,82.387,True,True,0.405
29,2026-09-26 08:47:11+01:00,6.517597184,3.394776862,12.0,13.0,13.0,27.613,82.387,True,True,1.703
29,2026-09-26 08:47:12+01:00,6.517616164,3.394789545,12.0,13.0,13.0,27.613,82.387,True,True,2.533
29,2026-09-26 08:47:13+01:00,6.517621638,3.394794327,12.0,13.0,13.0,27.613,82.387,True,True,0.806
29,2026-09-26 08:47:14+01:00,6.517633829,3.39480131,12.0,13.0,13.0,27.613,82.387,True,True,1.56
29,2026-09-26 08:47:15+01:00,6.517645326,3.394803072,11.0,12.0,13.0,27.613,82.387,True,True,1.293
29,2026-09-26 08:47:16+01:00,6.517660592,3.394801151,11.0,12.0,12.0,27.613,82.387,True,True,1.711
29,2026-09-26 08:47:17+01:00,6.517666283,3.394806671,11.0,12.0,12.0,27.613,82.387,True,True,0.879
29,2026-09-26 08:47:18+01:00,6.517679199,3.3948131,11.0,12.0,12.0,27.613,82.387,True,True,1.602
29,2026-09-26 08:47:19+01:00,6.517686943,3.39481836,11.0,12.0,12.0,27.613,82.387,True,True,1.039
29,2026-09-26 08:47:20+01:00,6.517701682,3.394824994,11.0,12.0,12.0,27.613,82.387,True,True,1.795
29,2026-09-26 08:47:21+01:00,6.517707796,3.394824652,11.0,12.0,12.0,27.613,82.387,True,True,0.681
29,2026-09-26 08:47:22+01:00,6.517720342,3.394830445,11.0,12.0,12.0,27.613,82.387,True,True,1.535
29,2026-09-26 08:47:23+01:00,6.517735851,3.394835836,11.0,12.0,12.0,27.613,82.387,True,True,1.824
29,2026-09-26 08:47:24+01:00,6.517743209,3.394840742,10.0,10.0,12.0,27.613,82.387,True,True,0.981
29,2026-09-26 08:47:25+01:00,6.517754295,3.39484296,10.0,10.0,11.0,27.613,82.387,True,True,1.257
29,2026-09-26 08:47:26+01:00,6.517765425,3.39484473,11.0,12.0,11.0,27.613,82.387,True,True,1.253
29,2026-09-26 08:47:27+01:00,6.517773799,3.394843448,9.0,10.0,12.0,27.613,82.387,True,True,0.942
29,2026-09-26 08:47:28+01:00,6.517784594,3.394850686,8.0,9.0,10.0,27.613,82.387,True,True,1.442
29,2026-09-26 08:47:29+01:00,6.51779353,3.39485761,10.0,10.0,10.0,27.613,82.387,True,True,1.254
29,2026-09-26 08:47:30+01:00,6.517808736,3.394863389,10.0,10.0,11.0,27.613,82.387,True,True,1.807
29,2026-09-26 08:47:31+01:00,6.517813864,3.394868042,10.0,10.0,11.0,27.613,82.387,True,True,0.768
29,2026-09-26 08:47:32+01:00,6.51782338,3.394875367,10.0,10.0,11.0,27.613,82.954,True,True,1.332
29,2026-09-26 08:47:33+01:00,6.5178365,3.394886783,10.0,10.0,11.0,27.613,82.954,True,True,1.928
29,2026-09-26 08:47:34+01:00,6.517838325,3.394887795,10.0,10.0,11.0,27.613,82.954,True,True,0.232
29,2026-09-26 08:47:35+01:00,6.517852525,3.394889873,11.0,12.0,11.0,27.613,82.954,True,True,1.596
29,2026-09-26 08:47:36+01:00,6.517865835,3.394894446,11.0,12.0,12.0,27.613,82.954,True,True,1.564
29,2026-09-26 08:47:37+01:00,6.51787309,3.394902289,11.0,12.0,12.0,27.613,82.954,True,True,1.184
29,2026-09-26 08:47:38+01:00,6.517883708,3.394905916,10.0,10.0,12.0,27.613,82.954,True,True,1.247
29,2026-09-26 08:47:39+01:00,6.517894413,3.394908199,10.0,10.0,11.0,27.613,82.954,True,True,1.217
29,2026-09-26 08:47:40+01:00,6.517900866,3.394911497,11.0,12.0,11.0,27.613,82.954,True,True,0.805
29,2026-09-26 08:47:41+01:00,6.517913756,3.394916055,11.0,12.0,12.0,27.613,82.954,True,True,1.519
29,2026-09-26 08:47:42+01:00,6.51792682,3.394921433,11.0,12.0,12.0,27.613,82.954,True,True,1.569
29,2026-09-26 08:47:43+01:00,6.517931507,3.394929035,11.0,12.0,12.0,27.613,82.954,True,True,0.988
29,2026-09-26 08:47:44+01:00,6.517933484,3.394928195,11.0,12.0,12.0,27.613,82.954,True,True,0.239
29,2026-09-26 08:47:45+01:00,6.517952939,3.394935544,11.0,12.0,12.0,27.613,82.954,True,True,2.311
29,2026-09-26 08:47:46+01:00,6.517962271,3.394940896,11.0,12.0,12.0,27.613,82.954,True,True,1.194
29,2026-09-26 08:47:47+01:00,6.517969613,3.39494439,10.0,10.0,12.0,27.613,82.954,True,True,0.903
29,2026-09-26 08:47:48+01:00,6.517982328,3.394951424,10.0,10.0,11.0,27.613,82.954,True,True,1.613
29,2026-09-26 08:47:49+01:00,6.517993228,3.39495571,10.0,10.0,11.0,27.613,82.954,True,True,1.301
29,2026-09-26 08:47:50+01:00,6.518001701,3.39496094,10.0,10.0,11.0,27.613,82.954,True,True,1.105
29,2026-09-26 08:47:51+01:00,6.51800726,3.39496004,10.0,10.0,11.0,27.613,82.954,True,True,0.626
29,2026-09-26 08:47:52+01:00,6.51801727,3.394963517,10.0,10.0,11.0,27.613,82.954,True,True,1.177
29,2026-09-26 08:47:53+01:00,6.518024233,3.39496717,8.0,9.0,11.0,27.613,82.954,True,True,0.873
29,2026-09-26 08:47:54+01:00,6.518036098,3.394974984,10.0,10.0,10.0,27.613,82.954,True,True,1.577
29,2026-09-26 08:47:55+01:00,6.5180384,3.394978885,10.0,10.0,11.0,27.613,82.954,True,True,0.501
29,2026-09-26 08:47:56+01:00,6.518045875,3.394984105,11.0,12.0,11.0,27.613,82.954,True,True,1.012
29,2026-09-26 08:47:57+01:00,6.518052387,3.394986626,11.0,12.0,12.0,27.613,82.954,True,True,0.776
29,2026-09-26 08:47:58+01:00,6.518051113,3.394998165,11.0,12.0,12.0,27.613,82.954,True,True,1.283
29,2026-09-26 08:47:59+01:00,6.518053166,3.395002078,10.0,10.0,12.0,27.613,82.954,True,True,0.489
29,2026-09-26 08:48:00+01:00,6.518069234,3.395015331,10.0,10.0,11.0,27.613,82.954,True,True,2.31
29,2026-09-26 08:48:01+01:00,6.518074656,3.395020129,11.0,12.0,11.0,27.613,82.954,True,True,0.803
29,2026-09-26 08:48:02+01:00,6.518085472,3.395026152,11.0,12.0,12.0,27.613,82.954,True,True,1.374
29,2026-09-26 08:48:03+01:00,6.518095907,3.395026866,11.0,12.0,12.0,27.613,82.954,True,True,1.163
29,2026-09-26 08:48:04+01:00,6.518105491,3.395031849,12.0,13.0,12.0,27.613,82.954,True,True,1.199
29,2026-09-26 08:48:05+01:00,6.518104602,3.39503662,13.0,14.0,13.0,27.613,82.954,True,True,0.536
29,2026-09-26 08:48:06+01:00,6.518123863,3.395041067,13.0,14.0,14.0,27.613,82.954,True,True,2.197
29,2026-09-26 08:48:07+01:00,6.51815317,3.395040477,13.0,14.0,14.0,27.613,82.954,True,True,3.259
29,2026-09-26 08:48:08+01:00,6.518160775,3.395043771,11.0,12.0,14.0,27.613,82.954,True,True,0.921
29,2026-09-26 08:48:09+01:00,6.518172747,3.395048052,11.0,12.0,12.0,27.613,82.954,True,True,1.413
29,2026-09-26 08:48:10+01:00,6.518191347,3.39504944,11.0,12.0,12.0,27.613,82.954,True,True,2.074
29,2026-09-26 08:48:12+01:00,6.518217523,3.395047676,12.0,13.0,12.0,27.613,82.954,True,True,1.459
29,2026-09-26 08:48:13+01:00,6.518223472,3.395049205,12.0,13.0,13.0,27.613,82.954,True,True,0.683
29,2026-09-26 08:48:14+01:00,6.518232316,3.395049931,12.0,13.0,13.0,27.613,82.954,True,True,0.987
29,2026-09-26 08:48:15+01:00,6.518238479,3.395048783,11.0,12.0,13.0,27.613,82.954,True,True,0.697
29,2026-09-26 08:48:16+01:00,6.518250349,3.395044217,11.0,12.0,12.0,27.613,82.954,True,True,1.413
29,2026-09-26 08:48:17+01:00,6.518264679,3.395039598,11.0,12.0,12.0,27.613,82.954,True,True,1.673
29,2026-09-26 08:48:18+01:00,6.51827476,3.395033415,11.0,12.0,12.0,27.613,82.954,True,True,1.313
29,2026-09-26 08:48:19+01:00,6.518279407,3.395032613,11.0,12.0,12.0,27.613,82.954,True,True,0.524
29,2026-09-26 08:48:20+01:00,6.518289069,3.395025978,11.0,12.0,12.0,27.613,82.954,True,True,1.301
29,2026-09-26 08:48:21+01:00,6.518297015,3.395026051,11.0,12.0,12.0,27.613,82.954,True,True,0.884
29,2026-09-26 08:48:22+01:00,6.518309815,3.395021591,10.0,10.0,12.0,27.613,82.954,True,True,1.506
29,2026-09-26 08:48:23+01:00,6.518321978,3.395020628,10.0,10.0,11.0,27.613,82.954,True,True,1.357
29,2026-09-26 08:48:24+01:00,6.518332845,3.395016909,10.0,10.0,11.0,27.613,82.954,True,True,1.276
29,2026-09-26 08:48:25+01:00,6.518338332,3.395010564,11.0,12.0,11.0,27.613,82.954,True,True,0.929
29,2026-09-26 08:48:26+01:00,6.518343966,3.395006049,10.0,10.0,12.0,27.613,82.954,True,True,0.801
29,2026-09-26 08:48:27+01:00,6.518352846,3.394992791,10.0,10.0,11.0,27.613,82.954,True,True,1.766
29,2026-09-26 08:48:28+01:00,6.518356685,3.394977473,11.0,12.0,11.0,27.613,82.954,True,True,1.745
29,2026-09-26 08:48:29+01:00,6.518361563,3.394965507,12.0,13.0,12.0,27.613,82.954,True,True,1.429
29,2026-09-26 08:48:30+01:00,6.518364515,3.394964493,12.0,13.0,13.0,27.613,82.954,True,True,0.347
29,2026-09-26 08:48:31+01:00,6.518368817,3.394947516,12.0,13.0,13.0,27.613,82.954,True,True,1.936
29,2026-09-26 08:48:32+01:00,6.518368211,3.394952779,14.0,15.0,13.0,28.113,82.387,True,True,0.585
29,2026-09-26 08:48:33+01:00,6.518379809,3.394937645,15.0,16.0,16.0,28.113,82.387,True,True,2.112
29,2026-09-26 08:48:34+01:00,6.518386296,3.394926779,15.0,16.0,17.0,28.113,82.387,True,True,1.4
29,2026-09-26 08:48:35+01:00,6.518390982,3.394920106,16.0,17.0,17.0,28.113,82.387,True,True,0.903
29,2026-09-26 08:48:36+01:00,6.518393193,3.394906027,15.0,17.0,18.0,28.113,82.387,True,True,1.575
29,2026-09-26 08:48:37+01:00,6.518397156,3.394896272,15.0,16.0,18.0,28.113,82.387,True,True,1.164
29,2026-09-26 08:48:38+01:00,6.518404443,3.394883901,14.0,15.0,17.0,28.113,82.387,True,True,1.589
29,2026-09-26 08:48:39+01:00,6.518409146,3.394872197,14.0,15.0,16.0,28.113,82.387,True,True,1.395
29,2026-09-26 08:48:40+01:00,6.518416156,3.394867281,14.0,15.0,16.0,28.113,82.387,True,True,0.95
29,2026-09-26 08:48:41+01:00,6.518420203,3.394859981,13.0,14.0,16.0,28.113,82.387,True,True,0.924
29,2026-09-26 08:48:42+01:00,6.518420815,3.394847595,13.0,14.0,14.0,28.113,82.387,True,True,1.37
29,2026-09-26 08:48:43+01:00,6.518422775,3.394840732,13.0,14.0,14.0,28.113,82.387,True,True,0.789
29,2026-09-26 08:48:44+01:00,6.518426393,3.394830222,14.0,15.0,15.0,28.113,82.387,True,True,1.229
29,2026-09-26 08:48:45+01:00,6.518429511,3.394816851,14.0,15.0,16.0,28.113,82.387,True,True,1.517
29,2026-09-26 08:48:46+01:00,6.51843182,3.394801739,14.0,15.0,16.0,28.113,82.387,True,True,1.689
29,2026-09-26 08:48:47+01:00,6.518435849,3.394796294,12.0,13.0,16.0,28.113,82.387,True,True,0.75
29,2026-09-26 08:48:48+01:00,6.518438814,3.39478334,12.0,13.0,13.0,28.113,82.387,True,True,1.469
29,2026-09-26 08:48:49+01:00,6.518443605,3.39476966,14.0,15.0,13.0,28.113,82.387,True,True,1.602
29,2026-09-26 08:48:50+01:00,6.518445592,3.394757533,15.0,16.0,16.0,28.113,82.387,True,True,1.358
29,2026-09-26 08:48:51+01:00,6.518452198,3.394746895,15.0,16.0,17.0,28.113,82.387,True,True,1.386
29,2026-09-26 08:48:52+01:00,6.518457438,3.39473691,15.0,16.0,17.0,28.113,82.387,True,True,1.248
29,2026-09-26 08:48:53+01:00,6.51846285,3.394729145,15.0,16.0,17.0,28.113,82.387,True,True,1.048
29,2026-09-26 08:48:54+01:00,6.518468813,3.394721804,14.0,15.0,17.0,28.113,82.387,True,True,1.048
29,2026-09-26 08:48:55+01:00,6.518474149,3.394716227,15.0,16.0,16.0,28.113,82.387,True,True,0.855
29,2026-09-26 08:48:56+01:00,6.518482427,3.394705434,16.0,17.0,17.0,28.113,82.387,True,True,1.506
29,2026-09-26 08:48:57+01:00,6.518491201,3.394696416,16.0,17.0,18.0,28.113,82.387,True,True,1.394
29,2026-09-26 08:48:58+01:00,6.518499355,3.394688599,15.0,16.0,18.0,28.113,82.387,True,True,1.252
29,2026-09-26 08:48:59+01:00,6.518507038,3.394679657,16.0,17.0,17.0,28.113,82.387,True,True,1.306
29,2026-09-26 08:49:00+01:00,6.518514824,3.394672762,16.0,17.0,18.0,28.113,82.387,True,True,1.153
29,2026-09-26 08:49:01+01:00,6.518522221,3.394667753,15.0,16.0,18.0,28.113,82.387,True,True,0.991
29,2026-09-26 08:49:02+01:00,6.518531633,3.394660322,14.0,15.0,17.0,28.113,82.387,True,True,1.33
29,2026-09-26 08:49:03+01:00,6.518541045,3.394654225,14.0,15.0,16.0,28.113,82.387,True,True,1.245
29,2026-09-26 08:49:04+01:00,6.518548824,3.394650957,14.0,15.0,16.0,28.113,82.387,True,True,0.937
29,2026-09-26 08:49:05+01:00,6.518569644,3.394618698,14.0,15.0,16.0,28.113,82.387,False,True,4.25
29,2026-09-26 08:49:06+01:00,6.518567598,3.394626446,15.0,16.0,16.0,28.113,82.387,True,True,0.886
29,2026-09-26 08:49:07+01:00,6.518577809,3.394621573,15.0,16.0,17.0,28.113,82.387,True,True,1.257
29,2026-09-26 08:49:08+01:00,6.518583028,3.394623119,13.0,14.0,17.0,28.113,82.387,True,True,0.605
29,2026-09-26 08:49:09+01:00,6.518592987,3.394614464,14.0,15.0,14.0,28.113,82.387,True,True,1.463
29,2026-09-26 08:49:10+01:00,6.518598609,3.3946098,13.0,14.0,16.0,28.113,82.387,True,True,0.81
29,2026-09-26 08:49:11+01:00,6.518600264,3.394600596,13.0,14.0,14.0,28.113,82.387,True,True,1.033
29,2026-09-26 08:49:12+01:00,6.518605669,3.394587751,13.0,14.0,14.0,28.113,82.387,True,True,1.541
29,2026-09-26 08:49:13+01:00,6.518610117,3.394581022,14.0,15.0,14.0,28.113,82.387,True,True,0.893
29,2026-09-26 08:49:14+01:00,6.518616867,3.394568562,15.0,16.0,16.0,28.113,82.387,True,True,1.568
29,2026-09-26 08:49:15+01:00,6.518621942,3.394559767,15.0,16.0,17.0,28.113,82.387,True,True,1.124
29,2026-09-26 08:49:16+01:00,6.518622789,3.394552494,14.0,15.0,17.0,28.113,82.387,True,True,0.809
29,2026-09-26 08:49:17+01:00,6.518625635,3.394541101,13.0,14.0,16.0,28.113,82.387,True,True,1.298
29,2026-09-26 08:49:18+01:00,6.518625846,3.394529184,13.0,14.0,14.0,28.113,82.387,True,True,1.317
29,2026-09-26 08:49:19+01:00,6.518630991,3.394520733,13.0,14.0,14.0,28.113,82.387,True,True,1.095
29,2026-09-26 08:49:20+01:00,6.518633472,3.394512209,14.0,15.0,15.0,28.113,82.387,True,True,0.981
29,2026-09-26 08:49:21+01:00,6.518633213,3.394500713,15.0,16.0,16.0,28.113,82.387,True,True,1.27
29,2026-09-26 08:49:22+01:00,6.518632055,3.394488082,15.0,16.0,17.0,28.113,82.387,True,True,1.401
29,2026-09-26 08:49:23+01:00,6.518632877,3.394476691,14.0,15.0,17.0,28.113,82.387,True,True,1.262
29,2026-09-26 08:49:24+01:00,6.518634307,3.394464122,14.0,15.0,16.0,28.113,82.387,True,True,1.398
29,2026-09-26 08:49:25+01:00,6.518637555,3.394454283,14.0,15.0,16.0,28.113,82.387,True,True,1.145
29,2026-09-26 08:49:26+01:00,6.518641234,3.394441517,13.0,14.0,16.0,28.113,82.387,True,True,1.468
29,2026-09-26 08:49:27+01:00,6.518644479,3.394432407,13.0,14.0,14.0,28.113,82.387,True,True,1.069
29,2026-09-26 08:49:28+01:00,6.518653068,3.39441854,14.0,15.0,14.0,28.113,82.387,True,True,1.805
29,2026-09-26 08:49:29+01:00,6.518653944,3.394410183,14.0,15.0,16.0,28.113,82.387,True,True,0.928
29,2026-09-26 08:49:30+01:00,6.518658019,3.394402414,14.0,15.0,16.0,28.113,82.387,True,True,0.971
29,2026-09-26 08:49:31+01:00,6.518657581,3.394392926,14.0,15.0,16.0,28.113,82.387,True,True,1.049
29,2026-09-26 08:49:32+01:00,6.518656543,3.394380257,13.0,14.0,16.0,28.113,81.819,True,True,1.404
29,2026-09-26 08:49:33+01:00,6.518658452,3.39436859,13.0,14.0,14.0,28.113,81.819,True,True,1.306
29,2026-09-26 08:49:34+01:00,6.518659535,3.39435898,14.0,16.0,14.0,28.113,81.819,True,True,1.068
29,2026-09-26 08:49:35+01:00,6.51866292,3.394352679,15.0,16.0,16.0,28.113,81.819,True,True,0.791
29,2026-09-26 08:49:36+01:00,6.518667276,3.394342376,15.0,16.0,17.0,28.113,81.819,True,True,1.237
29,2026-09-26 08:49:37+01:00,6.518670732,3.394332024,16.0,17.0,17.0,28.113,81.819,True,True,1.206
29,2026-09-26 08:49:38+01:00,6.518671153,3.394322572,16.0,17.0,18.0,28.113,81.819,True,True,1.045
29,2026-09-26 08:49:39+01:00,6.518673534,3.394309662,16.0,17.0,18.0,28.113,81.819,True,True,1.451
29,2026-09-26 08:49:40+01:00,6.518674779,3.394299854,16.0,17.0,18.0,28.113,81.819,True,True,1.092
29,2026-09-26 08:49:41+01:00,6.518678147,3.394292391,18.0,20.0,18.0,28.113,81.819,True,True,0.906
29,2026-09-26 08:49:42+01:00,6.518681641,3.39427921,18.0,20.0,21.0,28.113,81.819,True,True,1.507
29,2026-09-26 08:49:43+01:00,6.518685966,3.394265838,18.0,20.0,21.0,28.113,81.819,True,True,1.554
29,2026-09-26 08:49:44+01:00,6.518690193,3.39425593,18.0,20.0,21.0,28.113,81.819,True,True,1.191
29,2026-09-26 08:49:45+01:00,6.518692125,3.394241063,18.0,20.0,21.0,28.113,81.819,True,True,1.656
29,2026-09-26 08:49:46+01:00,6.518691199,3.394232651,17.0,18.0,21.0,28.113,81.819,True,True,0.935
29,2026-09-26 08:49:47+01:00,6.518695049,3.394225649,17.0,18.0,19.0,28.113,81.819,True,True,0.884
29,2026-09-26 08:49:48+01:00,6.518698938,3.39421319,16.0,17.0,19.0,28.113,81.819,True,True,1.443
29,2026-09-26 08:49:49+01:00,6.518698368,3.394201398,19.0,21.0,18.0,28.113,81.819,True,True,1.304
29,2026-09-26 08:49:50+01:00,6.518698799,3.394191142,21.0,23.0,22.0,28.113,81.819,True,True,1.134
29,2026-09-26 08:49:51+01:00,6.518699354,3.394181961,23.0,25.0,27.0,28.113,81.819,True,True,1.016
29,2026-09-26 08:49:52+01:00,6.518704454,3.39416927,30.0,33.0,32.0,28.113,81.819,True,True,1.512
29,2026-09-26 08:49:53+01:00,6.518702077,3.394159971,33.0,36.0,47.0,28.113,81.819,True,True,1.061
29,2026-09-26 08:49:54+01:00,6.51871047,3.394148687,35.0,39.0,54.0,28.113,81.819,True,True,1.557
29,2026-09-26 08:49:55+01:00,6.518715889,3.394139079,35.0,39.0,60.0,28.113,81.819,True,True,1.221
29,2026-09-26 08:49:56+01:00,6.518721959,3.394130224,35.0,39.0,60.0,28.113,81.819,True,True,1.189
29,2026-09-26 08:49:57+01:00,6.518728377,3.394117626,35.0,39.0,60.0,28.113,81.819,True,True,1.564
29,2026-09-26 08:49:58+01:00,6.518732443,3.394108896,35.0,39.0,60.0,28.113,81.819,True,True,1.065
29,2026-09-26 08:49:59+01:00,6.518733816,3.394100967,34.0,38.0,60.0,28.113,81.819,True,True,0.889
29,2026-09-26 08:50:00+01:00,6.518736437,3.394084409,28.0,30.0,57.0,28.113,81.819,True,True,1.852
29,2026-09-26 08:50:01+01:00,6.518736916,3.394074452,28.0,30.0,42.0,28.113,81.819,True,True,1.101
29,2026-09-26 08:50:02+01:00,6.518735391,3.394062496,20.0,22.0,42.0,28.113,81.819,True,True,1.332
29,2026-09-26 08:50:03+01:00,6.518733866,3.394050798,16.0,17.0,25.0,28.113,81.819,True,True,1.303
29,2026-09-26 08:50:04+01:00,6.518733608,3.394039431,13.0,14.0,18.0,28.113,81.819,True,True,1.256
29,2026-09-26 08:50:05+01:00,6.518733621,3.394028581,13.0,14.0,14.0,28.113,81.819,True,True,1.199
29,2026-09-26 08:50:06+01:00,6.518735573,3.394017479,12.0,13.0,14.0,28.113,81.819,True,True,1.246
29,2026-09-26 08:50:07+01:00,6.518739432,3.394007381,11.0,12.0,13.0,28.113,81.819,True,True,1.195
29,2026-09-26 08:50:08+01:00,6.518738768,3.393999386,13.0,14.0,12.0,28.113,81.819,True,True,0.886
29,2026-09-26 08:50:09+01:00,6.518739511,3.393991118,13.0,14.0,15.0,28.113,81.819,True,True,0.917
29,2026-09-26 08:50:10+01:00,6.518740297,3.393979569,12.0,13.0,14.0,28.113,81.819,True,True,1.279
29,2026-09-26 08:50:11+01:00,6.518744559,3.393972816,12.0,13.0,13.0,28.113,81.819,True,True,0.884
29,2026-09-26 08:50:12+01:00,6.518749523,3.393966516,13.0,14.0,13.0,28.113,81.819,True,True,0.888
29,2026-09-26 08:50:13+01:00,6.518749535,3.393954423,14.0,15.0,14.0,28.113,81.819,True,True,1.336
29,2026-09-26 08:50:14+01:00,6.51874895,3.393943272,14.0,15.0,16.0,28.113,81.819,True,True,1.234
29,2026-09-26 08:50:15+01:00,6.518749926,3.393930572,14.0,15.0,16.0,28.113,81.819,True,True,1.407
29,2026-09-26 08:50:16+01:00,6.518747595,3.393918551,13.0,14.0,16.0,28.113,81.819,True,True,1.353
29,2026-09-26 08:50:17+01:00,6.518747804,3.393906743,13.0,14.0,14.0,28.113,81.819,True,True,1.305
29,2026-09-26 08:50:18+01:00,6.51875,3.393894398,12.0,13.0,14.0,28.113,81.819,True,True,1.386
29,2026-09-26 08:50:19+01:00,6.518751591,3.393878831,12.0,13.0,13.0,28.113,81.819,True,True,1.729
29,2026-09-26 08:50:20+01:00,6.5187493,3.393867861,12.0,13.0,13.0,28.113,81.819,True,True,1.238
29,2026-09-26 08:50:21+01:00,6.518750697,3.393856455,12.0,13.0,13.0,28.113,81.819,True,True,1.27
29,2026-09-26 08:50:22+01:00,6.518752907,3.393845071,13.0,14.0,13.0,28.113,81.819,True,True,1.281
29,2026-09-26 08:50:23+01:00,6.518755038,3.393833666,13.0,14.0,14.0,28.113,81.819,True,True,1.282
29,2026-09-26 08:50:24+01:00,6.518757932,3.393820187,13.0,14.0,14.0,28.113,81.819,True,True,1.523
29,2026-09-26 08:50:25+01:00,6.518762199,3.393810173,14.0,15.0,14.0,28.113,81.819,True,True,1.204
29,2026-09-26 08:50:26+01:00,6.518764165,3.393795961,14.0,15.0,16.0,28.113,81.819,True,True,1.585
29,2026-09-26 08:50:27+01:00,6.518763942,3.393781149,12.0,13.0,16.0,28.113,81.819,True,True,1.637
29,2026-09-26 08:50:28+01:00,6.518765876,3.393770427,11.0,12.0,13.0,28.113,81.819,True,True,1.204
29,2026-09-26 08:50:29+01:00,6.518767658,3.393761988,13.0,14.0,12.0,28.113,81.819,True,True,0.953
29,2026-09-26 08:50:30+01:00,6.518773158,3.393748227,13.0,14.0,14.0,28.113,81.819,True,True,1.639
29,2026-09-26 08:50:31+01:00,6.518778803,3.393741413,13.0,14.0,14.0,28.113,81.819,True,True,0.98
29,2026-09-26 08:50:32+01:00,6.518778205,3.393732929,13.0,14.0,14.0,28.113,81.819,True,True,0.94
29,2026-09-26 08:50:33+01:00,6.518779735,3.393721889,13.0,14.0,14.0,28.113,81.819,True,True,1.231
29,2026-09-26 08:50:34+01:00,6.518779205,3.39371521,13.0,14.0,14.0,28.113,81.819,True,True,0.74
29,2026-09-26 08:50:35+01:00,6.518781267,3.393708459,13.0,14.0,14.0,28.113,81.819,True,True,0.78
29,2026-09-26 08:50:36+01:00,6.518783505,3.393696228,14.0,15.0,14.0,28.113,81.819,True,True,1.374
29,2026-09-26 08:50:37+01:00,6.518783964,3.393681798,14.0,15.0,16.0,28.113,81.819,True,True,1.595
29,2026-09-26 08:50:38+01:00,6.518783448,3.393676922,13.0,14.0,16.0,28.113,81.819,True,True,0.542
29,2026-09-26 08:50:39+01:00,6.518787329,3.393660677,13.0,14.0,14.0,28.113,81.819,True,True,1.846
29,2026-09-26 08:50:40+01:00,6.518795862,3.393652899,14.0,15.0,15.0,28.113,81.819,True,True,1.28
29,2026-09-26 08:50:41+01:00,6.51879834,3.393641801,14.0,15.0,16.0,28.113,81.819,True,True,1.257
29,2026-09-26 08:50:42+01:00,6.518802308,3.393635436,14.0,15.0,16.0,28.113,81.819,True,True,0.83
29,2026-09-26 08:50:43+01:00,6.51880697,3.393626953,14.0,15.0,16.0,28.113,81.819,True,True,1.071
29,2026-09-26 08:50:44+01:00,6.518807447,3.39361433,14.0,15.0,16.0,28.113,81.819,True,True,1.396
29,2026-09-26 08:50:45+01:00,6.518809609,3.393600041,14.0,15.0,16.0,28.113,81.819,True,True,1.597
29,2026-09-26 08:50:46+01:00,6.518816233,3.393586741,12.0,13.0,16.0,28.113,81.819,True,True,1.644
29,2026-09-26 08:50:47+01:00,6.51881628,3.393579189,12.0,13.0,14.0,28.113,81.819,True,True,0.834
29,2026-09-26 08:50:48+01:00,6.518813755,3.39356963,13.0,14.0,13.0,28.113,81.819,True,True,1.093
29,2026-09-26 08:50:49+01:00,6.518813586,3.393553014,13.0,14.0,14.0,28.113,81.819,True,True,1.836
29,2026-09-26 08:50:50+01:00,6.518822502,3.393546239,12.0,13.0,14.0,28.113,81.819,True,True,1.242
29,2026-09-26 08:50:51+01:00,6.518824735,3.393529735,12.0,13.0,13.0,28.113,81.819,True,True,1.84
29,2026-09-26 08:50:52+01:00,6.518830854,3.393518701,13.0,14.0,13.0,28.113,81.819,True,True,1.396
29,2026-09-26 08:50:53+01:00,6.518831539,3.393510635,13.0,14.0,14.0,28.113,81.819,True,True,0.894
29,2026-09-26 08:50:54+01:00,6.518830822,3.393497872,13.0,14.0,14.0,28.113,81.819,True,True,1.412
29,2026-09-26 08:50:55+01:00,6.518832844,3.393483625,12.0,13.0,14.0,28.113,81.819,True,True,1.59
29,2026-09-26 08:50:56+01:00,6.518835137,3.393473201,12.0,13.0,13.0,28.113,81.819,True,True,1.179
29,2026-09-26 08:50:57+01:00,6.518831488,3.393461998,12.0,13.0,13.0,28.113,81.819,True,True,1.302
29,2026-09-26 08:50:58+01:00,6.51883266,3.393446248,12.0,13.0,13.0,28.113,81.819,True,True,1.745
29,2026-09-26 08:50:59+01:00,6.518832744,3.393435379,12.0,13.0,13.0,28.113,81.819,True,True,1.201
29,2026-09-26 08:51:00+01:00,6.518834237,3.393420454,12.0,13.0,13.0,28.113,81.819,True,True,1.657
29,2026-09-26 08:51:01+01:00,6.518834851,3.393409123,13.0,14.0,13.0,28.113,81.819,True,True,1.254
29,2026-09-26 08:51:02+01:00,6.518836883,3.39339554,13.0,14.0,14.0,28.113,81.819,True,True,1.518
29,2026-09-26 08:51:03+01:00,6.518837334,3.393384854,13.0,14.0,14.0,28.113,81.819,True,True,1.182
29,2026-09-26 08:51:04+01:00,6.5188398,3.39337696,14.0,15.0,14.0,28.113,81.819,True,True,0.914
29,2026-09-26 08:51:05+01:00,6.51884297,3.393366195,14.0,15.0,16.0,28.113,81.819,True,True,1.24
29,2026-09-26 08:51:06+01:00,6.518846263,3.393354733,13.0,14.0,16.0,28.113,81.819,True,True,1.318
29,2026-09-26 08:51:07+01:00,6.518848328,3.39334489,13.0,14.0,14.0,28.113,81.819,True,True,1.111
29,2026-09-26 08:51:08+01:00,6.518852577,3.39333268,13.0,14.0,14.0,28.113,81.819,True,True,1.429
29,2026-09-26 08:51:09+01:00,6.518854898,3.393324878,13.0,14.0,14.0,28.113,81.819,True,True,0.9
29,2026-09-26 08:51:10+01:00,6.518857234,3.39331331,13.0,14.0,14.0,28.113,81.819,True,True,1.304
29,2026-09-26 08:51:11+01:00,6.518859687,3.393303817,13.0,14.0,14.0,28.113,81.819,True,True,1.084
29,2026-09-26 08:51:12+01:00,6.518864101,3.393291649,13.0,14.0,14.0,28.113,81.819,True,True,1.431
29,2026-09-26 08:51:13+01:00,6.518868999,3.393283277,13.0,14.0,14.0,28.113,81.819,True,True,1.073
29,2026-09-26 08:51:14+01:00,6.518871609,3.393274094,13.0,14.0,14.0,28.113,81.819,True,True,1.055
29,2026-09-26 08:51:15+01:00,6.518874029,3.393263796,13.0,14.0,14.0,28.113,81.819,True,True,1.169
29,2026-09-26 08:51:16+01:00,6.518877262,3.393251966,14.0,15.0,15.0,28.113,81.819,True,True,1.355
29,2026-09-26 08:51:17+01:00,6.518880054,3.393242897,14.0,15.0,16.0,28.113,81.819,True,True,1.049
29,2026-09-26 08:51:18+01:00,6.518883269,3.393234163,14.0,15.0,16.0,28.113,81.819,True,True,1.029
29,2026-09-26 08:51:19+01:00,6.518885468,3.393224676,14.0,15.0,16.0,28.113,81.819,True,True,1.076
29,2026-09-26 08:51:20+01:00,6.518885534,3.393216452,14.0,15.0,16.0,28.113,81.819,True,True,0.909
29,2026-09-26 08:51:21+01:00,6.518888421,3.393207885,14.0,15.0,16.0,28.113,81.819,True,True,0.999
29,2026-09-26 08:51:22+01:00,6.518888613,3.393194394,15.0,16.0,16.0,28.113,81.819,True,True,1.491
29,2026-09-26 08:51:23+01:00,6.518890451,3.393189608,15.0,16.0,17.0,28.113,81.819,True,True,0.567
29,2026-09-26 08:51:24+01:00,6.518892134,3.393180917,14.0,15.0,17.0,28.113,81.819,True,True,0.978
29,2026-09-26 08:51:25+01:00,6.518896962,3.393171,15.0,16.0,16.0,28.113,81.819,True,True,1.22
29,2026-09-26 08:51:26+01:00,6.518898799,3.393162821,15.0,16.0,17.0,28.113,81.819,True,True,0.926
29,2026-09-26 08:51:27+01:00,6.518898645,3.393156491,15.0,16.0,17.0,28.113,81.819,True,True,0.7
29,2026-09-26 08:51:28+01:00,6.518900904,3.39314182,15.0,16.0,17.0,28.113,81.819,True,True,1.64
29,2026-09-26 08:51:29+01:00,6.518905476,3.393132342,14.0,15.0,17.0,28.113,81.819,True,True,1.164
29,2026-09-26 08:51:30+01:00,6.518908683,3.393114182,16.0,17.0,16.0,28.113,81.819,True,True,2.038
29,2026-09-26 08:51:31+01:00,6.518913001,3.3931057,16.0,17.0,18.0,28.113,81.819,True,True,1.053
29,2026-09-26 08:51:32+01:00,6.518913818,3.393106039,15.0,16.0,18.0,28.113,81.819,True,True,0.098
29,2026-09-26 08:51:33+01:00,6.518920087,3.393095656,14.0,15.0,17.0,28.113,81.819,True,True,1.342
29,2026-09-26 08:51:34+01:00,6.518924403,3.393082145,14.0,15.0,16.0,28.113,81.819,True,True,1.568
29,2026-09-26 08:51:35+01:00,6.518927079,3.393068313,14.0,15.0,16.0,28.113,81.819,True,True,1.557
29,2026-09-26 08:51:36+01:00,6.518927009,3.393060931,14.0,15.0,16.0,28.113,81.819,True,True,0.816
29,2026-09-26 08:51:37+01:00,6.518928247,3.393048133,14.0,15.0,16.0,28.113,81.819,True,True,1.421
29,2026-09-26 08:51:38+01:00,6.518930946,3.393039439,14.0,15.0,16.0,28.113,81.819,True,True,1.006
29,2026-09-26 08:51:39+01:00,6.518931164,3.393030639,14.0,15.0,16.0,28.113,81.819,True,True,0.972
29,2026-09-26 08:51:40+01:00,6.518932267,3.393016566,14.0,15.0,16.0,28.113,81.819,True,True,1.56
29,2026-09-26 08:51:41+01:00,6.51893195,3.393005377,13.0,14.0,16.0,28.113,81.819,True,True,1.237
29,2026-09-26 08:51:42+01:00,6.518934602,3.392992473,13.0,14.0,14.0,28.113,81.819,True,True,1.456
29,2026-09-26 08:51:43+01:00,6.51893481,3.392983148,12.0,13.0,14.0,28.113,81.819,True,True,1.03
29,2026-09-26 08:51:44+01:00,6.518933747,3.392972219,12.0,13.0,13.0,28.113,81.819,True,True,1.213
29,2026-09-26 08:51:45+01:00,6.518936886,3.392965399,13.0,14.0,14.0,28.113,81.819,True,True,0.83
29,2026-09-26 08:51:46+01:00,6.518936176,3.392957314,14.0,15.0,14.0,28.113,81.819,True,True,0.897
29,2026-09-26 08:51:47+01:00,6.518936149,3.392947761,14.0,15.0,16.0,28.113,81.819,True,True,1.055
29,2026-09-26 08:51:48+01:00,6.518937661,3.392931847,12.0,13.0,16.0,28.113,81.819,True,True,1.766
29,2026-09-26 08:51:49+01:00,6.518939736,3.392921057,12.0,13.0,13.0,28.113,81.819,True,True,1.214
29,2026-09-26 08:51:50+01:00,6.518939359,3.39291143,13.0,14.0,13.0,28.113,81.819,True,True,1.064
29,2026-09-26 08:51:51+01:00,6.518942918,3.392891686,13.0,14.0,14.0,28.113,81.819,True,True,2.217
29,2026-09-26 08:51:52+01:00,6.518943181,3.392887358,14.0,15.0,15.0,28.113,81.819,True,True,0.479
29,2026-09-26 08:51:53+01:00,6.518951062,3.39288436,14.0,15.0,16.0,28.113,81.819,True,True,0.937
29,2026-09-26 08:51:54+01:00,6.518952276,3.392874799,13.0,14.0,16.0,28.113,81.819,True,True,1.065
29,2026-09-26 08:51:55+01:00,6.518954662,3.392864639,13.0,14.0,14.0,28.113,81.819,True,True,1.153
29,2026-09-26 08:51:56+01:00,6.518957059,3.39285393,13.0,14.0,14.0,28.113,81.819,True,True,1.213
29,2026-09-26 08:51:57+01:00,6.518963391,3.392840992,13.0,14.0,14.0,28.113,81.819,True,True,1.593
29,2026-09-26 08:51:58+01:00,6.518963364,3.392833428,13.0,14.0,14.0,28.113,81.819,True,True,0.836
29,2026-09-26 08:51:59+01:00,6.518964806,3.392832025,14.0,15.0,14.0,28.113,81.819,True,True,0.223
29,2026-09-26 08:52:00+01:00,6.518971128,3.392811825,14.0,15.0,16.0,28.113,81.819,True,True,2.34
29,2026-09-26 08:52:01+01:00,6.518964542,3.392802164,14.0,15.0,16.0,28.113,81.819,True,True,1.294
29,2026-09-26 08:52:02+01:00,6.51896161,3.392798788,15.0,16.0,16.0,28.113,81.819,True,True,0.495
29,2026-09-26 08:52:03+01:00,6.518963672,3.392787256,15.0,16.0,17.0,28.113,81.819,True,True,1.294
29,2026-09-26 08:52:04+01:00,6.518965911,3.392778608,15.0,16.0,17.0,28.113,81.819,True,True,0.987
29,2026-09-26 08:52:05+01:00,6.518965434,3.392765863,14.0,15.0,17.0,28.113,81.819,True,True,1.409
29,2026-09-26 08:52:06+01:00,6.518967912,3.392755673,14.0,15.0,16.0,28.113,81.819,True,True,1.159
29,2026-09-26 08:52:07+01:00,6.518969453,3.392741337,16.0,17.0,16.0,28.113,81.819,True,True,1.593
29,2026-09-26 08:52:08+01:00,6.518967644,3.392730185,16.0,17.0,18.0,28.113,81.819,True,True,1.248
29,2026-09-26 08:52:09+01:00,6.518973367,3.3927271,16.0,17.0,18.0,28.113,81.819,True,True,0.722
29,2026-09-26 08:52:10+01:00,6.518977652,3.392713656,15.0,16.0,18.0,28.113,81.819,True,True,1.56
29,2026-09-26 08:52:11+01:00,6.518978514,3.392700441,16.0,17.0,17.0,28.113,81.819,True,True,1.463
29,2026-09-26 08:52:12+01:00,6.518975835,3.392691801,14.0,15.0,18.0,28.113,81.819,True,True,1.0
29,2026-09-26 08:52:13+01:00,6.518974636,3.392684865,14.0,15.0,16.0,28.113,81.819,True,True,0.778
29,2026-09-26 08:52:14+01:00,6.518972536,3.392674336,14.0,15.0,16.0,28.113,81.819,True,True,1.186
29,2026-09-26 08:52:15+01:00,6.518975322,3.392662168,14.0,15.0,16.0,28.113,81.819,True,True,1.38
29,2026-09-26 08:52:16+01:00,6.518975766,3.392651438,14.0,15.0,16.0,28.113,81.819,True,True,1.186
29,2026-09-26 08:52:17+01:00,6.518977244,3.392645603,14.0,15.0,16.0,28.113,81.819,True,True,0.665
29,2026-09-26 08:52:18+01:00,6.518978168,3.39263819,14.0,15.0,16.0,28.113,81.819,True,True,0.825
29,2026-09-26 08:52:19+01:00,6.518983275,3.392626551,14.0,15.0,16.0,28.113,81.819,True,True,1.406
29,2026-09-26 08:52:20+01:00,6.518986019,3.392618835,13.0,14.0,16.0,28.113,81.819,True,True,0.905
29,2026-09-26 08:52:21+01:00,6.518989231,3.392616494,13.0,14.0,14.0,28.113,81.819,True,True,0.441
29,2026-09-26 08:52:23+01:00,6.518994812,3.39259591,13.0,14.0,14.0,28.113,81.819,True,True,1.179
29,2026-09-26 08:52:24+01:00,6.518997999,3.392575915,12.0,13.0,14.0,28.113,81.819,True,True,2.237
29,2026-09-26 08:52:25+01:00,6.519001957,3.392568795,12.0,13.0,13.0,28.113,81.819,True,True,0.901
29,2026-09-26 08:52:26+01:00,6.519003703,3.392557766,12.0,13.0,13.0,28.113,81.819,True,True,1.234
29,2026-09-26 08:52:27+01:00,6.519007333,3.392547848,12.0,13.0,13.0,28.113,81.819,True,True,1.168
29,2026-09-26 08:52:28+01:00,6.519010618,3.392537844,12.0,13.0,13.0,28.113,81.819,True,True,1.164
29,2026-09-26 08:52:29+01:00,6.51901368,3.392530223,11.0,12.0,13.0,28.113,81.819,True,True,0.908
29,2026-09-26 08:52:30+01:00,6.519015667,3.392516788,12.0,13.0,12.0,28.113,81.819,True,True,1.501
29,2026-09-26 08:52:31+01:00,6.519018472,3.392507426,13.0,14.0,13.0,28.113,81.819,True,True,1.08
29,2026-09-26 08:52:32+01:00,6.519019012,3.392496268,14.0,15.0,14.0,27.613,82.387,True,True,1.234
29,2026-09-26 08:52:33+01:00,6.519018942,3.392483479,12.0,13.0,16.0,27.613,82.387,True,True,1.413
29,2026-09-26 08:52:34+01:00,6.519019894,3.392471912,12.0,13.0,13.0,27.613,82.387,True,True,1.282
29,2026-09-26 08:52:35+01:00,6.519018889,3.392462208,12.0,13.0,13.0,27.613,82.387,True,True,1.078
29,2026-09-26 08:52:36+01:00,6.519018958,3.392451731,12.0,13.0,13.0,27.613,82.387,True,True,1.157
29,2026-09-26 08:52:37+01:00,6.519015789,3.39243859,12.0,13.0,13.0,27.613,82.387,True,True,1.494
29,2026-09-26 08:52:38+01:00,6.519014461,3.392430921,11.0,12.0,13.0,27.613,82.387,True,True,0.86
29,2026-09-26 08:52:39+01:00,6.519011949,3.392423071,12.0,13.0,12.0,27.613,82.387,True,True,0.911
29,2026-09-26 08:52:40+01:00,6.519012502,3.39241252,14.0,15.0,13.0,27.613,82.387,True,True,1.167
29,2026-09-26 08:52:41+01:00,6.519011168,3.3923985,13.0,14.0,16.0,27.613,82.387,True,True,1.556
29,2026-09-26 08:52:42+01:00,6.519013269,3.392392999,13.0,14.0,14.0,27.613,82.387,True,True,0.651
29,2026-09-26 08:52:43+01:00,6.519013492,3.392386845,13.0,14.0,14.0,27.613,82.387,True,True,0.68
29,2026-09-26 08:52:44+01:00,6.51901635,3.392378277,13.0,14.0,14.0,27.613,82.387,True,True,0.998
29,2026-09-26 08:52:45+01:00,6.519015987,3.392359825,14.0,15.0,14.0,27.613,82.387,True,True,2.039
29,2026-09-26 08:52:46+01:00,6.51901885,3.392348491,14.0,15.0,16.0,27.613,82.387,True,True,1.292
29,2026-09-26 08:52:47+01:00,6.519019179,3.392335369,14.0,15.0,16.0,27.613,82.387,True,True,1.45
29,2026-09-26 08:52:48+01:00,6.519018111,3.392323426,14.0,15.0,16.0,27.613,82.387,True,True,1.325
29,2026-09-26 08:52:49+01:00,6.519018113,3.392310587,13.0,14.0,16.0,27.613,82.387,True,True,1.418
29,2026-09-26 08:52:50+01:00,6.519017936,3.392300539,12.0,13.0,14.0,27.613,82.387,True,True,1.11
29,2026-09-26 08:52:51+01:00,6.51901482,3.39228692,11.0,12.0,13.0,27.613,82.387,True,True,1.544
29,2026-09-26 08:52:52+01:00,6.519014237,3.392275166,11.0,12.0,12.0,27.613,82.387,True,True,1.3
29,2026-09-26 08:52:53+01:00,6.519012965,3.392267732,10.0,10.0,12.0,27.613,82.387,True,True,0.833
29,2026-09-26 08:52:54+01:00,6.519009937,3.392254036,12.0,13.0,11.0,27.613,82.387,True,True,1.55
29,2026-09-26 08:52:55+01:00,6.519010356,3.392244154,11.0,12.0,13.0,27.613,82.387,True,True,1.093
29,2026-09-26 08:52:56+01:00,6.51901013,3.392235571,11.0,12.0,12.0,27.613,82.387,True,True,0.949
29,2026-09-26 08:52:57+01:00,6.519008303,3.392227194,10.0,10.0,12.0,27.613,82.387,True,True,0.947
29,2026-09-26 08:52:58+01:00,6.519007468,3.392219556,10.0,10.0,11.0,27.613,82.387,True,True,0.849
29,2026-09-26 08:52:59+01:00,6.519005597,3.392208207,9.0,10.0,11.0,27.613,82.387,True,True,1.271
29,2026-09-26 08:53:00+01:00,6.519006331,3.392194422,8.0,9.0,10.0,27.613,82.387,True,True,1.525
29,2026-09-26 08:53:01+01:00,6.519007431,3.39217641,8.0,9.0,10.0,27.613,82.387,True,True,1.994
29,2026-09-26 08:53:02+01:00,6.519004216,3.392166411,8.0,9.0,10.0,27.613,82.387,True,True,1.161
29,2026-09-26 08:53:03+01:00,6.519001932,3.39214853,7.0,8.0,10.0,27.613,82.387,True,True,1.992
29,2026-09-26 08:53:04+01:00,6.518998514,3.392142565,7.0,8.0,8.0,27.613,82.387,True,True,0.761
29,2026-09-26 08:53:05+01:00,6.518994625,3.392129278,8.0,9.0,8.0,27.613,82.387,True,True,1.53
29,2026-09-26 08:53:06+01:00,6.518992009,3.392115051,8.0,9.0,10.0,27.613,82.387,True,True,1.598
29,2026-09-26 08:53:07+01:00,6.518991833,3.392105279,7.0,8.0,10.0,27.613,82.387,True,True,1.08
29,2026-09-26 08:53:08+01:00,6.518991921,3.392093713,9.0,10.0,8.0,27.613,82.387,True,True,1.278
29,2026-09-26 08:53:09+01:00,6.518990948,3.392079353,10.0,10.0,10.0,27.613,82.387,True,True,1.59
29,2026-09-26 08:53:10+01:00,6.518989651,3.392068847,11.0,12.0,11.0,27.613,82.387,True,True,1.17
29,2026-09-26 08:53:11+01:00,6.518990576,3.39205325,11.0,12.0,12.0,27.613,82.387,True,True,1.726
29,2026-09-26 08:53:12+01:00,6.518989683,3.392041662,11.0,12.0,12.0,27.613,82.387,True,True,1.284
29,2026-09-26 08:53:13+01:00,6.51898602,3.392031385,12.0,13.0,12.0,27.613,82.387,True,True,1.206
29,2026-09-26 08:53:14+01:00,6.518981849,3.39202043,11.0,12.0,13.0,27.613,82.387,True,True,1.296
29,2026-09-26 08:53:15+01:00,6.518977952,3.392011359,11.0,12.0,12.0,27.613,82.387,True,True,1.092
29,2026-09-26 08:53:16+01:00,6.518973975,3.391997028,12.0,13.0,12.0,27.613,82.387,True,True,1.644
29,2026-09-26 08:53:17+01:00,6.518971067,3.391982316,12.0,13.0,13.0,27.613,82.387,True,True,1.657
29,2026-09-26 08:53:18+01:00,6.51897359,3.391971751,12.0,13.0,13.0,27.613,82.387,True,True,1.2
29,2026-09-26 08:53:19+01:00,6.518974284,3.391954955,12.0,13.0,13.0,27.613,82.387,True,True,1.857
29,2026-09-26 08:53:20+01:00,6.518972434,3.391947283,12.0,13.0,13.0,27.613,82.387,True,True,0.872
29,2026-09-26 08:53:21+01:00,6.518971707,3.39193347,11.0,12.0,13.0,27.613,82.387,True,True,1.528
29,2026-09-26 08:53:22+01:00,6.518973491,3.391921222,11.0,12.0,12.0,27.613,82.387,True,True,1.368
29,2026-09-26 08:53:23+01:00,6.518972244,3.391909757,11.0,12.0,12.0,27.613,82.387,True,True,1.274
29,2026-09-26 08:53:24+01:00,6.518971123,3.391895185,11.0,12.0,12.0,27.613,82.387,True,True,1.615
29,2026-09-26 08:53:25+01:00,6.518970289,3.391881272,11.0,12.0,12.0,27.613,82.387,True,True,1.54
29,2026-09-26 08:53:26+01:00,6.51896887,3.391873376,12.0,13.0,12.0,27.613,82.387,True,True,0.886
29,2026-09-26 08:53:27+01:00,6.518971231,3.391863711,12.0,13.0,13.0,27.613,82.387,True,True,1.1
29,2026-09-26 08:53:28+01:00,6.518969571,3.39185599,11.0,12.0,13.0,27.613,82.387,True,True,0.873
29,2026-09-26 08:53:29+01:00,6.518966224,3.391846632,11.0,12.0,12.0,27.613,82.387,True,True,1.099
29,2026-09-26 08:53:30+01:00,6.51896462,3.391832538,12.0,13.0,12.0,27.613,82.387,True,True,1.567
29,2026-09-26 08:53:31+01:00,6.518964099,3.39182388,12.0,13.0,13.0,27.613,82.387,True,True,0.958
29,2026-09-26 08:53:32+01:00,6.518959409,3.391814742,12.0,13.0,13.0,27.613,81.819,True,True,1.136
29,2026-09-26 08:53:33+01:00,6.518955524,3.391807012,11.0,12.0,13.0,27.613,81.819,True,True,0.957
29,2026-09-26 08:53:34+01:00,6.518952528,3.391791711,11.0,12.0,12.0,27.613,81.819,True,True,1.723
29,2026-09-26 08:53:35+01:00,6.518952264,3.391783906,13.0,14.0,12.0,27.613,81.819,True,True,0.863
29,2026-09-26 08:53:36+01:00,6.518949435,3.391773403,13.0,14.0,14.0,27.613,81.819,True,True,1.202
29,2026-09-26 08:53:37+01:00,6.518943727,3.391762333,13.0,14.0,14.0,27.613,81.819,True,True,1.378
29,2026-09-26 08:53:38+01:00,6.518940675,3.391751529,13.0,14.0,14.0,27.613,81.819,True,True,1.241
29,2026-09-26 08:53:39+01:00,6.518936041,3.391743047,13.0,14.0,14.0,27.613,81.819,True,True,1.069
29,2026-09-26 08:53:40+01:00,6.518931716,3.391735329,13.0,14.0,14.0,27.613,81.819,True,True,0.979
29,2026-09-26 08:53:41+01:00,6.518926247,3.391723621,13.0,14.0,14.0,27.613,81.819,True,True,1.429
29,2026-09-26 08:53:42+01:00,6.518923015,3.391713952,14.0,15.0,14.0,27.613,81.819,True,True,1.127
29,2026-09-26 08:53:43+01:00,6.51891924,3.391702313,14.0,15.0,16.0,27.613,81.819,True,True,1.353
29,2026-09-26 08:53:44+01:00,6.5189161,3.391693323,14.0,15.0,16.0,27.613,81.819,True,True,1.053
29,2026-09-26 08:53:45+01:00,6.518913665,3.391683819,15.0,16.0,16.0,27.613,81.819,True,True,1.084
29,2026-09-26 08:53:46+01:00,6.518912455,3.39167245,16.0,17.0,17.0,27.613,81.819,True,True,1.263
29,2026-09-26 08:53:47+01:00,6.518912376,3.391664479,15.0,16.0,18.0,27.613,81.819,True,True,0.881
29,2026-09-26 08:53:48+01:00,6.518914621,3.391659124,13.0,14.0,17.0,27.613,81.819,True,True,0.642
29,2026-09-26 08:53:49+01:00,6.518918284,3.391652016,14.0,15.0,14.0,27.613,81.819,True,True,0.885
29,2026-09-26 08:53:50+01:00,6.518925796,3.391638183,13.0,14.0,16.0,27.613,81.819,True,True,1.742
29,2026-09-26 08:53:51+01:00,6.518931276,3.391623988,14.0,15.0,14.0,27.613,81.819,True,True,1.682
29,2026-09-26 08:53:52+01:00,6.518935276,3.39162868,14.0,15.0,16.0,27.613,81.819,True,True,0.683
29,2026-09-26 08:53:53+01:00,6.518940126,3.39161065,14.0,15.0,16.0,27.613,81.819,True,True,2.064
29,2026-09-26 08:53:54+01:00,6.518942364,3.391601531,14.0,15.0,16.0,27.613,81.819,True,True,1.038
29,2026-09-26 08:53:55+01:00,6.518941021,3.391593233,13.0,14.0,16.0,27.613,81.819,True,True,0.929
29,2026-09-26 08:53:56+01:00,6.518943251,3.391578272,13.0,14.0,14.0,27.613,81.819,True,True,1.671
29,2026-09-26 08:53:57+01:00,6.518943047,3.391567564,13.0,14.0,14.0,27.613,81.819,True,True,1.183
29,2026-09-26 08:53:58+01:00,6.518941691,3.391552291,14.0,15.0,14.0,27.613,81.819,True,True,1.694
29,2026-09-26 08:53:59+01:00,6.51893612,3.391540228,13.0,14.0,16.0,27.613,81.819,True,True,1.47
29,2026-09-26 08:54:00+01:00,6.518930843,3.391529796,13.0,14.0,14.0,27.613,81.819,True,True,1.293
29,2026-09-26 08:54:01+01:00,6.518923459,3.391517415,13.0,14.0,14.0,27.613,81.819,True,True,1.595
29,2026-09-26 08:54:02+01:00,6.518924537,3.391506123,14.0,15.0,14.0,27.613,81.819,True,True,1.253
29,2026-09-26 08:54:03+01:00,6.518927345,3.391497865,14.0,15.0,16.0,27.613,81.819,True,True,0.964
29,2026-09-26 08:54:04+01:00,6.518925614,3.391483789,14.0,15.0,16.0,27.613,81.819,True,True,1.567
29,2026-09-26 08:54:05+01:00,6.51892206,3.391468823,13.0,14.0,16.0,27.613,81.819,True,True,1.7
29,2026-09-26 08:54:06+01:00,6.518923485,3.391462783,13.0,14.0,14.0,27.613,81.819,True,True,0.686
29,2026-09-26 08:54:07+01:00,6.518919458,3.391445624,14.0,15.0,14.0,27.613,81.819,True,True,1.948
29,2026-09-26 08:54:08+01:00,6.518919281,3.391432136,15.0,16.0,16.0,27.613,81.819,True,True,1.49
29,2026-09-26 08:54:09+01:00,6.518915742,3.391422,15.0,16.0,17.0,27.613,81.819,True,True,1.187
29,2026-09-26 08:54:10+01:00,6.518915009,3.391407517,15.0,16.0,17.0,27.613,81.819,True,True,1.602
29,2026-09-26 08:54:11+01:00,6.51891487,3.391399077,16.0,17.0,17.0,27.613,81.819,True,True,0.933
29,2026-09-26 08:54:12+01:00,6.518909694,3.391388608,16.0,17.0,18.0,27.613,81.819,True,True,1.292
29,2026-09-26 08:54:13+01:00,6.51890821,3.391374836,16.0,17.0,18.0,27.613,81.819,True,True,1.53
29,2026-09-26 08:54:14+01:00,6.518907507,3.391363694,15.0,16.0,18.0,27.613,81.819,True,True,1.233
29,2026-09-26 08:54:15+01:00,6.518908028,3.391350866,15.0,16.0,17.0,27.613,81.819,True,True,1.418
29,2026-09-26 08:54:16+01:00,6.518909467,3.391338839,15.0,16.0,17.0,27.613,81.819,True,True,1.338
29,2026-09-26 08:54:17+01:00,6.518915389,3.391330668,16.0,17.0,17.0,27.613,81.819,True,True,1.117
29,2026-09-26 08:54:18+01:00,6.518923743,3.391326509,15.0,16.0,18.0,27.613,81.819,True,True,1.036
29,2026-09-26 08:54:19+01:00,6.518927738,3.391314,15.0,16.0,17.0,27.613,81.819,True,True,1.452
29,2026-09-26 08:54:20+01:00,6.51893499,3.391300095,14.0,15.0,17.0,27.613,81.819,True,True,1.735
29,2026-09-26 08:54:21+01:00,6.518938146,3.39128658,14.0,15.0,16.0,27.613,81.819,True,True,1.534
29,2026-09-26 08:54:22+01:00,6.5189402,3.391273128,14.0,15.0,16.0,27.613,81.819,True,True,1.504
29,2026-09-26 08:54:23+01:00,6.518943956,3.391264615,14.0,15.0,16.0,27.613,81.819,True,True,1.029
29,2026-09-26 08:54:24+01:00,6.518937365,3.391249075,17.0,18.0,16.0,27.613,81.819,True,True,1.867
29,2026-09-26 08:54:25+01:00,6.518936172,3.39123672,18.0,20.0,19.0,27.613,81.819,True,True,1.371
29,2026-09-26 08:54:26+01:00,6.518934981,3.39122579,21.0,23.0,21.0,27.613,81.819,True,True,1.215
29,2026-09-26 08:54:27+01:00,6.518933591,3.391212111,23.0,25.0,27.0,27.613,81.819,True,True,1.519
29,2026-09-26 08:54:28+01:00,6.518930062,3.391199573,28.0,30.0,30.0,27.613,81.819,True,True,1.44
29,2026-09-26 08:54:29+01:00,6.518931068,3.391190384,33.0,36.0,42.0,27.613,81.819,True,True,1.021
29,2026-09-26 08:54:30+01:00,6.518932401,3.391179206,35.0,39.0,54.0,27.613,81.819,True,True,1.244
29,2026-09-26 08:54:31+01:00,6.518932385,3.391163363,35.0,39.0,60.0,27.613,81.819,True,True,1.75
29,2026-09-26 08:54:32+01:00,6.518927433,3.391151131,38.0,43.0,60.0,27.613,82.387,True,True,1.459
29,2026-09-26 08:54:33+01:00,6.518925125,3.391138775,38.0,43.0,66.0,27.613,82.387,True,True,1.389
29,2026-09-26 08:54:34+01:00,6.518926147,3.391130795,38.0,43.0,66.0,27.613,82.387,True,True,0.889
29,2026-09-26 08:54:35+01:00,6.518923647,3.391116748,35.0,39.0,66.0,27.613,82.387,True,True,1.577
29,2026-09-26 08:54:36+01:00,6.518924635,3.391107176,38.0,43.0,60.0,27.613,82.387,True,True,1.063
29,2026-09-26 08:54:37+01:00,6.518924226,3.391100964,43.0,49.0,66.0,27.613,82.387,True,True,0.688
29,2026-09-26 08:54:38+01:00,6.518924272,3.391087894,53.0,62.0,79.0,27.613,82.387,True,True,1.444
29,2026-09-26 08:54:39+01:00,6.518918256,3.391076434,55.0,65.0,104.0,27.613,82.387,True,True,1.432
29,2026-09-26 08:54:40+01:00,6.518915211,3.391067943,68.0,81.0,110.0,27.613,82.387,True,True,0.997
29,2026-09-26 08:54:41+01:00,6.518909059,3.391051585,72.0,86.0,143.0,27.613,82.387,True,True,1.932
29,2026-09-26 08:54:42+01:00,6.518903787,3.391042689,77.0,93.0,153.0,27.613,82.387,True,True,1.144
29,2026-09-26 08:54:43+01:00,6.518902572,3.39103224,85.0,103.0,167.0,27.613,82.387,True,True,1.162
29,2026-09-26 08:54:44+01:00,6.518895241,3.39101887,100.0,122.0,188.0,27.613,82.387,True,True,1.687
29,2026-09-26 08:54:45+01:00,6.518891512,3.391006727,107.0,131.0,226.0,27.613,82.387,True,True,1.404
29,2026-09-26 08:54:46+01:00,6.518888766,3.390997436,112.0,138.0,243.0,27.613,82.387,True,True,1.071
29,2026-09-26 08:54:47+01:00,6.518887355,3.390984045,117.0,145.0,257.0,27.613,82.387,True,True,1.488
29,2026-09-26 08:54:49+01:00,6.518886813,3.390963046,117.0,144.0,269.0,27.613,82.387,True,True,1.16
29,2026-09-26 08:54:50+01:00,6.518886109,3.390955098,112.0,138.0,270.0,27.613,82.387,True,True,0.882
29,2026-09-26 08:54:51+01:00,6.518878772,3.390944232,109.0,134.0,257.0,27.613,82.387,True,True,1.451
29,2026-09-26 08:54:52+01:00,6.518875694,3.390931606,104.0,127.0,250.0,27.613,82.387,True,True,1.436
29,2026-09-26 08:54:53+01:00,6.518875654,3.390917665,95.0,115.0,236.0,27.613,82.387,True,True,1.54
29,2026-09-26 08:54:54+01:00,6.518876286,3.390905307,85.0,103.0,212.0,27.613,82.387,True,True,1.367
29,2026-09-26 08:54:55+01:00,6.518874807,3.390898029,80.0,96.0,188.0,27.613,82.387,True,True,0.821
29,2026-09-26 08:54:56+01:00,6.518871045,3.390884234,77.0,93.0,174.0,27.613,82.387,True,True,1.58
29,2026-09-26 08:54:57+01:00,6.51886826,3.390872341,72.0,86.0,167.0,27.613,82.387,True,True,1.35
29,2026-09-26 08:54:58+01:00,6.518864683,3.390859717,66.0,79.0,153.0,27.613,82.387,True,True,1.45
29,2026-09-26 08:54:59+01:00,6.518856969,3.390843028,65.0,77.0,139.0,27.613,82.387,True,True,2.033
29,2026-09-26 08:55:00+01:00,6.518855429,3.390834511,62.0,74.0,136.0,27.613,82.387,True,True,0.956
29,2026-09-26 08:55:01+01:00,6.518853435,3.3908228,57.0,68.0,129.0,27.613,82.387,True,True,1.313
29,2026-09-26 08:55:02+01:00,6.518851846,3.390813933,62.0,74.0,117.0,27.613,82.387,True,True,0.995
29,2026-09-26 08:55:03+01:00,6.518846438,3.390800994,57.0,68.0,129.0,27.613,82.387,True,True,1.551
29,2026-09-26 08:55:04+01:00,6.518840406,3.390789131,57.0,68.0,117.0,27.613,82.387,True,True,1.472
29,2026-09-26 08:55:05+01:00,6.518836157,3.390778954,53.0,62.0,117.0,27.613,82.387,True,True,1.22
29,2026-09-26 08:55:06+01:00,6.518836446,3.390769302,51.0,60.0,104.0,27.613,82.387,True,True,1.067
29,2026-09-26 08:55:07+01:00,6.518829557,3.390762166,45.0,52.0,101.0,27.613,82.387,True,True,1.099
29,2026-09-26 08:55:08+01:00,6.518833389,3.390751104,43.0,49.0,85.0,27.613,82.387,True,True,1.294
29,2026-09-26 08:55:09+01:00,6.518826247,3.390735964,40.0,46.0,79.0,27.613,82.387,True,True,1.852
29,2026-09-26 08:55:10+01:00,6.518824462,3.390722661,38.0,43.0,73.0,27.613,82.387,True,True,1.483
29,2026-09-26 08:55:11+01:00,6.518822171,3.390713402,33.0,36.0,66.0,27.613,82.387,True,True,1.054
29,2026-09-26 08:55:12+01:00,6.518816193,3.390702642,33.0,36.0,54.0,27.613,82.387,True,True,1.362
29,2026-09-26 08:55:13+01:00,6.518814384,3.390691323,33.0,36.0,54.0,27.613,82.387,True,True,1.267
29,2026-09-26 08:55:14+01:00,6.518806408,3.390681524,38.0,43.0,54.0,27.613,82.387,True,True,1.399
29,2026-09-26 08:55:15+01:00,6.518802444,3.390672359,38.0,43.0,66.0,27.613,82.387,True,True,1.104
29,2026-09-26 08:55:16+01:00,6.518797301,3.390663978,35.0,39.0,66.0,27.613,82.387,True,True,1.088
29,2026-09-26 08:55:17+01:00,6.518792866,3.39065724,33.0,36.0,60.0,27.613,82.387,True,True,0.893
29,2026-09-26 08:55:18+01:00,6.518785991,3.390645318,33.0,36.0,54.0,27.613,82.387,True,True,1.523
29,2026-09-26 08:55:19+01:00,6.518782307,3.390636067,26.0,28.0,54.0,27.613,82.387,True,True,1.101
29,2026-09-26 08:55:20+01:00,6.518777958,3.390620955,26.0,28.0,37.0,27.613,82.387,True,True,1.738
29,2026-09-26 08:55:21+01:00,6.518768613,3.390609289,26.0,28.0,37.0,27.613,82.387,True,True,1.656
29,2026-09-26 08:55:22+01:00,6.518765449,3.390599138,26.0,28.0,37.0,27.613,82.387,True,True,1.175
29,2026-09-26 08:55:23+01:00,6.518762466,3.390589766,30.0,33.0,37.0,27.613,82.387,True,True,1.087
29,2026-09-26 08:55:24+01:00,6.518755794,3.390580306,30.0,33.0,47.0,27.613,82.387,True,True,1.282
29,2026-09-26 08:55:25+01:00,6.518753691,3.390572259,35.0,39.0,47.0,27.613,82.387,True,True,0.919
29,2026-09-26 08:55:26+01:00,6.518749152,3.390558932,35.0,39.0,60.0,27.613,82.387,True,True,1.556
29,2026-09-26 08:55:27+01:00,6.51874433,3.390551068,35.0,39.0,60.0,27.613,82.387,True,True,1.021
29,2026-09-26 08:55:28+01:00,6.518739531,3.390545315,35.0,39.0,60.0,27.613,82.387,True,True,0.83
29,2026-09-26 08:55:29+01:00,6.518734487,3.390533889,30.0,33.0,60.0,27.613,82.387,True,True,1.381
29,2026-09-26 08:55:30+01:00,6.518726939,3.390524405,30.0,33.0,47.0,27.613,82.387,True,True,1.342
29,2026-09-26 08:55:31+01:00,6.518725443,3.390515829,32.0,35.0,47.0,27.613,82.387,True,True,0.962
29,2026-09-26 08:55:32+01:00,6.51872103,3.390504879,33.0,36.0,50.0,27.613,82.954,True,True,1.305
29,2026-09-26 08:55:33+01:00,6.518713072,3.390494188,33.0,36.0,54.0,27.613,82.954,True,True,1.476
29,2026-09-26 08:55:34+01:00,6.518707579,3.390480095,33.0,36.0,54.0,27.613,82.954,True,True,1.672
29,2026-09-26 08:55:35+01:00,6.518704786,3.390471359,33.0,36.0,54.0,27.613,82.954,True,True,1.014
29,2026-09-26 08:55:36+01:00,6.518695004,3.390462755,33.0,36.0,54.0,27.613,82.954,True,True,1.445
29,2026-09-26 08:55:37+01:00,6.518695059,3.39045744,28.0,30.0,54.0,27.613,82.954,True,True,0.587
29,2026-09-26 08:55:38+01:00,6.518695961,3.390447547,28.0,30.0,42.0,27.613,82.954,True,True,1.098
29,2026-09-26 08:55:39+01:00,6.518680619,3.390430104,28.0,30.0,42.0,27.613,82.954,True,True,2.574
29,2026-09-26 08:55:40+01:00,6.518674891,3.390423905,23.0,25.0,42.0,27.613,82.954,True,True,0.935
29,2026-09-26 08:55:41+01:00,6.518673705,3.390420767,22.0,24.0,32.0,27.613,82.954,True,True,0.371
29,2026-09-26 08:55:42+01:00,6.518667724,3.390409151,21.0,23.0,29.0,27.613,82.954,True,True,1.445
29,2026-09-26 08:55:43+01:00,6.518657091,3.390400819,18.0,20.0,27.0,27.613,82.954,True,True,1.498
29,2026-09-26 08:55:44+01:00,6.518646834,3.390383394,18.0,20.0,21.0,27.613,82.954,True,True,2.238
29,2026-09-26 08:55:45+01:00,6.518643535,3.390380384,19.0,21.0,21.0,27.613,82.954,True,True,0.495
29,2026-09-26 08:55:46+01:00,6.518638596,3.390373724,20.0,22.0,22.0,27.613,82.954,True,True,0.918
29,2026-09-26 08:55:47+01:00,6.518634548,3.390370183,20.0,22.0,25.0,27.613,82.954,True,True,0.596
29,2026-09-26 08:55:48+01:00,6.518628372,3.390361193,20.0,22.0,25.0,27.613,82.954,True,True,1.207
29,2026-09-26 08:55:49+01:00,6.518622373,3.390351998,20.0,22.0,25.0,27.613,82.954,True,True,1.215
29,2026-09-26 08:55:50+01:00,6.51861427,3.390344608,20.0,22.0,25.0,27.613,82.954,True,True,1.216
29,2026-09-26 08:55:51+01:00,6.518605959,3.390333777,21.0,23.0,25.0,27.613,82.954,True,True,1.512
29,2026-09-26 08:55:52+01:00,6.518599212,3.39032327,20.0,22.0,27.0,27.613,82.954,True,True,1.382
29,2026-09-26 08:55:53+01:00,6.518594798,3.390312504,19.0,21.0,25.0,27.613,82.954,True,True,1.287
29,2026-09-26 08:55:54+01:00,6.518590049,3.390304539,19.0,21.0,22.0,27.613,82.954,True,True,1.026
29,2026-09-26 08:55:55+01:00,6.518584053,3.39029794,18.0,20.0,22.0,27.613,82.954,True,True,0.988
29,2026-09-26 08:55:56+01:00,6.518577948,3.390285449,19.0,21.0,21.0,27.613,82.954,True,True,1.538
29,2026-09-26 08:55:57+01:00,6.518570765,3.390273124,20.0,22.0,22.0,27.613,82.954,True,True,1.579
29,2026-09-26 08:55:58+01:00,6.518565507,3.390260064,19.0,21.0,25.0,27.613,82.954,True,True,1.557
29,2026-09-26 08:55:59+01:00,6.518559666,3.390249701,19.0,21.0,22.0,27.613,82.954,True,True,1.316
29,2026-09-26 08:56:00+01:00,6.518557733,3.390244111,18.0,20.0,22.0,27.613,82.954,True,True,0.654
29,2026-09-26 08:56:01+01:00,6.518549977,3.390235099,19.0,21.0,21.0,27.613,82.954,True,True,1.317
29,2026-09-26 08:56:02+01:00,6.518542793,3.390229843,19.0,21.0,22.0,27.613,82.954,True,True,0.988
29,2026-09-26 08:56:03+01:00,6.518534254,3.390220713,19.0,21.0,22.0,27.613,82.954,True,True,1.385
29,2026-09-26 08:56:04+01:00,6.518526412,3.390212051,20.0,21.0,22.0,27.613,82.954,True,True,1.295
29,2026-09-26 08:56:05+01:00,6.518518669,3.390202859,20.0,22.0,24.0,27.613,82.954,True,True,1.331
29,2026-09-26 08:56:06+01:00,6.518512719,3.390189266,20.0,22.0,25.0,27.613,82.954,True,True,1.641
29,2026-09-26 08:56:07+01:00,6.518507116,3.390183436,18.0,20.0,25.0,27.613,82.954,True,True,0.896
29,2026-09-26 08:56:08+01:00,6.518504319,3.390176244,18.0,20.0,21.0,27.613,82.954,True,True,0.853
29,2026-09-26 08:56:09+01:00,6.518495766,3.39016351,18.0,20.0,21.0,27.613,82.954,True,True,1.698
29,2026-09-26 08:56:10+01:00,6.51848717,3.390157268,18.0,20.0,21.0,27.613,82.954,True,True,1.179
29,2026-09-26 08:56:11+01:00,6.518478952,3.390148232,18.0,20.0,21.0,27.613,82.954,True,True,1.353
29,2026-09-26 08:56:12+01:00,6.518478866,3.390141587,19.0,21.0,21.0,27.613,82.954,True,True,0.734
29,2026-09-26 08:56:13+01:00,6.518470953,3.390136492,19.0,21.0,22.0,27.613,82.954,True,True,1.045
29,2026-09-26 08:56:14+01:00,6.518461681,3.390125273,18.0,20.0,22.0,27.613,82.954,True,True,1.612
29,2026-09-26 08:56:15+01:00,6.518456501,3.390117774,18.0,20.0,21.0,27.613,82.954,True,True,1.009
29,2026-09-26 08:56:16+01:00,6.518448059,3.390109065,17.0,18.0,21.0,27.613,82.954,True,True,1.344
29,2026-09-26 08:56:17+01:00,6.51844196,3.39010241,17.0,18.0,19.0,27.613,82.954,True,True,1.0
29,2026-09-26 08:56:18+01:00,6.518435977,3.390096266,17.0,18.0,19.0,27.613,82.954,True,True,0.95
29,2026-09-26 08:56:19+01:00,6.51843214,3.390089638,17.0,18.0,19.0,27.613,82.954,True,True,0.847
29,2026-09-26 08:56:20+01:00,6.518429634,3.390082368,17.0,18.0,19.0,27.613,82.954,True,True,0.85
29,2026-09-26 08:56:21+01:00,6.518425893,3.390075851,16.0,17.0,19.0,27.613,82.954,True,True,0.832
29,2026-09-26 08:56:22+01:00,6.518420304,3.390065401,17.0,18.0,18.0,27.613,82.954,True,True,1.311
29,2026-09-26 08:56:23+01:00,6.518416573,3.390057386,17.0,18.0,19.0,27.613,82.954,True,True,0.978
29,2026-09-26 08:56:24+01:00,6.518409614,3.39004897,17.0,18.0,19.0,27.613,82.954,True,True,1.21
29,2026-09-26 08:56:25+01:00,6.518400105,3.390039561,19.0,21.0,19.0,27.613,82.954,True,True,1.483
29,2026-09-26 08:56:26+01:00,6.51839408,3.390033463,18.0,20.0,22.0,27.613,82.954,True,True,0.95
29,2026-09-26 08:56:27+01:00,6.518385123,3.390026196,18.0,20.0,21.0,27.613,82.954,True,True,1.279
29,2026-09-26 08:56:28+01:00,6.518376892,3.390017094,18.0,20.0,21.0,27.613,82.954,True,True,1.36
29,2026-09-26 08:56:29+01:00,6.518370846,3.39001092,18.0,20.0,21.0,27.613,82.954,True,True,0.958
29,2026-09-26 08:56:30+01:00,6.518364348,3.38999997,17.0,18.0,21.0,27.613,82.954,True,True,1.409
29,2026-09-26 08:56:31+01:00,6.518355516,3.389988461,16.0,17.0,19.0,27.613,82.954,True,True,1.607
29,2026-09-26 08:56:32+01:00,6.518354346,3.389980715,15.0,16.0,18.0,27.613,82.387,True,True,0.866
29,2026-09-26 08:56:33+01:00,6.518348516,3.389971324,15.0,16.0,17.0,27.613,82.387,True,True,1.223
29,2026-09-26 08:56:34+01:00,6.518343335,3.389963347,16.0,17.0,17.0,27.613,82.387,True,True,1.053
29,2026-09-26 08:56:35+01:00,6.518337474,3.389954818,15.0,16.0,18.0,27.613,82.387,True,True,1.146
29,2026-09-26 08:56:36+01:00,6.518332957,3.389947974,14.0,15.0,17.0,27.613,82.387,True,True,0.908
29,2026-09-26 08:56:37+01:00,6.518323888,3.389937679,14.0,15.0,16.0,27.613,82.387,True,True,1.52
29,2026-09-26 08:56:38+01:00,6.51831855,3.389930899,13.0,14.0,16.0,27.613,82.387,True,True,0.956
29,2026-09-26 08:56:39+01:00,6.518310533,3.389921988,12.0,13.0,14.0,27.613,82.387,True,True,1.328
29,2026-09-26 08:56:40+01:00,6.518303151,3.389911155,14.0,15.0,13.0,27.613,82.387,True,True,1.451
29,2026-09-26 08:56:41+01:00,6.518298017,3.389900131,14.0,15.0,16.0,27.613,82.387,True,True,1.345
29,2026-09-26 08:56:42+01:00,6.518294903,3.38989225,15.0,16.0,16.0,27.613,82.387,True,True,0.937
29,2026-09-26 08:56:43+01:00,6.518289553,3.3898811,14.0,15.0,17.0,27.613,82.387,True,True,1.368
29,2026-09-26 08:56:44+01:00,6.518280618,3.389870306,13.0,14.0,16.0,27.613,82.387,True,True,1.552
29,2026-09-26 08:56:45+01:00,6.518273484,3.389863881,13.0,14.0,14.0,27.613,82.387,True,True,1.064
29,2026-09-26 08:56:46+01:00,6.518266481,3.389858111,12.0,13.0,14.0,27.613,82.387,True,True,1.006
29,2026-09-26 08:56:47+01:00,6.518260064,3.389850181,12.0,13.0,13.0,27.613,82.387,True,True,1.13
29,2026-09-26 08:56:48+01:00,6.518253127,3.3898401,12.0,13.0,13.0,27.613,82.387,True,True,1.355
29,2026-09-26 08:56:49+01:00,6.518248667,3.389831215,12.0,13.0,13.0,27.613,82.387,True,True,1.1
29,2026-09-26 08:56:50+01:00,6.518248617,3.38982817,12.0,13.0,13.0,27.613,82.387,True,True,0.336
29,2026-09-26 08:56:51+01:00,6.518242498,3.389821053,12.0,13.0,13.0,27.613,82.387,True,True,1.04
29,2026-09-26 08:56:52+01:00,6.518233379,3.389813033,12.0,13.0,13.0,27.613,82.387,True,True,1.347
29,2026-09-26 08:56:53+01:00,6.518225962,3.389801411,12.0,13.0,13.0,27.613,82.387,True,True,1.526
29,2026-09-26 08:56:54+01:00,6.518219459,3.38979308,12.0,13.0,13.0,27.613,82.387,True,True,1.17
29,2026-09-26 08:56:55+01:00,6.518208946,3.389786598,11.0,12.0,13.0,27.613,82.387,True,True,1.371
29,2026-09-26 08:56:56+01:00,6.518192889,3.389774019,11.0,12.0,12.0,27.613,82.387,True,True,2.263
29,2026-09-26 08:56:57+01:00,6.518193957,3.389766645,11.0,12.0,12.0,27.613,82.387,True,True,0.823
29,2026-09-26 08:56:58+01:00,6.518188966,3.389753657,12.0,13.0,12.0,27.613,82.387,True,True,1.538
29,2026-09-26 08:56:59+01:00,6.518182153,3.389743345,12.0,13.0,13.0,27.613,82.387,True,True,1.368
29,2026-09-26 08:57:00+01:00,6.518176268,3.389736539,12.0,13.0,13.0,27.613,82.387,True,True,0.997
29,2026-09-26 08:57:01+01:00,6.518164309,3.389729325,11.0,12.0,13.0,27.613,82.387,True,True,1.55
29,2026-09-26 08:57:02+01:00,6.518152306,3.389722728,11.0,12.0,12.0,27.613,82.387,True,True,1.521
29,2026-09-26 08:57:03+01:00,6.518144731,3.389720124,11.0,12.0,12.0,27.613,82.387,True,True,0.89
29,2026-09-26 08:57:04+01:00,6.518136952,3.389715582,12.0,13.0,12.0,27.613,82.387,True,True,1.0
29,2026-09-26 08:57:05+01:00,6.518130451,3.389702979,12.0,13.0,13.0,27.613,82.387,True,True,1.569
29,2026-09-26 08:57:06+01:00,6.518124233,3.389692381,13.0,14.0,13.0,27.613,82.387,True,True,1.36
29,2026-09-26 08:57:07+01:00,6.518114183,3.389679979,13.0,14.0,14.0,27.613,82.387,True,True,1.768
29,2026-09-26 08:57:08+01:00,6.518110077,3.389669169,13.0,14.0,14.0,27.613,82.387,True,True,1.279
29,2026-09-26 08:57:09+01:00,6.518102208,3.389661348,14.0,15.0,14.0,27.613,82.387,True,True,1.23
29,2026-09-26 08:57:10+01:00,6.518094403,3.389650378,14.0,15.0,16.0,27.613,82.387,True,True,1.491
29,2026-09-26 08:57:11+01:00,6.518090636,3.389643685,15.0,16.0,16.0,27.613,82.387,True,True,0.85
29,2026-09-26 08:57:12+01:00,6.518085324,3.389633487,14.0,15.0,17.0,27.613,82.387,True,True,1.272
29,2026-09-26 08:57:13+01:00,6.518077848,3.389623127,13.0,14.0,16.0,27.613,82.387,True,True,1.415
29,2026-09-26 08:57:14+01:00,6.518072384,3.389614739,13.0,14.0,14.0,27.613,82.387,True,True,1.108
29,2026-09-26 08:57:15+01:00,6.518066335,3.389604019,13.0,14.0,14.0,27.613,82.387,True,True,1.362
29,2026-09-26 08:57:16+01:00,6.518057414,3.389597292,12.0,13.0,14.0,27.613,82.387,True,True,1.239
29,2026-09-26 08:57:17+01:00,6.518049891,3.389591931,12.0,13.0,13.0,27.613,82.387,True,True,1.025
29,2026-09-26 08:57:18+01:00,6.518040507,3.389578725,12.0,13.0,13.0,27.613,82.387,True,True,1.794
29,2026-09-26 08:57:19+01:00,6.518034377,3.389567201,14.0,15.0,13.0,27.613,82.387,True,True,1.444
29,2026-09-26 08:57:20+01:00,6.518028473,3.389550961,15.0,16.0,16.0,27.613,82.387,True,True,1.91
29,2026-09-26 08:57:21+01:00,6.518026816,3.389540911,15.0,16.0,17.0,27.613,82.387,True,True,1.125
29,2026-09-26 08:57:22+01:00,6.518021229,3.389530194,20.0,22.0,17.0,27.613,82.387,True,True,1.337
29,2026-09-26 08:57:23+01:00,6.518014504,3.389527127,28.0,30.0,25.0,27.613,82.387,True,True,0.821
29,2026-09-26 08:57:24+01:00,6.518008252,3.389516083,38.0,43.0,42.0,27.613,82.387,True,True,1.404
29,2026-09-26 08:57:25+01:00,6.517998209,3.389500879,40.0,46.0,66.0,27.613,82.387,True,True,2.017
29,2026-09-26 08:57:26+01:00,6.517991051,3.389495236,43.0,49.0,73.0,27.613,82.387,True,True,1.011
29,2026-09-26 08:57:27+01:00,6.517980045,3.389482667,48.0,55.0,79.0,27.613,82.387,True,True,1.851
29,2026-09-26 08:57:28+01:00,6.517977812,3.389472903,55.0,65.0,91.0,27.613,82.387,True,True,1.107
29,2026-09-26 08:57:29+01:00,6.517969707,3.389465175,55.0,65.0,110.0,27.613,82.387,True,True,1.241
29,2026-09-26 08:57:30+01:00,6.517962473,3.389454761,62.0,74.0,110.0,27.613,82.387,True,True,1.404
29,2026-09-26 08:57:31+01:00,6.517957355,3.389445259,60.0,71.0,129.0,27.613,82.387,True,True,1.194
29,2026-09-26 08:57:32+01:00,6.517951077,3.389433818,55.0,65.0,123.0,28.113,81.819,True,True,1.444
29,2026-09-26 08:57:33+01:00,6.517945801,3.389419844,53.0,62.0,110.0,28.113,81.819,True,True,1.652
29,2026-09-26 08:57:34+01:00,6.517938692,3.389411566,48.0,55.0,104.0,28.113,81.819,True,True,1.209
29,2026-09-26 08:57:35+01:00,6.517933684,3.389404898,48.0,55.0,91.0,28.113,81.819,True,True,0.923
29,2026-09-26 08:57:36+01:00,6.517932815,3.389397335,43.0,49.0,91.0,28.113,81.819,True,True,0.841
29,2026-09-26 08:57:37+01:00,6.517929806,3.389391732,50.0,58.0,79.0,28.113,81.819,True,True,0.704
29,2026-09-26 08:57:38+01:00,6.51792563,3.389378309,43.0,49.0,98.0,28.113,81.819,True,True,1.554
29,2026-09-26 08:57:39+01:00,6.517920576,3.389365021,34.0,38.0,79.0,28.113,81.819,True,True,1.572
29,2026-09-26 08:57:40+01:00,6.517918737,3.389358168,26.0,28.0,57.0,28.113,81.819,True,True,0.784
29,2026-09-26 08:57:41+01:00,6.517913771,3.389348033,23.0,25.0,37.0,28.113,81.819,True,True,1.248
29,2026-09-26 08:57:42+01:00,6.517911725,3.389341852,22.0,24.0,32.0,28.113,81.819,True,True,0.72
29,2026-09-26 08:57:43+01:00,6.517908019,3.389331131,21.0,23.0,29.0,28.113,81.819,True,True,1.254
29,2026-09-26 08:57:44+01:00,6.517906136,3.389319994,20.0,22.0,27.0,28.113,81.819,True,True,1.248
29,2026-09-26 08:57:45+01:00,6.517901128,3.389304732,20.0,22.0,25.0,28.113,81.819,True,True,1.776
29,2026-09-26 08:57:46+01:00,6.517897663,3.389290604,23.0,25.0,25.0,28.113,81.819,True,True,1.608
29,2026-09-26 08:57:47+01:00,6.517892219,3.38928212,74.0,90.0,32.0,28.113,81.819,True,True,1.116
29,2026-09-26 08:57:48+01:00,6.517891822,3.38927324,96.0,117.0,160.0,28.113,81.819,True,True,0.982
29,2026-09-26 08:57:49+01:00,6.51788542,3.389264995,114.0,140.0,215.0,28.113,81.819,True,True,1.156
29,2026-09-26 08:57:50+01:00,6.517879138,3.38925202,128.0,159.0,262.0,28.113,81.819,True,True,1.595
29,2026-09-26 08:57:51+01:00,6.517872112,3.389242003,129.0,161.0,298.0,28.113,81.819,True,True,1.355
29,2026-09-26 08:57:52+01:00,6.517866018,3.38923409,132.0,165.0,302.0,28.113,81.819,True,True,1.106
29,2026-09-26 08:57:53+01:00,6.51786372,3.389226353,132.0,165.0,310.0,28.113,81.819,True,True,0.892
29,2026-09-26 08:57:54+01:00,6.517857808,3.389214628,136.0,170.0,310.0,28.113,81.819,True,True,1.453
29,2026-09-26 08:57:55+01:00,6.517852587,3.389206856,138.0,172.0,322.0,28.113,81.819,True,True,1.036
29,2026-09-26 08:57:56+01:00,6.51784534,3.389199722,135.0,168.0,326.0,28.113,81.819,True,True,1.127
29,2026-09-26 08:57:57+01:00,6.517841872,3.38918461,93.0,114.0,318.0,28.113,81.819,True,True,1.713
29,2026-09-26 08:57:58+01:00,6.517838218,3.389170173,72.0,86.0,208.0,28.113,81.819,True,True,1.646
29,2026-09-26 08:57:59+01:00,6.517835388,3.389160596,50.0,58.0,153.0,28.113,81.819,True,True,1.104
29,2026-09-26 08:58:00+01:00,6.517833206,3.389150753,38.0,43.0,98.0,28.113,81.819,True,True,1.114
29,2026-09-26 08:58:01+01:00,6.517826918,3.389139647,38.0,43.0,66.0,28.113,81.819,True,True,1.412
29,2026-09-26 08:58:02+01:00,6.517821386,3.389127861,38.0,43.0,66.0,28.113,81.819,True,True,1.44
29,2026-09-26 08:58:03+01:00,6.517814757,3.38912821,35.0,39.0,66.0,28.113,81.819,True,True,0.738
29,2026-09-26 08:58:04+01:00,6.517812319,3.389116599,35.0,39.0,60.0,28.113,81.819,True,True,1.311
29,2026-09-26 08:58:05+01:00,6.517808316,3.389101825,33.0,36.0,60.0,28.113,81.819,True,True,1.692
29,2026-09-26 08:58:06+01:00,6.517802537,3.389083153,38.0,43.0,54.0,28.113,81.819,True,True,2.161
29,2026-09-26 08:58:07+01:00,6.517799979,3.389081419,35.0,39.0,66.0,28.113,81.819,True,True,0.343
29,2026-09-26 08:58:08+01:00,6.517797958,3.389074921,37.0,41.0,60.0,28.113,81.819,True,True,0.752
29,2026-09-26 08:58:09+01:00,6.517793175,3.389068197,35.0,39.0,63.0,28.113,81.819,True,True,0.914
29,2026-09-26 08:58:10+01:00,6.517788078,3.389053508,30.0,33.0,60.0,28.113,81.819,True,True,1.719
29,2026-09-26 08:58:11+01:00,6.517782101,3.389042719,26.0,28.0,47.0,28.113,81.819,True,True,1.365
29,2026-09-26 08:58:12+01:00,6.517776961,3.38902894,23.0,25.0,37.0,28.113,81.819,True,True,1.626
29,2026-09-26 08:58:13+01:00,6.5177724,3.389016192,22.0,24.0,32.0,28.113,81.819,True,True,1.497
29,2026-09-26 08:58:14+01:00,6.517766538,3.389015217,22.0,24.0,29.0,28.113,81.819,True,True,0.661
29,2026-09-26 08:58:15+01:00,6.517767127,3.389005454,22.0,24.0,29.0,28.113,81.819,True,True,1.081
29,2026-09-26 08:58:16+01:00,6.517760844,3.388990629,22.0,24.0,29.0,28.113,81.819,True,True,1.781
29,2026-09-26 08:58:17+01:00,6.517754408,3.388974383,21.0,23.0,29.0,28.113,81.819,True,True,1.932
29,2026-09-26 08:58:18+01:00,6.517749146,3.388963107,21.0,23.0,27.0,28.113,81.819,True,True,1.376
29,2026-09-26 08:58:19+01:00,6.517745563,3.388954835,21.0,23.0,27.0,28.113,81.819,True,True,0.997
29,2026-09-26 08:58:20+01:00,6.517741139,3.388947268,21.0,23.0,27.0,28.113,81.819,True,True,0.97
29,2026-09-26 08:58:21+01:00,6.517737734,3.388940499,19.0,21.0,27.0,28.113,81.819,True,True,0.838
29,2026-09-26 08:58:22+01:00,6.517732061,3.388930684,18.0,20.0,22.0,28.113,81.819,True,True,1.254
29,2026-09-26 08:58:23+01:00,6.51773057,3.388919866,18.0,20.0,21.0,28.113,81.819,True,True,1.207
29,2026-09-26 08:58:24+01:00,6.517727291,3.388906883,18.0,20.0,21.0,28.113,81.819,True,True,1.48
29,2026-09-26 08:58:25+01:00,6.51772639,3.388896106,17.0,18.0,21.0,28.113,81.819,True,True,1.195
29,2026-09-26 08:58:26+01:00,6.517718255,3.388886747,17.0,18.0,19.0,28.113,81.819,True,True,1.374
29,2026-09-26 08:58:27+01:00,6.51771757,3.388876714,16.0,18.0,19.0,28.113,81.819,True,True,1.111
29,2026-09-26 08:58:28+01:00,6.517715632,3.388868066,18.0,20.0,19.0,28.113,81.819,True,True,0.979
29,2026-09-26 08:58:29+01:00,6.517712918,3.38885377,18.0,20.0,21.0,28.113,81.819,True,True,1.608
29,2026-09-26 08:58:30+01:00,6.517711444,3.388844241,17.0,18.0,21.0,28.113,81.819,True,True,1.065
29,2026-09-26 08:58:31+01:00,6.517708447,3.388833649,17.0,18.0,19.0,28.113,81.819,True,True,1.217
29,2026-09-26 08:58:32+01:00,6.517699566,3.388804581,17.0,18.0,19.0,27.613,83.519,True,True,3.36
29,2026-09-26 08:58:33+01:00,6.517699773,3.38880369,17.0,18.0,19.0,27.613,83.519,True,True,0.101
29,2026-09-26 08:58:34+01:00,6.517697932,3.388794953,17.0,18.0,19.0,27.613,83.519,True,True,0.987
29,2026-09-26 08:58:35+01:00,6.517694342,3.388783082,17.0,18.0,19.0,27.613,83.519,True,True,1.371
29,2026-09-26 08:58:36+01:00,6.517692971,3.388775174,17.0,18.0,19.0,27.613,83.519,True,True,0.887
29,2026-09-26 08:58:37+01:00,6.517688516,3.388763242,18.0,20.0,19.0,27.613,83.519,True,True,1.408
29,2026-09-26 08:58:38+01:00,6.51768637,3.388749571,17.0,18.0,21.0,27.613,83.519,True,True,1.529
29,2026-09-26 08:58:39+01:00,6.517680321,3.388736698,18.0,20.0,19.0,27.613,83.519,True,True,1.573
29,2026-09-26 08:58:40+01:00,6.517676367,3.388724302,17.0,18.0,21.0,27.613,83.519,True,True,1.438
29,2026-09-26 08:58:41+01:00,6.517674784,3.388716362,16.0,17.0,19.0,27.613,83.519,True,True,0.895
29,2026-09-26 08:58:42+01:00,6.51767837,3.388708444,17.0,18.0,18.0,27.613,83.519,True,True,0.961
29,2026-09-26 08:58:43+01:00,6.51767131,3.388697948,17.0,18.0,19.0,27.613,83.519,True,True,1.4
29,2026-09-26 08:58:44+01:00,6.517656269,3.388675785,16.0,17.0,19.0,27.613,83.519,True,True,2.965
29,2026-09-26 08:58:45+01:00,6.517653332,3.388670395,15.0,16.0,18.0,27.613,83.519,True,True,0.679
29,2026-09-26 08:58:46+01:00,6.51764567,3.388658208,14.0,15.0,17.0,27.613,83.519,True,True,1.593
29,2026-09-26 08:58:47+01:00,6.517646908,3.3886472,14.0,15.0,16.0,27.613,83.519,True,True,1.224
29,2026-09-26 08:58:48+01:00,6.517641352,3.388636985,13.0,14.0,16.0,27.613,83.519,True,True,1.287
29,2026-09-26 08:58:49+01:00,6.517636959,3.388623071,13.0,14.0,14.0,27.613,83.519,True,True,1.613
29,2026-09-26 08:58:50+01:00,6.517633485,3.388618102,12.0,13.0,14.0,27.613,83.519,True,True,0.671
29,2026-09-26 08:58:51+01:00,6.51763252,3.388605292,12.0,13.0,13.0,27.613,83.519,True,True,1.419
29,2026-09-26 08:58:52+01:00,6.517628377,3.388588392,12.0,13.0,13.0,27.613,83.519,True,True,1.923
29,2026-09-26 08:58:53+01:00,6.517623892,3.388579939,11.0,12.0,13.0,27.613,83.519,True,True,1.059
29,2026-09-26 08:58:54+01:00,6.517621566,3.388565493,10.0,10.0,12.0,27.613,83.519,True,True,1.617
29,2026-09-26 08:58:55+01:00,6.517624496,3.388560129,10.0,10.0,11.0,27.613,83.519,True,True,0.676
29,2026-09-26 08:58:56+01:00,6.517618567,3.388552701,10.0,10.0,11.0,27.613,83.519,True,True,1.053
29,2026-09-26 08:58:57+01:00,6.517613398,3.388546138,10.0,10.0,11.0,27.613,83.519,True,True,0.925
29,2026-09-26 08:58:58+01:00,6.517606038,3.388524494,10.0,10.0,11.0,27.613,83.519,True,True,2.527
29,2026-09-26 08:58:59+01:00,6.517598746,3.388504378,10.0,10.0,11.0,27.613,83.519,True,True,2.366
29,2026-09-26 08:59:00+01:00,6.517596528,3.388488683,10.0,10.0,11.0,27.613,83.519,True,True,1.751
29,2026-09-26 08:59:01+01:00,6.517598229,3.388474827,10.0,10.0,11.0,27.613,83.519,True,True,1.542
29,2026-09-26 08:59:02+01:00,6.517596328,3.388463358,11.0,12.0,11.0,27.613,83.519,True,True,1.285
29,2026-09-26 08:59:03+01:00,6.517593504,3.388459161,11.0,12.0,12.0,27.613,83.519,True,True,0.56
29,2026-09-26 08:59:04+01:00,6.517583964,3.388438227,11.0,12.0,12.0,27.613,83.519,True,True,2.544
29,2026-09-26 08:59:05+01:00,6.517581336,3.388428722,11.0,12.0,12.0,27.613,83.519,True,True,1.09
29,2026-09-26 08:59:06+01:00,6.517579062,3.388419618,13.0,14.0,12.0,27.613,83.519,True,True,1.037
29,2026-09-26 08:59:07+01:00,6.517572399,3.38840451,14.0,15.0,14.0,27.613,83.519,True,True,1.826
29,2026-09-26 08:59:08+01:00,6.517572949,3.388392674,14.0,15.0,16.0,27.613,83.519,True,True,1.309
29,2026-09-26 08:59:09+01:00,6.517574138,3.388389615,14.0,15.0,16.0,27.613,83.519,True,True,0.363
29,2026-09-26 08:59:10+01:00,6.517570631,3.388378945,14.0,15.0,16.0,27.613,83.519,True,True,1.242
29,2026-09-26 08:59:11+01:00,6.517563832,3.388365995,14.0,15.0,16.0,27.613,83.519,True,True,1.618
29,2026-09-26 08:59:12+01:00,6.517560343,3.388353531,14.0,15.0,16.0,27.613,83.519,True,True,1.431
29,2026-09-26 08:59:13+01:00,6.517557847,3.388337194,13.0,14.0,16.0,27.613,83.519,True,True,1.826
29,2026-09-26 08:59:14+01:00,6.517558147,3.388323937,14.0,15.0,14.0,27.613,83.519,True,True,1.465
29,2026-09-26 08:59:15+01:00,6.517556951,3.388309966,14.0,15.0,16.0,27.613,83.519,True,True,1.549
29,2026-09-26 08:59:16+01:00,6.517552128,3.388304641,13.0,14.0,16.0,27.613,83.519,True,True,0.796
29,2026-09-26 08:59:17+01:00,6.517544854,3.388295005,13.0,14.0,14.0,27.613,83.519,True,True,1.337
29,2026-09-26 08:59:18+01:00,6.517538394,3.388286446,12.0,13.0,14.0,27.613,83.519,True,True,1.187
29,2026-09-26 08:59:19+01:00,6.517533137,3.388275208,12.0,13.0,13.0,27.613,83.519,True,True,1.372
29,2026-09-26 08:59:20+01:00,6.51752822,3.38826203,10.0,10.0,13.0,27.613,83.519,True,True,1.555
29,2026-09-26 08:59:21+01:00,6.51752622,3.388250888,10.0,11.0,11.0,27.613,83.519,True,True,1.251
29,2026-09-26 08:59:22+01:00,6.517529638,3.388252071,10.0,10.0,11.0,27.613,83.519,True,True,0.402
29,2026-09-26 08:59:23+01:00,6.517523622,3.388241268,10.0,10.0,11.0,27.613,83.519,True,True,1.368
29,2026-09-26 08:59:24+01:00,6.517522746,3.388235486,10.0,10.0,11.0,27.613,83.519,True,True,0.646
29,2026-09-26 08:59:25+01:00,6.517518792,3.388216452,8.0,9.0,11.0,27.613,83.519,True,True,2.148
29,2026-09-26 08:59:26+01:00,6.51751538,3.38820585,8.0,9.0,10.0,27.613,83.519,True,True,1.231
29,2026-09-26 08:59:27+01:00,6.517512394,3.388196637,11.0,12.0,10.0,27.613,83.519,True,True,1.071
29,2026-09-26 08:59:28+01:00,6.517513652,3.388188982,11.0,12.0,12.0,27.613,83.519,True,True,0.857
29,2026-09-26 08:59:29+01:00,6.517510235,3.388172345,11.0,12.0,12.0,27.613,83.519,True,True,1.877
29,2026-09-26 08:59:30+01:00,6.517507999,3.388154188,11.0,12.0,12.0,27.613,83.519,True,True,2.021
29,2026-09-26 08:59:31+01:00,6.517502006,3.38813889,11.0,12.0,12.0,27.613,83.519,True,True,1.817
29,2026-09-26 08:59:32+01:00,6.517498865,3.388128902,11.0,12.0,12.0,28.113,82.954,True,True,1.157
29,2026-09-26 08:59:33+01:00,6.517492886,3.388120074,11.0,12.0,12.0,28.113,82.954,True,True,1.18
29,2026-09-26 08:59:34+01:00,6.517489026,3.388109381,11.0,12.0,12.0,28.113,82.954,True,True,1.257
29,2026-09-26 08:59:35+01:00,6.517484898,3.38809659,11.0,12.0,12.0,28.113,82.954,True,True,1.486
29,2026-09-26 08:59:36+01:00,6.517481388,3.388092614,11.0,12.0,12.0,28.113,82.954,True,True,0.588
29,2026-09-26 08:59:37+01:00,6.517475252,3.38808454,12.0,13.0,12.0,28.113,82.954,True,True,1.123
29,2026-09-26 08:59:38+01:00,6.517472835,3.388070616,13.0,14.0,13.0,28.113,82.954,True,True,1.562
29,2026-09-26 08:59:39+01:00,6.517472426,3.388057275,13.0,14.0,14.0,28.113,82.954,True,True,1.475
29,2026-09-26 08:59:40+01:00,6.517469558,3.388044214,13.0,14.0,14.0,28.113,82.954,True,True,1.478
29,2026-09-26 08:59:41+01:00,6.5174673,3.388035175,12.0,13.0,14.0,28.113,82.954,True,True,1.03
29,2026-09-26 08:59:42+01:00,6.517462064,3.388027942,11.0,12.0,13.0,28.113,82.954,True,True,0.989
29,2026-09-26 08:59:43+01:00,6.51745961,3.388013543,12.0,13.0,13.0,28.113,82.954,True,True,1.614
29,2026-09-26 08:59:44+01:00,6.51745685,3.388001267,13.0,14.0,13.0,28.113,82.954,True,True,1.39
29,2026-09-26 08:59:45+01:00,6.517452864,3.387991959,13.0,14.0,14.0,28.113,82.954,True,True,1.12
29,2026-09-26 08:59:46+01:00,6.517445604,3.387975766,13.0,14.0,14.0,28.113,82.954,True,True,1.963
29,2026-09-26 08:59:47+01:00,6.517445361,3.387974737,13.0,14.0,14.0,28.113,82.954,True,True,0.117
29,2026-09-26 08:59:48+01:00,6.517441878,3.387962491,12.0,13.0,14.0,28.113,82.954,True,True,1.407
29,2026-09-26 08:59:49+01:00,6.517437391,3.387953131,12.0,13.0,13.0,28.113,82.954,True,True,1.148
29,2026-09-26 08:59:50+01:00,6.517433847,3.387941458,11.0,12.0,13.0,28.113,82.954,True,True,1.348
29,2026-09-26 08:59:51+01:00,6.517431042,3.387926212,11.0,12.0,13.0,28.113,82.954,True,True,1.713
29,2026-09-26 08:59:52+01:00,6.517428102,3.387912405,11.0,12.0,12.0,28.113,82.954,True,True,1.56
29,2026-09-26 08:59:53+01:00,6.517425272,3.387898538,10.0,10.0,12.0,28.113,82.954,True,True,1.564
29,2026-09-26 08:59:54+01:00,6.517424676,3.387886067,10.0,10.0,11.0,28.113,82.954,True,True,1.379
29,2026-09-26 08:59:55+01:00,6.517422288,3.38787792,10.0,10.0,11.0,28.113,82.954,True,True,0.938
29,2026-09-26 08:59:56+01:00,6.517418662,3.387869103,10.0,10.0,11.0,28.113,82.954,True,True,1.054
29,2026-09-26 08:59:57+01:00,6.517418213,3.387856389,12.0,13.0,11.0,28.113,82.954,True,True,1.405
29,2026-09-26 08:59:58+01:00,6.517421889,3.387842058,13.0,14.0,13.0,28.113,82.954,True,True,1.635
29,2026-09-26 08:59:59+01:00,6.517420993,3.387829371,13.0,14.0,14.0,28.113,82.954,True,True,1.405
29,2026-09-26 09:00:00+01:00,6.517423339,3.387824723,13.0,14.0,14.0,28.113,82.954,True,True,0.576
29,2026-09-26 09:00:01+01:00,6.517418821,3.387809995,13.0,14.0,14.0,28.113,82.954,True,True,1.703
29,2026-09-26 09:00:02+01:00,6.517413965,3.387798379,13.0,14.0,14.0,28.113,82.954,True,True,1.392
29,2026-09-26 09:00:03+01:00,6.517411901,3.38779037,13.0,14.0,14.0,28.113,82.954,True,True,0.914
29,2026-09-26 09:00:04+01:00,6.517409227,3.387770811,13.0,14.0,14.0,28.113,82.954,True,True,2.181
29,2026-09-26 09:00:05+01:00,6.517404079,3.387759752,13.0,14.0,14.0,28.113,82.954,True,True,1.349
29,2026-09-26 09:00:06+01:00,6.517400883,3.387749002,13.0,14.0,14.0,28.113,82.954,True,True,1.24
29,2026-09-26 09:00:07+01:00,6.517399103,3.387742268,13.0,14.0,14.0,28.113,82.954,True,True,0.77
29,2026-09-26 09:00:08+01:00,6.517397015,3.387727741,13.0,14.0,14.0,28.113,82.954,True,True,1.622
29,2026-09-26 09:00:09+01:00,6.517396146,3.387719296,13.0,14.0,14.0,28.113,82.954,True,True,0.938
29,2026-09-26 09:00:10+01:00,6.51739336,3.387710732,13.0,14.0,14.0,28.113,82.954,True,True,0.996
29,2026-09-26 09:00:11+01:00,6.517391489,3.387693423,14.0,15.0,14.0,28.113,82.954,True,True,1.924
29,2026-09-26 09:00:12+01:00,6.517388897,3.387682136,14.0,15.0,16.0,28.113,82.954,True,True,1.28
29,2026-09-26 09:00:13+01:00,6.517384704,3.387670255,14.0,15.0,16.0,28.113,82.954,True,True,1.393
29,2026-09-26 09:00:14+01:00,6.517385668,3.387657048,12.0,13.0,16.0,28.113,82.954,True,True,1.463
29,2026-09-26 09:00:15+01:00,6.51738311,3.387652469,12.0,13.0,13.0,28.113,82.954,True,True,0.58
29,2026-09-26 09:00:16+01:00,6.517378631,3.387643931,12.0,13.0,13.0,28.113,82.954,True,True,1.067
29,2026-09-26 09:00:17+01:00,6.517373752,3.387628877,12.0,13.0,13.0,28.113,82.954,True,True,1.749
29,2026-09-26 09:00:18+01:00,6.517369943,3.38762144,12.0,13.0,13.0,28.113,82.954,True,True,0.924
29,2026-09-26 09:00:19+01:00,6.517372409,3.387608827,13.0,14.0,13.0,28.113,82.954,True,True,1.42
29,2026-09-26 09:00:20+01:00,6.517371969,3.387597338,13.0,14.0,14.0,28.113,82.954,True,True,1.27
29,2026-09-26 09:00:21+01:00,6.517373415,3.387586411,13.0,14.0,14.0,28.113,82.954,True,True,1.218
29,2026-09-26 09:00:22+01:00,6.51737318,3.387580491,13.0,14.0,14.0,28.113,82.954,True,True,0.655
29,2026-09-26 09:00:23+01:00,6.517370938,3.387572041,14.0,15.0,14.0,28.113,82.954,True,True,0.966
29,2026-09-26 09:00:24+01:00,6.517371142,3.387561831,14.0,15.0,16.0,28.113,82.954,True,True,1.128
29,2026-09-26 09:00:25+01:00,6.517369353,3.387548588,14.0,15.0,16.0,28.113,82.954,True,True,1.477
29,2026-09-26 09:00:26+01:00,6.517365809,3.387538114,13.0,14.0,16.0,28.113,82.954,True,True,1.222
29,2026-09-26 09:00:27+01:00,6.517369689,3.387526877,13.0,14.0,14.0,28.113,82.954,True,True,1.314
29,2026-09-26 09:00:28+01:00,6.517367447,3.387520333,13.0,14.0,14.0,28.113,82.954,True,True,0.765
29,2026-09-26 09:00:29+01:00,6.517368874,3.387510145,14.0,15.0,14.0,28.113,82.954,True,True,1.137
29,2026-09-26 09:00:30+01:00,6.517363412,3.387502438,15.0,16.0,16.0,28.113,82.954,True,True,1.046
29,2026-09-26 09:00:31+01:00,6.517360972,3.387486533,15.0,16.0,17.0,28.113,82.954,True,True,1.778
29,2026-09-26 09:00:32+01:00,6.517357077,3.387469046,15.0,16.0,17.0,28.113,81.819,True,True,1.98
29,2026-09-26 09:00:33+01:00,6.517354713,3.387459695,15.0,16.0,17.0,28.113,81.819,True,True,1.066
29,2026-09-26 09:00:34+01:00,6.517353811,3.387448405,15.0,16.0,17.0,28.113,81.819,True,True,1.251
29,2026-09-26 09:00:35+01:00,6.517354276,3.387432995,15.0,16.0,17.0,28.113,81.819,True,True,1.703
29,2026-09-26 09:00:36+01:00,6.517358519,3.387420905,15.0,16.0,17.0,28.113,81.819,True,True,1.417
29,2026-09-26 09:00:37+01:00,6.517357763,3.387410102,15.0,16.0,17.0,28.113,81.819,True,True,1.196
29,2026-09-26 09:00:38+01:00,6.517351397,3.387393922,15.0,16.0,17.0,28.113,81.819,True,True,1.923
29,2026-09-26 09:00:39+01:00,6.517346698,3.387382311,14.0,15.0,17.0,28.113,81.819,True,True,1.385
29,2026-09-26 09:00:40+01:00,6.517350541,3.387371061,14.0,16.0,16.0,28.113,81.819,True,True,1.314
29,2026-09-26 09:00:41+01:00,6.51735169,3.38736241,14.0,15.0,16.0,28.113,81.819,True,True,0.964
29,2026-09-26 09:00:42+01:00,6.517352244,3.387355908,14.0,15.0,16.0,28.113,81.819,True,True,0.721
29,2026-09-26 09:00:43+01:00,6.51735118,3.387345291,14.0,15.0,16.0,28.113,81.819,True,True,1.179
29,2026-09-26 09:00:44+01:00,6.517348664,3.38734046,15.0,16.0,16.0,28.113,81.819,True,True,0.603
29,2026-09-26 09:00:45+01:00,6.517347318,3.387329509,15.0,16.0,17.0,28.113,81.819,True,True,1.219
29,2026-09-26 09:00:46+01:00,6.517355463,3.387325338,35.0,39.0,17.0,28.113,81.819,True,True,1.016
29,2026-09-26 09:00:47+01:00,6.517364707,3.387317424,53.0,62.0,60.0,28.113,81.819,True,True,1.349
29,2026-09-26 09:00:48+01:00,6.517377523,3.3873209,62.0,74.0,104.0,28.113,81.819,True,True,1.476
29,2026-09-26 09:00:49+01:00,6.517390342,3.387318154,66.0,79.0,129.0,28.113,81.819,True,True,1.457
29,2026-09-26 09:00:50+01:00,6.517403248,3.387316984,66.0,79.0,139.0,28.113,81.819,True,True,1.441
29,2026-09-26 09:00:51+01:00,6.517420303,3.387308055,69.0,83.0,139.0,28.113,81.819,True,True,2.138
29,2026-09-26 09:00:52+01:00,6.517433197,3.387303725,70.0,84.0,146.0,28.113,81.819,True,True,1.511
29,2026-09-26 09:00:53+01:00,6.517439713,3.387302818,70.0,84.0,150.0,28.113,81.819,True,True,0.731
29,2026-09-26 09:00:54+01:00,6.517457217,3.387300492,73.0,88.0,150.0,28.113,81.819,True,True,1.963
29,2026-09-26 09:00:55+01:00,6.517466882,3.387299271,50.0,58.0,157.0,28.113,81.819,True,True,1.083
29,2026-09-26 09:00:56+01:00,6.517476129,3.387298024,40.0,46.0,98.0,28.113,81.819,True,True,1.037
29,2026-09-26 09:00:57+01:00,6.51748572,3.387293777,33.0,36.0,73.0,28.113,81.819,True,True,1.165
29,2026-09-26 09:00:58+01:00,6.517496159,3.387288894,30.0,33.0,54.0,28.113,81.819,True,True,1.28
29,2026-09-26 09:00:59+01:00,6.517507172,3.387287064,28.0,30.0,47.0,28.113,81.819,True,True,1.241
29,2026-09-26 09:01:00+01:00,6.517524199,3.3872853,26.0,28.0,42.0,28.113,81.819,True,True,1.903
29,2026-09-26 09:01:01+01:00,6.517531929,3.387286583,26.0,28.0,37.0,28.113,81.819,True,True,0.871
29,2026-09-26 09:01:02+01:00,6.517536448,3.387293443,23.0,25.0,37.0,28.113,81.819,True,True,0.909
29,2026-09-26 09:01:03+01:00,6.517545194,3.387295895,23.0,25.0,32.0,28.113,81.819,True,True,1.01
29,2026-09-26 09:01:04+01:00,6.517559478,3.387295193,22.0,24.0,32.0,28.113,81.819,True,True,1.59
29,2026-09-26 09:01:05+01:00,6.517569892,3.387295487,22.0,24.0,29.0,28.113,81.819,True,True,1.158
29,2026-09-26 09:01:06+01:00,6.517582288,3.38728991,21.0,23.0,28.0,28.113,81.819,True,True,1.51
29,2026-09-26 09:01:07+01:00,6.517592753,3.387283465,20.0,22.0,27.0,28.113,81.819,True,True,1.364
29,2026-09-26 09:01:08+01:00,6.517598421,3.387278609,20.0,22.0,25.0,28.113,81.819,True,True,0.828
29,2026-09-26 09:01:09+01:00,6.517597068,3.387277889,19.0,21.0,25.0,28.113,81.819,True,True,0.17
29,2026-09-26 09:01:10+01:00,6.517599523,3.387273789,19.0,21.0,22.0,28.113,81.819,True,True,0.529
29,2026-09-26 09:01:11+01:00,6.517606057,3.387270169,19.0,21.0,22.0,28.113,81.819,True,True,0.829
29,2026-09-26 09:01:12+01:00,6.517617179,3.387268584,18.0,20.0,22.0,28.113,81.819,True,True,1.249
29,2026-09-26 09:01:13+01:00,6.517624569,3.387265912,18.0,20.0,21.0,28.113,81.819,True,True,0.873
29,2026-09-26 09:01:14+01:00,6.517633124,3.3872619,17.0,18.0,21.0,28.113,81.819,True,True,1.049
29,2026-09-26 09:01:15+01:00,6.517622691,3.387258593,17.0,18.0,19.0,28.113,81.819,True,True,1.216
29,2026-09-26 09:01:16+01:00,6.517627751,3.387249067,16.0,17.0,19.0,28.113,81.819,True,True,1.193
29,2026-09-26 09:01:17+01:00,6.51762549,3.387248425,16.0,17.0,18.0,28.113,81.819,True,True,0.261
29,2026-09-26 09:01:18+01:00,6.517630695,3.387244222,16.0,17.0,18.0,28.113,81.819,True,True,0.742
29,2026-09-26 09:01:19+01:00,6.517628807,3.387244516,16.0,17.0,18.0,28.113,81.819,True,True,0.212
29,2026-09-26 09:01:20+01:00,6.517629345,3.387243005,16.0,17.0,18.0,28.113,81.819,True,True,0.177
29,2026-09-26 09:01:21+01:00,6.51762739,3.387237956,15.0,16.0,18.0,28.113,81.819,True,True,0.599
29,2026-09-26 09:01:22+01:00,6.517631562,3.38723948,15.0,16.0,17.0,28.113,81.819,True,True,0.494
29,2026-09-26 09:01:23+01:00,6.517626307,3.387233545,15.0,16.0,17.0,28.113,81.819,True,True,0.878
29,2026-09-26 09:01:24+01:00,6.517629233,3.387235341,15.0,16.0,17.0,28.113,81.819,True,True,0.381
29,2026-09-26 09:01:25+01:00,6.517629314,3.387237363,15.0,16.0,17.0,28.113,81.819,True,True,0.224
29,2026-09-26 09:01:26+01:00,6.51762558,3.387235893,15.0,16.0,17.0,28.113,81.819,True,True,0.446
29,2026-09-26 09:01:27+01:00,6.517630786,3.387236671,15.0,16.0,17.0,28.113,81.819,True,True,0.585
29,2026-09-26 09:01:28+01:00,6.51763391,3.387236585,14.0,15.0,17.0,28.113,81.819,True,True,0.348
29,2026-09-26 09:01:29+01:00,6.517637073,3.387239838,14.0,15.0,16.0,28.113,81.819,True,True,0.503
29,2026-09-26 09:01:30+01:00,6.517641739,3.387239718,13.0,14.0,16.0,28.113,81.819,True,True,0.519
29,2026-09-26 09:01:31+01:00,6.51764165,3.387241073,13.0,14.0,14.0,28.113,81.819,True,True,0.15
29,2026-09-26 09:01:32+01:00,6.517640924,3.387242284,13.0,14.0,14.0,28.113,82.387,True,True,0.156
29,2026-09-26 09:01:33+01:00,6.517642411,3.387240142,13.0,14.0,14.0,28.113,82.387,True,True,0.289
29,2026-09-26 09:01:34+01:00,6.517651957,3.387246103,13.0,14.0,14.0,28.113,82.387,True,True,1.249
29,2026-09-26 09:01:35+01:00,6.517662318,3.387247175,13.0,14.0,14.0,28.113,82.387,True,True,1.158
29,2026-09-26 09:01:36+01:00,6.517651034,3.387240604,13.0,14.0,14.0,28.113,82.387,True,True,1.45
29,2026-09-26 09:01:37+01:00,6.517661362,3.387227809,12.0,13.0,14.0,28.113,82.387,True,True,1.821
