{"type": "FeatureCollection", "features": [{"type": "Feature", "geometry": {"type": "LineString", "coordinates": [[3.386487, 6.517393], [3.386473, 6.517396], [3.386465, 6.517397], [3.386456, 6.517399], [3.386443, 6.517397], [3.386424, 6.517402], [3.386413, 6.517405], [3.386398, 6.517405], [3.38638, 6.517405], [3.386364, 6.517409], [3.386349, 6.517414], [3.386325, 6.517418], [3.386308, 6.517419], [3.386288, 6.517429], [3.386262, 6.517439], [3.386245, 6.517444], [3.386224, 6.517451], [3.386201, 6.517452], [3.386182, 6.517464], [3.386163, 6.517469], [3.386139, 6.51748], [3.386116, 6.517491], [3.386099, 6.517487], [3.386073, 6.517488], [3.386056, 6.517502], [3.386032, 6.51751], [3.386012, 6.517518], [3.385978, 6.517516], [3.385961, 6.517516], [3.385931, 6.517533], [3.385906, 6.517534], [3.385876, 6.517528], [3.385848, 6.517533], [3.385832, 6.517535], [3.385806, 6.517531], [3.385785, 6.517533], [3.385765, 6.517527], [3.385744, 6.517513], [3.385728, 6.517491], [3.38571, 6.517477], [3.3857, 6.517459], [3.385686, 6.517433], [3.385671, 6.517424], [3.385661, 6.517401], [3.385646, 6.517372], [3.385638, 6.517352], [3.385628, 6.517324], [3.38561, 6.517307], [3.385591, 6.517259], [3.385576, 6.517237], [3.385556, 6.517218], [3.385544, 6.517198], [3.385528, 6.51718], [3.385506, 6.517173], [3.385483, 6.51717], [3.385457, 6.517168], [3.385438, 6.517167], [3.385413, 6.517168], [3.385389, 6.517168], [3.38537, 6.517172], [3.385349, 6.517169], [3.385326, 6.517171], [3.385306, 6.517173], [3.385288, 6.517173], [3.385271, 6.517157], [3.385251, 6.517163], [3.385232, 6.517156], [3.385218, 6.517131], [3.385212, 6.517109], [3.385204, 6.517091], [3.385199, 6.51707], [3.385202, 6.517052], [3.385197, 6.517037], [3.385196, 6.517022], [3.385191, 6.517002], [3.38519, 6.51699], [3.385189, 6.516977], [3.385188, 6.516961], [3.385183, 6.516944], [3.385181, 6.516928], [3.385182, 6.516903], [3.385181, 6.51689], [3.385174, 6.51687], [3.385167, 6.516852], [3.385163, 6.516834], [3.385157, 6.516817], [3.385156, 6.516802], [3.38515, 6.516785], [3.385145, 6.516771], [3.38514, 6.516757], [3.385133, 6.516746], [3.385127, 6.516735], [3.385126, 6.516721], [3.385126, 6.516708], [3.385121, 6.516696], [3.385119, 6.516674], [3.38512, 6.516659], [3.385118, 6.516641], [3.385113, 6.516621], [3.385107, 6.516601], [3.385102, 6.516582], [3.385104, 6.516564], [3.385103, 6.516546], [3.3851, 6.516532], [3.385099, 6.516512], [3.385098, 6.516496], [3.385094, 6.516476], [3.385096, 6.516455], [3.385098, 6.516442], [3.385094, 6.516416], [3.385097, 6.516406], [3.3851, 6.516393], [3.385101, 6.516379], [3.385101, 6.516362], [3.3851, 6.516349], [3.385099, 6.516331], [3.385092, 6.516314], [3.385096, 6.516298], [3.3851, 6.516264], [3.385099, 6.516253], [3.385109, 6.51623], [3.38511, 6.516213], [3.385113, 6.516197], [3.385116, 6.516181], [3.385121, 6.516167], [3.385126, 6.516152], [3.38513, 6.516138], [3.385134, 6.516124], [3.385144, 6.51611], [3.385149, 6.516091], [3.385153, 6.516073], [3.385155, 6.516054], [3.385156, 6.516035], [3.385184, 6.516017], [3.385193, 6.515999], [3.385204, 6.515981], [3.385226, 6.515971], [3.38524, 6.515957], [3.385254, 6.515945], [3.385268, 6.515933], [3.385285, 6.515921], [3.385303, 6.515914], [3.385314, 6.515901], [3.385317, 6.515878], [3.385336, 6.51587], [3.38535, 6.51586], [3.385363, 6.515843], [3.385372, 6.515833], [3.385385, 6.515821], [3.385388, 6.515811], [3.385397, 6.515798], [3.385406, 6.515785], [3.385414, 6.515776], [3.385427, 6.515763], [3.385432, 6.515752], [3.385442, 6.515739], [3.385451, 6.515726], [3.385462, 6.515716], [3.385469, 6.515712], [3.385481, 6.515701], [3.385492, 6.51569], [3.385503, 6.515682], [3.385516, 6.515673], [3.385525, 6.515667], [3.385536, 6.515657], [3.385544, 6.515649], [3.385557, 6.515644], [3.385569, 6.515638], [3.385581, 6.515632], [3.385598, 6.515625], [3.385606, 6.515619], [3.385618, 6.515614], [3.385629, 6.515609], [3.385646, 6.515607], [3.385657, 6.515603], [3.385669, 6.5156], [3.385679, 6.515593], [3.385699, 6.515589], [3.385708, 6.515579], [3.385743, 6.515575], [3.38575, 6.515568], [3.385771, 6.515557], [3.385793, 6.515546], [3.385802, 6.515535], [3.385834, 6.515524], [3.385847, 6.515512], [3.385866, 6.515502], [3.385891, 6.515492], [3.38591, 6.515485], [3.38594, 6.515482], [3.385963, 6.51547], [3.385982, 6.515467], [3.386015, 6.515457], [3.386023, 6.515443], [3.386042, 6.51543], [3.386052, 6.515411], [3.38608, 6.515404], [3.386089, 6.515386], [3.386104, 6.51537], [3.386118, 6.515354], [3.386131, 6.515343], [3.386144, 6.515334], [3.386145, 6.515327], [3.386152, 6.515325], [3.386154, 6.515319], [3.386158, 6.515311], [3.386162, 6.515311], [3.386163, 6.515309], [3.386163, 6.515307], [3.386164, 6.515301], [3.386164, 6.515304], [3.386167, 6.515308], [3.386167, 6.515315], [3.386163, 6.515321], [3.386163, 6.515317], [3.386156, 6.515318], [3.386158, 6.515318], [3.386168, 6.515317], [3.386167, 6.515317], [3.386167, 6.515317], [3.386168, 6.515321], [3.386169, 6.515317], [3.386172, 6.515295], [3.38618, 6.515268], [3.386184, 6.515239], [3.386185, 6.515215], [3.386234, 6.515175], [3.386253, 6.515155], [3.386269, 6.515132], [3.386287, 6.51511], [3.3863, 6.515088], [3.386311, 6.515065], [3.386315, 6.515047], [3.386327, 6.51503], [3.386337, 6.515014], [3.386353, 6.514999], [3.386367, 6.514984], [3.38638, 6.514969], [3.38639, 6.514954], [3.386397, 6.514938], [3.386408, 6.514925], [3.38642, 6.514914], [3.386432, 6.514905], [3.386442, 6.514897], [3.386451, 6.514887], [3.386459, 6.514875], [3.386465, 6.514863], [3.386474, 6.514853], [3.386483, 6.514842], [3.386493, 6.514832], [3.3865, 6.514823], [3.386509, 6.514813], [3.386514, 6.514805], [3.386522, 6.514798], [3.38653, 6.514789], [3.386537, 6.51478], [3.386548, 6.514767], [3.386561, 6.514752], [3.386573, 6.514735], [3.386583, 6.514716], [3.386602, 6.514704], [3.386616, 6.514678], [3.386635, 6.514665], [3.386648, 6.514644], [3.386663, 6.514626], [3.386678, 6.514608], [3.386693, 6.514577], [3.386706, 6.514569], [3.386719, 6.514547], [3.386729, 6.514537], [3.386749, 6.514516], [3.386766, 6.514502], [3.386787, 6.51448], [3.386809, 6.514458], [3.386819, 6.514444], [3.386832, 6.514434], [3.386843, 6.514422], [3.386857, 6.514408], [3.386855, 6.514399], [3.386862, 6.514392], [3.386875, 6.514385], [3.386882, 6.514377], [3.38689, 6.514366], [3.386901, 6.514357], [3.386908, 6.514347], [3.386912, 6.514344], [3.386923, 6.514334], [3.386935, 6.514321], [3.386947, 6.514317], [3.386958, 6.514305], [3.386966, 6.514294], [3.386981, 6.514291], [3.386992, 6.514281], [3.387003, 6.514272], [3.387013, 6.514264], [3.387021, 6.51425], [3.387026, 6.51424], [3.387035, 6.514234], [3.387045, 6.514225], [3.387053, 6.514218], [3.387061, 6.514211], [3.387072, 6.514206], [3.387084, 6.514195], [3.387091, 6.514191], [3.387098, 6.514181], [3.387105, 6.514175], [3.387111, 6.51417], [3.387118, 6.514162], [3.387127, 6.514155], [3.387134, 6.514154], [3.387137, 6.514154], [3.387142, 6.514154], [3.387139, 6.514154], [3.38714, 6.514151], [3.387142, 6.514151], [3.387141, 6.514152], [3.387141, 6.51415], [3.387143, 6.514142], [3.387152, 6.514134], [3.387172, 6.514126], [3.38718, 6.514121], [3.38718, 6.514114], [3.387184, 6.514109], [3.387191, 6.5141], [3.387203, 6.514086], [3.387207, 6.514075], [3.387212, 6.514068], [3.387226, 6.514064], [3.387239, 6.514053], [3.387248, 6.514046], [3.387255, 6.514038], [3.387264, 6.514027], [3.387274, 6.514017], [3.387284, 6.51401], [3.387295, 6.514002], [3.387304, 6.513993], [3.387319, 6.513975], [3.387327, 6.513968], [3.387342, 6.513952], [3.387379, 6.513919], [3.387398, 6.5139], [3.38741, 6.513879], [3.387417, 6.513862], [3.387441, 6.513842], [3.387451, 6.513823], [3.387473, 6.513808], [3.387515, 6.513762], [3.387531, 6.513736], [3.387553, 6.513727], [3.38757, 6.51371], [3.387591, 6.513693], [3.387646, 6.513668], [3.387655, 6.513652], [3.387679, 6.513637], [3.387699, 6.513622], [3.387705, 6.513614], [3.387702, 6.513601], [3.387719, 6.513597], [3.387732, 6.513591], [3.387746, 6.513579], [3.387754, 6.513567], [3.387764, 6.513557], [3.387778, 6.513545], [3.387797, 6.513534], [3.387815, 6.513525], [3.387835, 6.513516], [3.387857, 6.513511], [3.387882, 6.513515], [3.387902, 6.513519], [3.387909, 6.513527], [3.387926, 6.513533], [3.387945, 6.51354], [3.387965, 6.513544], [3.387979, 6.513549], [3.387994, 6.513557], [3.388009, 6.513562], [3.38802, 6.513566], [3.388037, 6.513572], [3.388048, 6.513568], [3.388059, 6.513567], [3.388066, 6.513565], [3.388084, 6.513566], [3.388095, 6.51356], [3.388097, 6.513554], [3.38811, 6.513548], [3.388132, 6.513549], [3.388143, 6.513546], [3.388153, 6.513542], [3.388165, 6.513535], [3.388175, 6.51353], [3.388187, 6.513533], [3.388203, 6.513534], [3.388214, 6.51353], [3.388226, 6.513522], [3.38824, 6.513515], [3.388251, 6.513511], [3.388263, 6.513504], [3.388273, 6.513495], [3.388286, 6.513489], [3.388301, 6.513483], [3.388312, 6.513477], [3.388321, 6.513468], [3.388336, 6.513457], [3.388346, 6.513452], [3.388353, 6.51344], [3.388361, 6.513432], [3.388371, 6.513423], [3.388384, 6.513415], [3.388385, 6.513406], [3.388389, 6.513391], [3.3884, 6.513386], [3.388425, 6.513379], [3.388439, 6.513375], [3.388452, 6.513365], [3.388469, 6.513348], [3.388488, 6.513346], [3.388525, 6.513316], [3.388547, 6.513306], [3.388562, 6.513301], [3.388576, 6.5133], [3.388588, 6.513282], [3.388597, 6.513269], [3.388606, 6.513262], [3.388621, 6.513258], [3.388637, 6.513256], [3.388647, 6.513249], [3.388661, 6.513245], [3.388675, 6.513245], [3.388696, 6.513235], [3.38872, 6.513228], [3.388729, 6.51322], [3.388737, 6.513215], [3.388749, 6.513206], [3.388761, 6.513198], [3.388771, 6.513188], [3.388784, 6.51318], [3.388794, 6.513174], [3.388805, 6.513166], [3.388815, 6.51316], [3.388827, 6.513152], [3.388838, 6.513147], [3.388847, 6.513147], [3.388847, 6.513151], [3.388843, 6.51315], [3.388845, 6.513148], [3.388845, 6.513148], [3.38885, 6.513147], [3.388859, 6.513153], [3.388866, 6.513147], [3.388877, 6.513141], [3.388886, 6.513134], [3.388896, 6.513128], [3.388904, 6.513122], [3.38891, 6.513118], [3.388925, 6.513113], [3.388937, 6.513105], [3.388951, 6.513101], [3.388956, 6.513087], [3.388964, 6.513083], [3.38898, 6.51308], [3.388995, 6.513076], [3.389005, 6.513073], [3.389014, 6.51307], [3.389023, 6.513064], [3.389033, 6.513061], [3.389042, 6.513056], [3.38905, 6.513052], [3.38906, 6.513046], [3.389069, 6.513041], [3.389077, 6.513038], [3.389087, 6.513032], [3.389099, 6.513028], [3.38911, 6.513024], [3.389117, 6.513017], [3.389124, 6.51301], [3.389138, 6.513006], [3.389147, 6.513001], [3.389156, 6.512995], [3.389165, 6.512987], [3.389174, 6.512979], [3.389182, 6.512973], [3.389193, 6.51297], [3.389205, 6.512969], [3.389216, 6.512964], [3.389228, 6.512959], [3.389236, 6.512956], [3.389254, 6.512945], [3.389267, 6.512939], [3.389286, 6.512932], [3.389306, 6.512917], [3.389316, 6.512912], [3.389346, 6.5129], [3.389353, 6.512898], [3.389373, 6.512894], [3.389389, 6.51288], [3.389408, 6.512872], [3.38943, 6.512854], [3.389443, 6.512854], [3.389461, 6.512839], [3.389479, 6.512829], [3.389498, 6.512823], [3.389514, 6.512816], [3.38953, 6.512807], [3.389544, 6.512799], [3.389571, 6.512792], [3.389595, 6.512786], [3.389623, 6.512781], [3.389643, 6.512777], [3.38966, 6.51277], [3.389688, 6.512765], [3.389706, 6.512763], [3.38973, 6.512752], [3.38975, 6.512746], [3.389774, 6.51275], [3.389794, 6.512746], [3.389805, 6.512745], [3.389825, 6.512741], [3.389846, 6.512724], [3.389877, 6.512712], [3.389898, 6.512701], [3.389921, 6.512712], [3.389939, 6.512705], [3.389951, 6.512694], [3.38998, 6.512689], [3.390001, 6.512686], [3.390024, 6.512684], [3.390043, 6.512679], [3.39007, 6.512678], [3.390097, 6.512688], [3.390107, 6.512684], [3.390107, 6.512684], [3.390107, 6.512684], [3.390107, 6.512684], [3.390107, 6.512684], [3.390229, 6.512673], [3.39026, 6.512672], [3.390279, 6.512678], [3.390298, 6.512677], [3.390307, 6.512674], [3.390326, 6.512676], [3.390351, 6.51268], [3.390374, 6.512676], [3.390396, 6.512678], [3.390417, 6.512681], [3.390435, 6.512678], [3.390452, 6.51267], [3.390475, 6.512674], [3.390494, 6.51268], [3.390514, 6.512673], [3.39053, 6.51268], [3.39054, 6.51269], [3.390546, 6.512701], [3.390558, 6.5127], [3.39057, 6.512703], [3.390586, 6.512698], [3.390601, 6.512696], [3.390612, 6.512696], [3.390629, 6.512693], [3.390643, 6.512697], [3.390659, 6.512693], [3.390674, 6.512702], [3.39069, 6.512704], [3.390703, 6.512705], [3.390718, 6.512707], [3.390732, 6.512712], [3.390745, 6.512717], [3.390757, 6.512715], [3.390771, 6.512716], [3.390784, 6.512714], [3.390799, 6.512717], [3.390807, 6.512721], [3.390817, 6.512727], [3.390828, 6.512731], [3.390838, 6.512736], [3.390849, 6.512739], [3.390861, 6.512743], [3.390872, 6.51275], [3.390883, 6.512756], [3.390897, 6.512758], [3.390911, 6.512759], [3.390924, 6.51276], [3.390934, 6.512764], [3.390934, 6.512762], [3.390945, 6.512765], [3.390961, 6.512769], [3.390973, 6.512775], [3.390983, 6.512781], [3.390997, 6.512785], [3.391012, 6.512786], [3.391028, 6.512787], [3.391044, 6.512787], [3.391059, 6.512793], [3.391076, 6.512799], [3.391093, 6.512802], [3.391112, 6.512804], [3.391133, 6.512812], [3.391153, 6.512816], [3.391173, 6.512821], [3.391192, 6.512827], [3.391211, 6.512832], [3.39123, 6.512832], [3.391247, 6.512835], [3.391264, 6.512839], [3.391278, 6.512843], [3.391292, 6.512845], [3.391301, 6.512849], [3.391317, 6.512861], [3.391325, 6.512862], [3.391344, 6.512865], [3.391364, 6.512867], [3.391382, 6.512867], [3.391397, 6.512871], [3.391413, 6.512869], [3.391428, 6.512872], [3.391442, 6.512874], [3.391459, 6.512876], [3.391473, 6.512881], [3.391485, 6.512887], [3.391497, 6.512889], [3.39151, 6.512893], [3.391522, 6.512895], [3.391536, 6.512898], [3.39155, 6.512901], [3.391564, 6.5129], [3.391577, 6.512905], [3.39159, 6.512911], [3.391603, 6.512918], [3.391619, 6.512918], [3.391629, 6.512921], [3.391638, 6.512919], [3.391652, 6.512923], [3.391665, 6.512924], [3.391676, 6.512922], [3.391695, 6.512926], [3.39171, 6.512928], [3.391722, 6.512932], [3.391739, 6.51293], [3.391749, 6.512934], [3.391759, 6.512935], [3.39177, 6.512934], [3.391785, 6.51294], [3.391799, 6.512942], [3.39181, 6.512946], [3.391822, 6.512948], [3.391833, 6.512954], [3.391849, 6.512957], [3.391862, 6.51296], [3.391874, 6.512963], [3.391886, 6.512966], [3.3919, 6.512967], [3.391907, 6.51297], [3.39192, 6.512973], [3.391933, 6.512977], [3.391945, 6.512977], [3.391959, 6.512977], [3.391971, 6.512981], [3.391982, 6.512986], [3.391991, 6.512993], [3.392, 6.513], [3.39201, 6.513002], [3.392019, 6.513003], [3.392032, 6.513004], [3.392045, 6.513013], [3.39206, 6.513017], [3.392071, 6.513019], [3.392084, 6.513021], [3.392098, 6.513022], [3.392106, 6.513024], [3.39212, 6.513026], [3.392133, 6.51303], [3.392148, 6.513034], [3.392164, 6.513038], [3.392174, 6.513038], [3.392181, 6.513043], [3.392193, 6.513049], [3.392206, 6.513054], [3.392216, 6.513054], [3.392228, 6.513056], [3.392238, 6.51306], [3.392251, 6.513065], [3.392262, 6.513064], [3.392275, 6.513068], [3.392286, 6.513068], [3.392298, 6.513072], [3.392305, 6.513072], [3.39232, 6.513075], [3.392331, 6.513077], [3.392341, 6.513076], [3.39235, 6.513077], [3.392359, 6.513076], [3.392367, 6.513075], [3.392378, 6.513078], [3.392387, 6.513081], [3.392399, 6.513086], [3.392408, 6.51309], [3.39242, 6.513095], [3.39243, 6.513101], [3.392441, 6.513106], [3.392453, 6.51311], [3.392468, 6.513113], [3.392481, 6.513116], [3.392498, 6.51312], [3.392519, 6.513126], [3.392533, 6.513128], [3.39255, 6.513135], [3.392569, 6.513134], [3.392584, 6.51314], [3.392607, 6.513146], [3.392619, 6.513144], [3.392645, 6.513149], [3.392655, 6.513152], [3.392672, 6.513158], [3.392691, 6.513163], [3.392706, 6.513165], [3.392726, 6.51317], [3.392746, 6.513171], [3.392762, 6.513174], [3.392787, 6.513178], [3.392798, 6.513179], [3.392816, 6.513179], [3.392835, 6.513184], [3.392854, 6.513192], [3.392878, 6.513193], [3.392891, 6.513196], [3.39292, 6.513209], [3.392933, 6.513214], [3.392951, 6.513217], [3.392973, 6.513225], [3.39299, 6.513227], [3.393011, 6.513228], [3.393028, 6.513233], [3.393046, 6.513237], [3.393069, 6.51324], [3.393083, 6.51324], [3.393101, 6.513245], [3.393117, 6.51325], [3.393133, 6.513252], [3.393153, 6.513255], [3.393171, 6.513257], [3.393188, 6.51326], [3.393207, 6.513259], [3.393236, 6.513251], [3.393256, 6.513242], [3.393269, 6.513241], [3.39329, 6.513247], [3.393313, 6.513252], [3.393329, 6.513255], [3.393348, 6.513259], [3.393366, 6.513268], [3.393389, 6.513267], [3.393409, 6.513271], [3.393429, 6.51328], [3.39345, 6.51328], [3.393469, 6.513287], [3.39349, 6.513294], [3.393513, 6.513296], [3.393539, 6.513299], [3.39356, 6.513306], [3.393585, 6.513311], [3.393607, 6.513317], [3.393632, 6.513325], [3.393654, 6.513332], [3.393675, 6.513338], [3.393695, 6.513342], [3.393717, 6.513351], [3.393739, 6.513353], [3.393761, 6.513353], [3.393783, 6.513357], [3.393807, 6.513358], [3.393826, 6.513361], [3.393846, 6.513366], [3.393866, 6.513375], [3.393887, 6.513376], [3.393909, 6.513381], [3.393927, 6.513388], [3.39395, 6.51339], [3.393974, 6.513394], [3.393995, 6.5134], [3.394018, 6.513406], [3.39404, 6.513411], [3.39404, 6.513411], [3.39404, 6.513411], [3.39404, 6.513411], [3.39404, 6.513411], [3.39404, 6.513411], [3.39404, 6.513411], [3.39404, 6.513411], [3.39404, 6.513411], [3.39404, 6.513411], [3.39404, 6.513411], [3.39404, 6.513411], [3.39404, 6.513411], [3.39404, 6.513411], [3.39404, 6.513411], [3.39404, 6.513411], [3.39404, 6.513411], [3.39404, 6.513411], [3.39404, 6.513411], [3.39404, 6.513411], [3.39404, 6.513411], [3.39404, 6.513411], [3.39404, 6.513411], [3.39404, 6.513411], [3.39404, 6.513411], [3.39404, 6.513411], [3.39404, 6.513411], [3.39404, 6.513411], [3.39404, 6.513411], [3.39404, 6.513411], [3.39404, 6.513411], [3.39404, 6.513411], [3.39404, 6.513411], [3.39404, 6.513411], [3.39404, 6.513411], [3.394721, 6.513563], [3.394729, 6.513567], [3.394739, 6.513569], [3.394751, 6.513572], [3.394763, 6.513573], [3.394791, 6.513581], [3.394803, 6.513585], [3.394815, 6.513588], [3.394828, 6.513595], [3.394834, 6.513594], [3.394844, 6.513594], [3.394857, 6.5136], [3.394869, 6.513603], [3.394881, 6.513606], [3.394891, 6.513609], [3.394903, 6.513613], [3.394911, 6.513617], [3.394924, 6.513621], [3.394935, 6.513623], [3.394945, 6.513624], [3.394954, 6.513627], [3.394966, 6.513632], [3.394976, 6.51364], [3.394989, 6.513644], [3.395002, 6.513642], [3.395014, 6.513643], [3.395026, 6.513645], [3.395036, 6.513648], [3.395049, 6.513654], [3.395059, 6.513659], [3.395068, 6.513664], [3.39508, 6.513668], [3.395094, 6.513675], [3.395105, 6.513679], [3.395118, 6.513682], [3.395127, 6.513682], [3.395142, 6.513686], [3.395153, 6.513687], [3.395167, 6.513691], [3.395182, 6.513697], [3.395195, 6.513702], [3.395208, 6.513703], [3.395226, 6.513705], [3.395238, 6.513705], [3.395246, 6.513712], [3.395267, 6.513713], [3.395278, 6.513712], [3.395291, 6.51371], [3.39531, 6.513713], [3.395323, 6.513718], [3.395337, 6.513718], [3.395353, 6.513717], [3.395378, 6.513719], [3.395384, 6.513721], [3.395394, 6.513724], [3.395406, 6.513725], [3.395416, 6.513726], [3.395428, 6.513728], [3.395438, 6.513728], [3.395442, 6.513724], [3.395437, 6.513725], [3.395438, 6.513726], [3.395444, 6.513725], [3.395443, 6.513724], [3.395442, 6.513725], [3.395441, 6.513723], [3.395444, 6.513722], [3.395459, 6.51373], [3.395475, 6.513733], [3.395492, 6.513737], [3.395507, 6.513738], [3.395521, 6.51374], [3.395535, 6.513742], [3.395552, 6.513745], [3.395567, 6.513745], [3.395583, 6.513746], [3.395598, 6.513748], [3.395608, 6.513753], [3.395624, 6.51376], [3.395636, 6.51376], [3.395655, 6.513761], [3.395669, 6.513761], [3.395685, 6.513762], [3.395704, 6.513764], [3.395724, 6.513762], [3.395738, 6.513765], [3.395759, 6.513765], [3.395779, 6.513763], [3.395798, 6.513765], [3.395815, 6.513764], [3.395833, 6.513761], [3.395861, 6.513765], [3.395878, 6.51376], [3.39589, 6.513761], [3.395905, 6.51376], [3.395923, 6.51376], [3.395942, 6.513759], [3.395954, 6.51375], [3.395976, 6.513752], [3.395988, 6.513751], [3.396005, 6.513751], [3.396017, 6.51375], [3.396031, 6.513756], [3.396056, 6.513749], [3.396059, 6.513752], [3.396073, 6.513757], [3.396089, 6.513759], [3.3961, 6.513757], [3.396115, 6.513762], [3.396127, 6.513757], [3.396139, 6.513758], [3.396153, 6.513759], [3.396171, 6.51376], [3.396183, 6.513755], [3.396197, 6.513753], [3.396211, 6.513753], [3.396224, 6.513754], [3.396238, 6.513756], [3.396252, 6.513757], [3.396265, 6.513759], [3.396278, 6.51376], [3.396291, 6.51376], [3.396304, 6.513757], [3.396319, 6.513758], [3.396329, 6.513755], [3.396334, 6.513754], [3.396356, 6.51376], [3.39637, 6.513763], [3.396381, 6.513764], [3.396399, 6.513762], [3.396408, 6.513762], [3.396413, 6.51376], [3.396429, 6.513756], [3.396441, 6.513756], [3.396453, 6.513759], [3.39646, 6.513757], [3.396478, 6.513755], [3.396489, 6.513755], [3.396504, 6.513757], [3.396516, 6.513758], [3.396529, 6.513756], [3.396541, 6.513759], [3.396555, 6.513757], [3.396567, 6.513754], [3.396577, 6.513752], [3.396588, 6.513751], [3.396599, 6.51375], [3.396612, 6.513747], [3.396625, 6.51375], [3.396638, 6.513751], [3.39665, 6.513751], [3.396664, 6.513754], [3.396673, 6.513753], [3.396687, 6.513752], [3.396701, 6.513754], [3.396715, 6.513758], [3.396726, 6.513761], [3.396739, 6.513761], [3.396752, 6.513762], [3.396761, 6.513764], [3.396771, 6.51377], [3.396783, 6.513774], [3.396795, 6.513779], [3.396805, 6.513785], [3.396816, 6.513789], [3.396829, 6.513793], [3.396838, 6.513797], [3.396842, 6.513794], [3.396854, 6.513793], [3.396864, 6.513794], [3.396873, 6.513791], [3.396882, 6.513792], [3.396895, 6.513792], [3.396907, 6.51379], [3.396917, 6.513792], [3.396926, 6.513793], [3.396938, 6.513795], [3.39695, 6.513792], [3.396962, 6.513789], [3.396976, 6.513788], [3.396986, 6.513788], [3.396997, 6.51379], [3.39701, 6.513788], [3.397021, 6.513787], [3.397035, 6.513787], [3.397048, 6.513788], [3.397063, 6.513787], [3.397083, 6.513781], [3.397096, 6.513784], [3.397112, 6.51378], [3.397134, 6.513788], [3.397153, 6.513784], [3.397176, 6.513786], [3.397197, 6.513785], [3.397214, 6.513785], [3.397231, 6.513795], [3.397251, 6.51381], [3.397261, 6.513818], [3.39728, 6.513828], [3.397291, 6.513842], [3.397308, 6.513856], [3.397315, 6.513874], [3.397324, 6.513892], [3.397331, 6.513912], [3.397341, 6.513924], [3.397353, 6.513946], [3.397353, 6.513965], [3.397358, 6.513982], [3.397363, 6.513998], [3.397366, 6.514013], [3.397372, 6.514027], [3.397376, 6.51405], [3.397378, 6.514062], [3.397377, 6.514078], [3.397379, 6.514089], [3.397376, 6.514104], [3.397378, 6.514118], [3.397382, 6.514131], [3.397386, 6.514142], [3.39739, 6.514155], [3.397392, 6.514167], [3.397397, 6.514177], [3.397401, 6.514187], [3.397406, 6.514198], [3.397411, 6.514208], [3.397415, 6.514218], [3.397417, 6.51423], [3.397419, 6.514244], [3.397422, 6.514254], [3.397421, 6.514271], [3.397426, 6.514281], [3.397429, 6.514292], [3.397433, 6.514305], [3.397437, 6.514317], [3.397439, 6.514326], [3.39744, 6.51434], [3.397441, 6.514353], [3.397444, 6.514363], [3.397446, 6.514375], [3.397445, 6.514384], [3.397446, 6.514395], [3.397448, 6.514408], [3.397452, 6.514417], [3.397457, 6.514426], [3.397458, 6.514435], [3.397461, 6.514445], [3.397465, 6.514454], [3.397467, 6.51447], [3.397472, 6.514482], [3.397478, 6.514493], [3.397481, 6.514501], [3.397486, 6.514511], [3.397488, 6.514522], [3.397488, 6.514533], [3.397487, 6.514542], [3.397488, 6.514553], [3.397488, 6.514563], [3.397492, 6.514571], [3.397494, 6.51458], [3.397497, 6.51459], [3.397497, 6.514603], [3.3975, 6.51461], [3.397501, 6.514623], [3.397502, 6.514631], [3.397505, 6.514645], [3.397508, 6.514658], [3.397512, 6.514667], [3.397512, 6.514673], [3.397511, 6.514686], [3.397511, 6.514696], [3.397516, 6.514706], [3.397518, 6.514716], [3.397521, 6.514722], [3.397522, 6.514728], [3.397522, 6.514741], [3.397521, 6.514752], [3.397523, 6.514759], [3.397525, 6.514769], [3.39753, 6.514782], [3.397533, 6.514792], [3.397533, 6.514802], [3.397535, 6.514813], [3.397535, 6.514826], [3.397537, 6.514832], [3.397539, 6.514844], [3.397544, 6.514855], [3.397547, 6.514862], [3.397553, 6.514874], [3.397554, 6.514883], [3.397554, 6.51489], [3.397558, 6.514892], [3.397561, 6.514896], [3.397563, 6.514897], [3.397573, 6.514901], [3.397582, 6.5149], [3.397591, 6.514905], [3.3976, 6.514912], [3.397604, 6.514919], [3.397609, 6.514928], [3.397608, 6.514934], [3.39761, 6.514936], [3.397617, 6.514943], [3.397622, 6.514948], [3.397625, 6.514954], [3.397626, 6.51496], [3.397624, 6.51496], [3.397624, 6.51496], [3.397625, 6.514967], [3.397626, 6.514979], [3.39763, 6.514989], [3.397632, 6.514997], [3.397634, 6.515004], [3.397636, 6.51501], [3.397638, 6.515019], [3.397641, 6.51503], [3.397644, 6.515037], [3.397644, 6.515043], [3.397643, 6.515047], [3.397643, 6.515053], [3.397646, 6.515062], [3.397644, 6.51507], [3.397645, 6.515079], [3.397647, 6.515085], [3.397649, 6.515092], [3.397651, 6.515098], [3.397648, 6.515105], [3.397646, 6.515116], [3.397644, 6.515124], [3.397646, 6.515133], [3.397645, 6.515145], [3.397649, 6.515153], [3.397654, 6.515162], [3.397659, 6.515169], [3.397661, 6.515175], [3.397664, 6.515186], [3.397663, 6.515195], [3.397663, 6.515216], [3.397664, 6.515231], [3.397671, 6.515251], [3.397675, 6.515264], [3.397686, 6.515287], [3.397676, 6.515301], [3.397667, 6.515332], [3.397667, 6.515341], [3.397671, 6.515363], [3.397667, 6.515376], [3.397675, 6.515399], [3.397671, 6.515415], [3.39767, 6.515442], [3.397666, 6.51546], [3.397658, 6.515482], [3.397661, 6.515502], [3.397665, 6.515527], [3.397664, 6.515539], [3.397657, 6.515562], [3.397658, 6.515593], [3.397657, 6.515607], [3.397652, 6.515625], [3.397647, 6.515644], [3.397634, 6.515659], [3.397629, 6.515679], [3.397619, 6.5157], [3.397615, 6.515724], [3.397605, 6.515743], [3.397599, 6.515762], [3.397598, 6.515782], [3.397591, 6.515802], [3.397576, 6.515824], [3.397562, 6.515843], [3.39756, 6.515862], [3.397557, 6.515879], [3.397547, 6.515899], [3.397536, 6.51592], [3.397529, 6.515944], [3.397517, 6.515953], [3.397512, 6.515972], [3.397506, 6.515981], [3.397497, 6.516004], [3.397487, 6.516024], [3.397482, 6.516048], [3.397483, 6.516065], [3.397476, 6.516081], [3.397472, 6.516102], [3.397464, 6.516121], [3.397461, 6.516138], [3.397458, 6.516161], [3.397445, 6.51618], [3.397439, 6.516203], [3.397431, 6.516221], [3.397428, 6.516239], [3.397418, 6.516258], [3.397407, 6.516273], [3.397402, 6.516296], [3.3974, 6.516313], [3.397384, 6.516332], [3.397371, 6.516352], [3.397374, 6.516365], [3.397373, 6.516388], [3.397364, 6.516407], [3.39736, 6.516428], [3.397353, 6.516452], [3.397348, 6.516465], [3.397339, 6.516479], [3.397335, 6.516486], [3.397335, 6.516507], [3.397326, 6.516525], [3.397316, 6.516534], [3.397313, 6.516547], [3.397308, 6.516559], [3.397307, 6.516571], [3.397307, 6.516582], [3.397303, 6.516589], [3.397292, 6.516598], [3.397299, 6.516597], [3.397295, 6.516598], [3.397293, 6.516604], [3.397284, 6.516615], [3.397279, 6.516624], [3.397274, 6.516633], [3.397273, 6.516635], [3.397261, 6.516649], [3.397259, 6.516655], [3.397255, 6.516675], [3.397261, 6.51669], [3.397255, 6.516718], [3.39725, 6.516739], [3.397247, 6.516754], [3.397246, 6.516762], [3.397246, 6.516772], [3.397243, 6.516779], [3.397239, 6.516789], [3.39724, 6.516795], [3.39724, 6.516795], [3.397242, 6.516798], [3.397245, 6.516796], [3.397247, 6.516798], [3.397249, 6.516795], [3.397253, 6.516799], [3.397255, 6.516801], [3.397257, 6.516809], [3.397254, 6.516815], [3.397254, 6.516818], [3.397252, 6.516821], [3.397253, 6.516823], [3.397252, 6.516826], [3.397252, 6.516829], [3.397251, 6.516829], [3.39725, 6.516828], [3.397249, 6.516827], [3.397249, 6.516823], [3.39725, 6.51682], [3.397252, 6.516818], [3.397252, 6.516815], [3.397252, 6.516816], [3.397252, 6.516816], [3.397251, 6.516817], [3.397253, 6.516829], [3.397253, 6.516848], [3.397253, 6.516867], [3.397251, 6.516891], [3.397246, 6.51691], [3.397243, 6.516927], [3.397245, 6.51694], [3.397252, 6.516941], [3.397243, 6.516968], [3.397238, 6.516984], [3.397232, 6.517004], [3.397228, 6.517021], [3.397225, 6.51704], [3.397223, 6.517055], [3.397222, 6.517074], [3.397222, 6.517091], [3.397223, 6.517106], [3.39722, 6.517118], [3.397219, 6.51714], [3.397219, 6.517152], [3.397219, 6.517167], [3.397219, 6.517186], [3.397223, 6.517199], [3.397226, 6.517217], [3.397225, 6.517233], [3.397225, 6.517248], [3.397231, 6.517268], [3.397231, 6.51728], [3.397229, 6.517296], [3.397229, 6.517312], [3.397225, 6.517326], [3.397225, 6.517347], [3.397223, 6.517363], [3.397221, 6.51739], [3.397223, 6.517407], [3.397217, 6.517425], [3.397213, 6.517448], [3.397213, 6.517448], [3.397213, 6.517448], [3.397216, 6.517523], [3.39722, 6.517543], [3.397216, 6.517556], [3.397219, 6.517566], [3.397219, 6.51758], [3.397217, 6.517594], [3.397216, 6.51761], [3.397216, 6.517626], [3.397223, 6.517637], [3.397224, 6.517652], [3.397223, 6.517665], [3.397224, 6.517676], [3.397228, 6.51769], [3.397228, 6.517721], [3.397233, 6.517734], [3.397237, 6.517749], [3.397247, 6.517761], [3.397247, 6.517773], [3.397244, 6.51779], [3.39724, 6.517798], [3.397243, 6.517808], [3.397245, 6.517818], [3.39725, 6.517827], [3.397252, 6.517837], [3.397251, 6.517847], [3.397252, 6.517854], [3.397252, 6.517869], [3.397252, 6.517882], [3.397252, 6.517893], [3.397252, 6.517902], [3.397251, 6.517913], [3.397252, 6.517922], [3.397254, 6.517934], [3.397251, 6.517944], [3.39725, 6.517954], [3.39725, 6.517965], [3.397249, 6.517979], [3.397248, 6.517988], [3.397245, 6.518], [3.397244, 6.518005], [3.397243, 6.51801], [3.397243, 6.518021], [3.397246, 6.51803], [3.397245, 6.518037], [3.397246, 6.518055], [3.397244, 6.518067], [3.397241, 6.518082], [3.397236, 6.518096], [3.397233, 6.518109], [3.397229, 6.518128], [3.397226, 6.518141], [3.397221, 6.518153], [3.397208, 6.518167], [3.397205, 6.518179], [3.397197, 6.51819], [3.397186, 6.518202], [3.397176, 6.518213], [3.397176, 6.518225], [3.397173, 6.51824], [3.39717, 6.51825], [3.397166, 6.518267], [3.397163, 6.518275], [3.397156, 6.518285], [3.397151, 6.518293], [3.397147, 6.518304], [3.397144, 6.518319], [3.397144, 6.518336], [3.397141, 6.518349], [3.397139, 6.518361], [3.397133, 6.51837], [3.397132, 6.518368], [3.397124, 6.518386], [3.39712, 6.518395], [3.397116, 6.518409], [3.397116, 6.518417], [3.397113, 6.518423], [3.397106, 6.518439], [3.397106, 6.518445], [3.397103, 6.518457], [3.3971, 6.518473], [3.397095, 6.518485], [3.397088, 6.518498], [3.39708, 6.518508], [3.39707, 6.518517], [3.397066, 6.518534], [3.397064, 6.518544], [3.397056, 6.518559], [3.397047, 6.518577], [3.397041, 6.518591], [3.397041, 6.518604], [3.397037, 6.518618], [3.397031, 6.518631], [3.397022, 6.518644], [3.397014, 6.518651], [3.397006, 6.518663], [3.397004, 6.51867], [3.397002, 6.518675], [3.396994, 6.518686], [3.396993, 6.518694], [3.396985, 6.518703], [3.39698, 6.51871], [3.396977, 6.518719], [3.396975, 6.518729], [3.396968, 6.51874], [3.396961, 6.518749], [3.396959, 6.518754], [3.396955, 6.518763], [3.396946, 6.518777], [3.396938, 6.518786], [3.396928, 6.518798], [3.396921, 6.518806], [3.396911, 6.518812], [3.396902, 6.518818], [3.396891, 6.518824], [3.396885, 6.518825], [3.396877, 6.518827], [3.396867, 6.518829], [3.396856, 6.518829], [3.396843, 6.518823], [3.396834, 6.51882], [3.396824, 6.518815], [3.396812, 6.518815], [3.396797, 6.518811], [3.39679, 6.518804], [3.396777, 6.518795], [3.396769, 6.518792], [3.396756, 6.518785], [3.396746, 6.51878], [3.396735, 6.51877], [3.396725, 6.518765], [3.396717, 6.518763], [3.396704, 6.518758], [3.396692, 6.518754], [3.396679, 6.518752], [3.396666, 6.518752], [3.396648, 6.518746], [3.396646, 6.518738], [3.39664, 6.518735], [3.396646, 6.518718], [3.396632, 6.51872], [3.396626, 6.518718], [3.396609, 6.518706], [3.396596, 6.518705], [3.396586, 6.518699], [3.396572, 6.518686], [3.396559, 6.518682], [3.396548, 6.51868], [3.396541, 6.518678], [3.396531, 6.518678], [3.396522, 6.518674], [3.396508, 6.518668], [3.396498, 6.518664], [3.396489, 6.518655], [3.396491, 6.518649], [3.396473, 6.518645], [3.396457, 6.518643], [3.396442, 6.518637], [3.396429, 6.518631], [3.396422, 6.518625], [3.39641, 6.51862], [3.396406, 6.518614], [3.396391, 6.518608], [3.396377, 6.518605], [3.396366, 6.518602], [3.39636, 6.5186], [3.396347, 6.518594], [3.396329, 6.518591], [3.396319, 6.51859], [3.396311, 6.518587], [3.396298, 6.518585], [3.39629, 6.518579], [3.396278, 6.518576], [3.396266, 6.518572], [3.396254, 6.518568], [3.396242, 6.518564], [3.396233, 6.51856], [3.396223, 6.518559], [3.396209, 6.518555], [3.396197, 6.518553], [3.396186, 6.518557], [3.396173, 6.518549], [3.396166, 6.518545], [3.39615, 6.518543], [3.396135, 6.51854], [3.396127, 6.51854], [3.396116, 6.518538], [3.396096, 6.518537], [3.396085, 6.518534], [3.396069, 6.518538], [3.39606, 6.518533], [3.396047, 6.51853], [3.396032, 6.518528], [3.396023, 6.518527], [3.396014, 6.518526], [3.396003, 6.51852], [3.395991, 6.518519], [3.395976, 6.518518], [3.395963, 6.518516], [3.395949, 6.518513], [3.395936, 6.518513], [3.395923, 6.518509], [3.395912, 6.518507], [3.395902, 6.518506], [3.39589, 6.518504], [3.39588, 6.5185], [3.395869, 6.518498], [3.395856, 6.518496], [3.395848, 6.518495], [3.395836, 6.518491], [3.395824, 6.518487], [3.395815, 6.518486], [3.395803, 6.518486], [3.39579, 6.518487], [3.395779, 6.518485], [3.395769, 6.518483], [3.39576, 6.518482], [3.395746, 6.518481], [3.395733, 6.518484], [3.395726, 6.518488], [3.395712, 6.518489], [3.395699, 6.518489], [3.39569, 6.518489], [3.395674, 6.518487], [3.395663, 6.518488], [3.395647, 6.518489], [3.395642, 6.518489], [3.395626, 6.518496], [3.395605, 6.518499], [3.395597, 6.51851], [3.39558, 6.518511], [3.39556, 6.51851], [3.395544, 6.518511], [3.39552, 6.518512], [3.395506, 6.518515], [3.395489, 6.518516], [3.395473, 6.518518], [3.395453, 6.518517], [3.395436, 6.518517], [3.395419, 6.518522], [3.395396, 6.51852], [3.395379, 6.518523], [3.395355, 6.518525], [3.395334, 6.518528], [3.395307, 6.518529], [3.395292, 6.51853], [3.395272, 6.518532], [3.395249, 6.518525], [3.395231, 6.518526], [3.395217, 6.518521], [3.395205, 6.518511], [3.395195, 6.5185], [3.395187, 6.518486], [3.395167, 6.518477], [3.395157, 6.518462], [3.395155, 6.518451], [3.395152, 6.518435], [3.395153, 6.51842], [3.395151, 6.518403], [3.395153, 6.518389], [3.395145, 6.518378], [3.395147, 6.518361], [3.395145, 6.518348], [3.395143, 6.518336], [3.39514, 6.518323], [3.395136, 6.51831], [3.395134, 6.518299], [3.39513, 6.518287], [3.395128, 6.518275], [3.395121, 6.518264], [3.39512, 6.518252], [3.395116, 6.518246], [3.395112, 6.518231], [3.395106, 6.518218], [3.395099, 6.518202], [3.395091, 6.518185], [3.395085, 6.51817], [3.395078, 6.518154], [3.395074, 6.518137], [3.395064, 6.518121], [3.395057, 6.518103], [3.395046, 6.518086], [3.395028, 6.518066], [3.395016, 6.518052], [3.395012, 6.51804], [3.394995, 6.518028], [3.394991, 6.518014], [3.394991, 6.517994], [3.394986, 6.517979], [3.394976, 6.517961], [3.39496, 6.517951], [3.39496, 6.51793], [3.394949, 6.517917], [3.394946, 6.517899], [3.394941, 6.517881], [3.394938, 6.517862], [3.39493, 6.517845], [3.394906, 6.517834], [3.394904, 6.517814], [3.394905, 6.517791], [3.394904, 6.517775], [3.394896, 6.517761], [3.394892, 6.517742], [3.394886, 6.517728], [3.394874, 6.517713], [3.394852, 6.517667], [3.394851, 6.51765], [3.394841, 6.517631], [3.394822, 6.517616], [3.394808, 6.5176], [3.394803, 6.51758], [3.394798, 6.51756], [3.394789, 6.517545], [3.394784, 6.517531], [3.394779, 6.517519], [3.39478, 6.517503], [3.394773, 6.517492], [3.394777, 6.517483], [3.394771, 6.517485], [3.39477, 6.517481], [3.394774, 6.517476], [3.394772, 6.517474], [3.394773, 6.517473], [3.394771, 6.517473], [3.394769, 6.517468], [3.394765, 6.517451], [3.394762, 6.517436], [3.394755, 6.517422], [3.394749, 6.517399], [3.394746, 6.517384], [3.394748, 6.517367], [3.394748, 6.517344], [3.394745, 6.517332], [3.394739, 6.517305], [3.394737, 6.517278], [3.394727, 6.517261], [3.394708, 6.517261], [3.394709, 6.51725], [3.394711, 6.517235], [3.394717, 6.517208], [3.394717, 6.517188], [3.394719, 6.51717], [3.394722, 6.517154], [3.394722, 6.517135], [3.394709, 6.517118], [3.394714, 6.517132], [3.394725, 6.517162], [3.394723, 6.517184], [3.394728, 6.517196], [3.394729, 6.517184], [3.39473, 6.517156], [3.39472, 6.517128], [3.394718, 6.5171], [3.394713, 6.517088], [3.394708, 6.51707], [3.394708, 6.51705], [3.394708, 6.517028], [3.394705, 6.517022], [3.394704, 6.516998], [3.394708, 6.516988], [3.394714, 6.516971], [3.394704, 6.516951], [3.394704, 6.516934], [3.394703, 6.51691], [3.394697, 6.5169], [3.39469, 6.516877], [3.394685, 6.516869], [3.394682, 6.516847], [3.394682, 6.516833], [3.394679, 6.516819], [3.39468, 6.516805], [3.394679, 6.516795], [3.394683, 6.516784], [3.394684, 6.516769], [3.394686, 6.516759], [3.394689, 6.516746], [3.394687, 6.51673], [3.394687, 6.516715], [3.394689, 6.51669], [3.394685, 6.516678], [3.394687, 6.516662], [3.394683, 6.516636], [3.394681, 6.516621], [3.394681, 6.516604], [3.394678, 6.516586], [3.394676, 6.516567], [3.394674, 6.516549], [3.394672, 6.516532], [3.394663, 6.516528], [3.394663, 6.516551], [3.394661, 6.516569], [3.394662, 6.516578], [3.394668, 6.516573], [3.394667, 6.516564], [3.394666, 6.516553], [3.394659, 6.516536], [3.39466, 6.516519], [3.394661, 6.516508], [3.394662, 6.5165], [3.394662, 6.516489], [3.39466, 6.516476], [3.394659, 6.516462], [3.394659, 6.51645], [3.394657, 6.516439], [3.394653, 6.516425], [3.394647, 6.516416], [3.39464, 6.516405], [3.394641, 6.516389], [3.394643, 6.516371], [3.394646, 6.516345], [3.394647, 6.516322], [3.394647, 6.516305], [3.394646, 6.516286], [3.394647, 6.516267], [3.394649, 6.516244], [3.394642, 6.516227], [3.394633, 6.516215], [3.394626, 6.5162], [3.394626, 6.516182], [3.394621, 6.516166], [3.39462, 6.516149], [3.394623, 6.516127], [3.394618, 6.516108], [3.394616, 6.516093], [3.394612, 6.516077], [3.394604, 6.516062], [3.394598, 6.516046], [3.394593, 6.516034], [3.394591, 6.516018], [3.394587, 6.516003], [3.394583, 6.515991], [3.394577, 6.515977], [3.394578, 6.515964], [3.394572, 6.515953], [3.394562, 6.515947], [3.394555, 6.515935], [3.394552, 6.51593], [3.394552, 6.515926], [3.394549, 6.515919], [3.394539, 6.515912], [3.394533, 6.515901], [3.394527, 6.515892], [3.394517, 6.515887], [3.394505, 6.515879], [3.394496, 6.51588], [3.394482, 6.515862], [3.394472, 6.51585], [3.394459, 6.515844], [3.394445, 6.51584], [3.394432, 6.515838], [3.394417, 6.515841], [3.394403, 6.515834], [3.394386, 6.515837], [3.394372, 6.515842], [3.394359, 6.515843], [3.394347, 6.515846], [3.394333, 6.515843], [3.394319, 6.515841], [3.394307, 6.515841], [3.394295, 6.515839], [3.394283, 6.515838], [3.39427, 6.515836], [3.394258, 6.515837], [3.394245, 6.515841], [3.394233, 6.515846], [3.394221, 6.515852], [3.394208, 6.515847], [3.394194, 6.515847], [3.394178, 6.515851], [3.394165, 6.515854], [3.39415, 6.515854], [3.394138, 6.515855], [3.394123, 6.515857], [3.394109, 6.515865], [3.394091, 6.515867], [3.394076, 6.515868], [3.39407, 6.515864], [3.394076, 6.515865], [3.394065, 6.515875], [3.394042, 6.515877], [3.394029, 6.515879], [3.394019, 6.515887], [3.394006, 6.515898], [3.393987, 6.515886], [3.393972, 6.515886], [3.393958, 6.515886], [3.393948, 6.515896], [3.393934, 6.515898], [3.393918, 6.515904], [3.393905, 6.515908], [3.393891, 6.515916], [3.393881, 6.515927], [3.393876, 6.515937], [3.393867, 6.515945], [3.393858, 6.515954], [3.393846, 6.51596], [3.393836, 6.515969], [3.393829, 6.515977], [3.393822, 6.515984], [3.393818, 6.515988], [3.393805, 6.516], [3.393797, 6.516014], [3.393788, 6.516029], [3.39378, 6.516046], [3.393764, 6.51605], [3.393755, 6.516061], [3.393749, 6.51608], [3.393755, 6.516096], [3.393752, 6.516106], [3.393747, 6.516118], [3.393737, 6.516126], [3.393736, 6.516142], [3.393735, 6.516143], [3.393731, 6.516158], [3.393729, 6.516176], [3.393734, 6.516195], [3.393736, 6.516212], [3.393738, 6.516229], [3.393739, 6.516232], [3.39374, 6.516247], [3.393744, 6.516257], [3.393745, 6.516268], [3.393746, 6.516284], [3.393744, 6.516296], [3.393751, 6.516309], [3.393761, 6.516328], [3.393765, 6.516339], [3.393778, 6.516361], [3.393784, 6.51637], [3.3938, 6.516388], [3.393809, 6.516399], [3.393818, 6.516413], [3.393828, 6.516424], [3.393845, 6.516444], [3.39386, 6.516462], [3.393872, 6.516468], [3.393878, 6.516474], [3.39389, 6.516489], [3.393904, 6.516508], [3.39392, 6.516523], [3.393935, 6.51654], [3.393947, 6.516554], [3.393959, 6.516564], [3.393965, 6.51658], [3.393977, 6.516595], [3.393984, 6.516603], [3.393998, 6.516607], [3.394004, 6.51662], [3.394017, 6.516633], [3.394036, 6.516646], [3.394044, 6.516659], [3.394056, 6.516669], [3.39407, 6.516679], [3.394079, 6.516692], [3.394089, 6.516705], [3.394098, 6.516717], [3.394109, 6.516726], [3.394117, 6.516733], [3.394127, 6.516742], [3.394133, 6.516751], [3.394142, 6.51676], [3.394145, 6.516769], [3.39415, 6.516771], [3.394157, 6.516775], [3.394167, 6.516785], [3.394178, 6.516794], [3.394187, 6.516803], [3.394195, 6.516812], [3.394202, 6.516821], [3.394208, 6.516829], [3.39421, 6.516832], [3.394222, 6.516846], [3.394232, 6.516858], [3.394241, 6.516868], [3.394248, 6.516877], [3.394249, 6.516875], [3.394263, 6.516885], [3.394269, 6.516893], [3.39428, 6.516901], [3.394286, 6.516908], [3.394296, 6.516918], [3.394307, 6.516924], [3.394315, 6.51694], [3.394325, 6.516953], [3.394332, 6.516968], [3.39434, 6.516981], [3.394348, 6.516992], [3.394356, 6.517004], [3.394365, 6.517016], [3.394372, 6.517027], [3.39438, 6.517038], [3.394393, 6.517043], [3.394402, 6.517046], [3.39441, 6.517048], [3.394422, 6.517048], [3.394433, 6.517046], [3.394446, 6.517043], [3.394462, 6.517042], [3.394478, 6.517043], [3.394491, 6.517041], [3.394503, 6.517035], [3.394517, 6.51704], [3.39453, 6.517034], [3.394543, 6.517033], [3.394556, 6.517028], [3.394565, 6.517021], [3.394575, 6.517017], [3.394587, 6.517013], [3.394596, 6.517009], [3.394606, 6.517002], [3.394616, 6.516995], [3.394628, 6.516989], [3.39464, 6.516985], [3.394647, 6.516985], [3.394658, 6.516973], [3.394666, 6.516966], [3.394671, 6.516953], [3.394675, 6.516941], [3.394681, 6.516932], [3.394688, 6.516921], [3.394695, 6.516908], [3.394696, 6.5169], [3.394693, 6.516885], [3.394685, 6.516876], [3.394682, 6.516863], [3.39468, 6.516854], [3.394682, 6.516856], [3.394678, 6.51683], [3.394679, 6.516822], [3.394673, 6.51681], [3.394665, 6.516796], [3.394672, 6.516786], [3.394672, 6.51677], [3.394669, 6.516755], [3.394667, 6.516751], [3.394664, 6.516731], [3.394659, 6.516718], [3.394657, 6.516712], [3.394652, 6.516699], [3.394653, 6.516685], [3.394652, 6.516677], [3.394653, 6.516663], [3.39465, 6.516654], [3.394648, 6.516647], [3.394645, 6.516643], [3.394643, 6.516631], [3.394644, 6.516617], [3.394641, 6.516607], [3.394649, 6.516596], [3.394664, 6.516586], [3.394666, 6.516574], [3.394666, 6.51656], [3.394662, 6.51655], [3.394657, 6.516538], [3.394652, 6.516524], [3.39465, 6.516512], [3.394648, 6.5165], [3.394648, 6.516486], [3.394647, 6.516473], [3.394645, 6.516464], [3.394641, 6.516454], [3.394639, 6.516443], [3.394638, 6.516434], [3.394635, 6.516426], [3.394634, 6.516416], [3.394634, 6.516407], [3.394634, 6.516396], [3.394634, 6.516385], [3.394637, 6.516377], [3.394636, 6.516369], [3.394636, 6.51636], [3.394637, 6.516347], [3.394636, 6.516339], [3.394639, 6.516335], [3.394643, 6.516337], [3.394643, 6.516337], [3.394642, 6.516326], [3.39464, 6.516309], [3.394642, 6.5163], [3.394645, 6.516289], [3.394647, 6.516282], [3.394648, 6.516275], [3.394646, 6.516263], [3.394643, 6.516253], [3.394641, 6.516245], [3.394641, 6.516234], [3.394639, 6.516224], [3.394638, 6.516215], [3.394636, 6.516204], [3.394636, 6.516195], [3.394633, 6.516187], [3.394632, 6.516178], [3.394628, 6.516169], [3.394626, 6.516163], [3.394624, 6.516154], [3.394623, 6.516142], [3.39462, 6.516135], [3.394619, 6.516126], [3.394618, 6.516117], [3.394617, 6.516119], [3.394612, 6.516117], [3.394613, 6.516129], [3.39462, 6.516136], [3.39462, 6.516135], [3.39463, 6.51614], [3.39463, 6.516138], [3.394627, 6.516136], [3.39462, 6.516125], [3.394617, 6.516112], [3.394619, 6.516101], [3.39462, 6.516093], [3.394617, 6.516084], [3.39461, 6.51608], [3.394606, 6.516069], [3.394606, 6.516061], [3.394606, 6.51605], [3.394602, 6.516044], [3.394603, 6.516035], [3.394601, 6.516022], [3.3946, 6.516014], [3.394598, 6.516006], [3.394594, 6.515996], [3.39459, 6.515986], [3.394588, 6.515979], [3.394593, 6.51597], [3.394589, 6.51596], [3.394584, 6.515959], [3.39458, 6.515953], [3.394577, 6.515953], [3.394575, 6.515955], [3.394579, 6.515956], [3.394576, 6.515958], [3.394575, 6.51596], [3.394576, 6.51596], [3.39457, 6.515953], [3.394563, 6.515941], [3.394557, 6.515932], [3.394547, 6.515923], [3.39454, 6.515914], [3.394532, 6.515908], [3.394527, 6.515899], [3.394508, 6.515881], [3.394497, 6.515874], [3.394485, 6.515871], [3.394466, 6.51587], [3.394436, 6.515859], [3.394416, 6.51587], [3.39439, 6.515874], [3.394369, 6.515882], [3.39435, 6.515876], [3.394322, 6.515886], [3.394293, 6.515888], [3.394274, 6.515886], [3.394255, 6.515896], [3.394237, 6.515903], [3.39422, 6.515895], [3.394207, 6.515892], [3.394191, 6.515888], [3.394179, 6.515893], [3.394167, 6.515894], [3.394157, 6.515892], [3.394145, 6.515892], [3.394134, 6.515893], [3.394114, 6.515896], [3.394097, 6.515895], [3.394087, 6.515895], [3.394073, 6.515899], [3.394066, 6.515903], [3.39406, 6.515899], [3.394051, 6.515898], [3.394037, 6.515897], [3.394024, 6.515902], [3.394015, 6.515903], [3.393994, 6.515911], [3.39398, 6.515908], [3.393968, 6.515908], [3.393959, 6.515918], [3.393963, 6.515913], [3.393974, 6.515907], [3.393973, 6.515906], [3.393971, 6.515904], [3.393971, 6.515905], [3.393964, 6.515914], [3.393948, 6.515923], [3.393932, 6.515927], [3.393913, 6.515916], [3.393904, 6.51592], [3.393892, 6.515925], [3.393877, 6.515937], [3.393865, 6.515938], [3.393856, 6.515961], [3.39385, 6.515972], [3.393837, 6.515983], [3.393827, 6.515989], [3.393814, 6.516], [3.393809, 6.516009], [3.393797, 6.51602], [3.39379, 6.516032], [3.393781, 6.516042], [3.393769, 6.516052], [3.393761, 6.516065], [3.393757, 6.516078], [3.393744, 6.51609], [3.393741, 6.516103], [3.393735, 6.516118], [3.393731, 6.516129], [3.393727, 6.516143], [3.393724, 6.516156], [3.393722, 6.516169], [3.393719, 6.516181], [3.393718, 6.516193], [3.39372, 6.516208], [3.393721, 6.516224], [3.393723, 6.516235], [3.393726, 6.516245], [3.393728, 6.51626], [3.393731, 6.516271], [3.393735, 6.516286], [3.393739, 6.516299], [3.393743, 6.516311], [3.393746, 6.516323], [3.393755, 6.516334], [3.393763, 6.516344], [3.393772, 6.516354], [3.393779, 6.516365], [3.393785, 6.516379], [3.393793, 6.516391], [3.3938, 6.516403], [3.393808, 6.516413], [3.393818, 6.516421], [3.393828, 6.516434], [3.393838, 6.516443], [3.393847, 6.516453], [3.393857, 6.516463], [3.393867, 6.516473], [3.393877, 6.516484], [3.393887, 6.516496], [3.393896, 6.516508], [3.393906, 6.516516], [3.393917, 6.516526], [3.393926, 6.516537], [3.393934, 6.516549], [3.393944, 6.516558], [3.393953, 6.516567], [3.393961, 6.516576], [3.39397, 6.516585], [3.393979, 6.516597], [3.393989, 6.516608], [3.393998, 6.516621], [3.394007, 6.51663], [3.394017, 6.516641], [3.394026, 6.516652], [3.394036, 6.516663], [3.394046, 6.516672], [3.394056, 6.51668], [3.394064, 6.516692], [3.394075, 6.5167], [3.394085, 6.516708], [3.394094, 6.516719], [3.394103, 6.516728], [3.394112, 6.51674], [3.39412, 6.51675], [3.394129, 6.516759], [3.394138, 6.516768], [3.394148, 6.516777], [3.394158, 6.516786], [3.394168, 6.516794], [3.394176, 6.516805], [3.394185, 6.516816], [3.394194, 6.516826], [3.394204, 6.516834], [3.394214, 6.516845], [3.394221, 6.516853], [3.394229, 6.516858], [3.394236, 6.516866], [3.394243, 6.516873], [3.394251, 6.516879], [3.394259, 6.516888], [3.394263, 6.516895], [3.394266, 6.516903], [3.394271, 6.516914], [3.394275, 6.516922], [3.394275, 6.516932], [3.394278, 6.516942], [3.39427, 6.516943], [3.394268, 6.516944], [3.394268, 6.516942], [3.394268, 6.516944], [3.394269, 6.516947], [3.394266, 6.516945], [3.394269, 6.516945], [3.39427, 6.516945], [3.394269, 6.516945], [3.394272, 6.516945], [3.394269, 6.516947], [3.394268, 6.516947], [3.394271, 6.516946], [3.394278, 6.516947], [3.394291, 6.51696], [3.39431, 6.516965], [3.394317, 6.516977], [3.394329, 6.51699], [3.394339, 6.517], [3.394351, 6.51701], [3.394359, 6.517019], [3.394367, 6.517029], [3.394377, 6.517043], [3.394388, 6.51705], [3.394401, 6.517056], [3.394417, 6.517053], [3.394428, 6.517052], [3.394434, 6.517055], [3.394449, 6.517054], [3.394462, 6.517051], [3.394474, 6.517047], [3.394494, 6.517047], [3.394502, 6.517047], [3.394512, 6.517044], [3.394523, 6.517038], [3.394533, 6.517034], [3.394543, 6.517028], [3.394543, 6.517028], [3.394543, 6.517028], [3.394543, 6.517028], [3.394543, 6.517028], [3.394543, 6.517028], [3.394543, 6.517028], [3.394543, 6.517028], [3.394543, 6.517028], [3.394543, 6.517028], [3.394543, 6.517028], [3.394543, 6.517028], [3.394543, 6.517028], [3.394543, 6.517028], [3.394543, 6.517028], [3.394543, 6.517028], [3.394543, 6.517028], [3.394543, 6.517028], [3.394543, 6.517028], [3.394543, 6.517028], [3.394543, 6.517028], [3.394543, 6.517028], [3.394543, 6.517028], [3.394673, 6.516801], [3.394673, 6.516785], [3.394673, 6.516781], [3.394671, 6.516768], [3.394666, 6.516758], [3.394663, 6.516746], [3.394662, 6.516729], [3.394664, 6.516718], [3.394664, 6.516705], [3.394664, 6.516693], [3.394662, 6.516682], [3.394664, 6.516667], [3.394664, 6.516655], [3.394664, 6.516641], [3.394666, 6.516631], [3.394665, 6.516616], [3.394661, 6.516606], [3.394658, 6.516591], [3.394658, 6.516579], [3.394655, 6.516569], [3.394651, 6.516557], [3.394642, 6.516546], [3.394637, 6.516537], [3.394637, 6.516527], [3.394639, 6.516513], [3.394642, 6.516503], [3.39464, 6.516487], [3.394643, 6.516469], [3.394644, 6.516457], [3.394642, 6.516443], [3.394643, 6.51643], [3.394646, 6.516415], [3.394646, 6.516406], [3.394645, 6.516397], [3.394644, 6.516386], [3.394643, 6.51637], [3.394639, 6.516357], [3.394639, 6.516346], [3.394638, 6.516335], [3.39464, 6.516326], [3.394639, 6.516314], [3.394642, 6.516305], [3.394648, 6.516293], [3.394654, 6.516279], [3.394653, 6.516266], [3.394654, 6.516253], [3.39465, 6.516242], [3.394648, 6.51623], [3.394651, 6.516219], [3.394643, 6.516207], [3.394637, 6.516194], [3.394632, 6.516183], [3.394628, 6.516169], [3.394628, 6.516156], [3.394625, 6.516148], [3.394626, 6.516136], [3.394625, 6.516123], [3.394623, 6.516108], [3.394619, 6.516096], [3.394622, 6.516087], [3.394626, 6.516072], [3.394633, 6.516054], [3.394638, 6.516041], [3.394644, 6.516029], [3.394642, 6.516015], [3.394638, 6.516001], [3.394634, 6.515988], [3.394624, 6.515978], [3.394614, 6.515967], [3.394602, 6.515956], [3.394591, 6.515947], [3.394581, 6.51594], [3.394573, 6.515935], [3.394567, 6.515928], [3.394558, 6.515916], [3.39455, 6.515904], [3.394544, 6.515898], [3.39453, 6.51589], [3.394518, 6.51588], [3.39451, 6.515873], [3.394497, 6.51586], [3.394485, 6.515853], [3.394473, 6.51585], [3.39446, 6.515851], [3.394447, 6.515853], [3.394433, 6.515854], [3.394422, 6.515854], [3.394411, 6.515855], [3.394397, 6.515855], [3.394387, 6.515855], [3.394379, 6.515856], [3.394366, 6.515856], [3.394358, 6.515858], [3.394345, 6.515859], [3.394334, 6.515861], [3.394328, 6.515862], [3.394321, 6.515865], [3.394305, 6.515869], [3.394289, 6.515869], [3.394275, 6.515871], [3.39426, 6.51587], [3.394248, 6.515869], [3.394234, 6.515868], [3.39422, 6.515869], [3.394207, 6.51587], [3.394195, 6.515873], [3.394181, 6.515876], [3.394168, 6.515871], [3.394154, 6.515866], [3.394144, 6.515864], [3.394129, 6.515862], [3.394121, 6.515868], [3.394109, 6.515872], [3.394101, 6.515874], [3.394089, 6.515874], [3.394077, 6.515878], [3.394063, 6.51588], [3.394053, 6.515883], [3.394045, 6.515889], [3.394036, 6.515892], [3.394023, 6.515895], [3.394009, 6.515896], [3.394001, 6.515897], [3.393987, 6.515899], [3.393974, 6.515901], [3.393961, 6.515904], [3.393952, 6.515906], [3.393941, 6.515912], [3.393928, 6.515914], [3.393917, 6.515922], [3.39391, 6.515926], [3.393901, 6.515932], [3.393888, 6.515936], [3.393876, 6.51594], [3.393865, 6.515943], [3.393855, 6.515947], [3.393846, 6.515954], [3.393838, 6.515962], [3.39383, 6.515972], [3.393823, 6.515983], [3.393815, 6.515992], [3.393807, 6.516001], [3.393799, 6.516009], [3.393789, 6.51602], [3.393781, 6.516028], [3.393774, 6.516037], [3.39377, 6.516044], [3.393765, 6.516055], [3.393764, 6.51606], [3.393758, 6.516063], [3.393747, 6.516069], [3.393736, 6.516078], [3.393728, 6.51609], [3.393721, 6.516099], [3.393723, 6.516109], [3.39372, 6.516123], [3.39372, 6.516136], [3.393717, 6.516149], [3.393714, 6.516164], [3.393713, 6.51618], [3.393714, 6.516193], [3.393708, 6.516206], [3.393709, 6.516221], [3.393712, 6.516236], [3.393717, 6.516251], [3.393718, 6.516263], [3.393719, 6.516274], [3.393723, 6.516285], [3.393725, 6.516295], [3.39373, 6.516302], [3.393733, 6.516313], [3.393736, 6.516326], [3.39374, 6.516337], [3.393742, 6.516347], [3.393749, 6.516357], [3.393758, 6.516371], [3.393766, 6.51638], [3.393773, 6.516388], [3.393779, 6.516398], [3.393789, 6.516406], [3.393798, 6.516414], [3.393805, 6.516426], [3.393814, 6.516436], [3.393817, 6.516448], [3.393826, 6.516459], [3.393832, 6.516469], [3.39384, 6.516478], [3.393846, 6.516487], [3.393851, 6.516494], [3.393859, 6.516502], [3.393866, 6.516509], [3.393872, 6.516517], [3.393879, 6.51653], [3.393889, 6.516536], [3.393895, 6.516545], [3.393904, 6.516553], [3.39391, 6.516562], [3.393919, 6.516569], [3.393928, 6.516577], [3.393937, 6.516586], [3.393946, 6.516594], [3.393954, 6.516606], [3.393961, 6.516609], [3.39397, 6.516615], [3.393978, 6.516626], [3.393988, 6.516634], [3.394001, 6.516645], [3.394009, 6.516648], [3.394018, 6.516656], [3.394029, 6.516661], [3.39404, 6.516668], [3.39405, 6.516675], [3.394059, 6.516678], [3.39407, 6.516684], [3.394079, 6.516691], [3.394087, 6.516699], [3.394093, 6.516708], [3.394097, 6.516719], [3.394105, 6.516727], [3.394116, 6.516734], [3.394126, 6.516743], [3.394134, 6.516748], [3.394141, 6.516757], [3.394147, 6.516766], [3.394153, 6.516775], [3.394159, 6.516783], [3.394164, 6.516792], [3.394168, 6.516801], [3.394175, 6.516812], [3.394182, 6.51682], [3.394192, 6.516828], [3.3942, 6.516835], [3.394207, 6.516842], [3.394215, 6.516851], [3.394219, 6.516856], [3.394228, 6.516863], [3.394236, 6.516868], [3.394244, 6.516879], [3.394249, 6.516887], [3.394257, 6.516896], [3.394266, 6.516903], [3.394276, 6.516913], [3.394283, 6.516922], [3.39429, 6.516928], [3.394292, 6.516927], [3.39429, 6.516928], [3.394289, 6.516931], [3.394289, 6.516933], [3.39429, 6.516933], [3.394292, 6.516931], [3.394294, 6.516928], [3.394293, 6.516927], [3.394294, 6.516927], [3.394294, 6.516928], [3.394284, 6.516949], [3.394284, 6.516942], [3.394284, 6.516942], [3.394287, 6.516943], [3.394292, 6.516938], [3.394293, 6.516937], [3.394293, 6.516937], [3.394295, 6.516932], [3.394295, 6.516932], [3.394295, 6.516942], [3.394305, 6.516946], [3.394312, 6.516951], [3.394318, 6.516963], [3.394327, 6.516971], [3.394335, 6.51698], [3.394341, 6.516988], [3.394348, 6.516999], [3.394357, 6.517009], [3.394366, 6.517015], [3.394376, 6.517022], [3.39438, 6.517031], [3.394387, 6.517041], [3.394397, 6.517054], [3.394407, 6.51706], [3.394417, 6.517058], [3.394429, 6.517057], [3.394442, 6.517056], [3.394454, 6.517057], [3.394467, 6.517057], [3.394479, 6.517055], [3.394492, 6.51705], [3.394504, 6.517047], [3.394516, 6.517046], [3.394529, 6.517045], [3.394541, 6.517045], [3.394551, 6.517042], [3.394562, 6.517036], [3.394575, 6.517031], [3.394587, 6.517027], [3.394598, 6.517021], [3.394608, 6.517014], [3.394618, 6.517006], [3.394629, 6.516999], [3.394639, 6.516993], [3.394647, 6.516984], [3.394666, 6.516967], [3.394666, 6.516967], [3.394666, 6.516967], [3.394666, 6.516967], [3.394666, 6.516967], [3.394666, 6.516967], [3.394692, 6.516823], [3.394692, 6.516823], [3.394693, 6.516798], [3.394692, 6.516786], [3.394689, 6.516775], [3.394689, 6.516775], [3.39468, 6.516752], [3.394675, 6.51674], [3.394672, 6.516728], [3.39467, 6.516715], [3.394671, 6.516702], [3.39467, 6.516689], [3.394669, 6.516679], [3.394668, 6.516666], [3.394666, 6.516645], [3.394665, 6.516638], [3.394664, 6.51663], [3.394661, 6.516619], [3.394661, 6.516607], [3.394656, 6.516593], [3.394657, 6.516584], [3.394656, 6.516574], [3.394657, 6.516568], [3.394655, 6.516554], [3.394649, 6.516551], [3.39465, 6.516539], [3.394649, 6.516531], [3.394649, 6.516519], [3.394651, 6.516505], [3.39465, 6.516498], [3.394638, 6.516477], [3.394635, 6.516465], [3.394635, 6.516454], [3.394636, 6.516443], [3.394638, 6.516431], [3.39464, 6.516421], [3.39464, 6.516408], [3.394639, 6.516393], [3.394641, 6.516384], [3.394645, 6.516368], [3.394647, 6.516355], [3.39465, 6.516344], [3.39465, 6.516328], [3.39465, 6.516318], [3.394652, 6.516308], [3.394649, 6.516299], [3.39465, 6.516289], [3.394651, 6.516278], [3.394651, 6.51627], [3.39465, 6.516263], [3.394653, 6.516256], [3.394653, 6.516249], [3.394655, 6.516241], [3.394654, 6.516234], [3.394657, 6.516228], [3.394659, 6.516223], [3.39466, 6.516222], [3.394663, 6.516218], [3.394659, 6.516214], [3.39466, 6.516213], [3.39466, 6.516211], [3.394658, 6.516212], [3.394657, 6.516213], [3.394656, 6.516213], [3.394655, 6.516213], [3.394655, 6.516214], [3.394656, 6.516213], [3.394653, 6.516202], [3.394653, 6.516189], [3.394652, 6.516178], [3.394649, 6.516163], [3.394645, 6.516153], [3.394644, 6.516142], [3.394646, 6.516134], [3.394648, 6.516124], [3.394649, 6.516114], [3.394647, 6.516104], [3.394645, 6.516096], [3.394643, 6.516086], [3.39464, 6.516076], [3.394641, 6.516069], [3.39464, 6.516057], [3.394644, 6.516044], [3.394643, 6.516033], [3.394641, 6.516022], [3.394638, 6.516009], [3.39463, 6.515997], [3.394623, 6.515988], [3.394619, 6.515978], [3.394614, 6.51597], [3.394603, 6.515962], [3.394594, 6.515956], [3.394586, 6.515947], [3.394578, 6.515938], [3.394568, 6.51593], [3.394558, 6.515922], [3.394552, 6.515916], [3.394544, 6.515908], [3.394536, 6.515898], [3.394526, 6.515891], [3.394522, 6.515886], [3.394513, 6.515889], [3.394502, 6.515874], [3.394495, 6.515866], [3.394484, 6.515854], [3.394481, 6.515848], [3.394472, 6.515842], [3.394459, 6.515838], [3.394441, 6.515831], [3.394424, 6.51583], [3.394415, 6.515839], [3.394402, 6.515839], [3.394388, 6.515835], [3.394375, 6.515831], [3.39436, 6.515835], [3.394345, 6.515836], [3.394336, 6.515839], [3.394323, 6.515835], [3.394312, 6.515833], [3.394302, 6.515828], [3.394279, 6.515823], [3.394275, 6.515823], [3.394265, 6.515826], [3.394249, 6.515829], [3.394236, 6.515826], [3.394225, 6.515824], [3.394214, 6.515824], [3.394202, 6.515827], [3.394195, 6.515829], [3.394184, 6.515825], [3.394167, 6.515831], [3.394157, 6.515836], [3.394155, 6.515828], [3.394143, 6.515829], [3.394128, 6.515838], [3.394123, 6.515854], [3.394117, 6.515863], [3.394104, 6.515871], [3.394097, 6.515875], [3.394077, 6.515877], [3.394059, 6.515877], [3.394039, 6.515886], [3.394026, 6.515889], [3.394014, 6.515888], [3.394005, 6.515891], [3.393982, 6.515891], [3.393967, 6.51589], [3.393955, 6.5159], [3.393947, 6.515905], [3.393917, 6.51591], [3.393902, 6.515915], [3.393895, 6.515918], [3.393886, 6.515922], [3.393874, 6.51593], [3.393855, 6.51593], [3.393845, 6.51594], [3.393829, 6.51596], [3.39381, 6.515976], [3.39379, 6.516003], [3.393778, 6.516021], [3.393778, 6.516041], [3.393766, 6.516051], [3.393758, 6.516061], [3.393753, 6.516073], [3.393738, 6.5161], [3.393735, 6.516116], [3.39373, 6.516127], [3.39373, 6.516127], [3.393723, 6.516154], [3.393723, 6.516166], [3.393719, 6.516182], [3.393719, 6.516182], [3.393716, 6.516206], [3.393713, 6.516218], [3.393711, 6.51623], [3.393714, 6.516242], [3.393719, 6.516254], [3.393717, 6.516264], [3.393715, 6.516272], [3.393712, 6.516281], [3.39372, 6.516291], [3.393724, 6.516304], [3.393731, 6.516319], [3.393731, 6.516329], [3.393735, 6.516339], [3.393743, 6.516355], [3.39376, 6.51637], [3.393764, 6.516383], [3.393778, 6.516401], [3.393785, 6.516418], [3.393804, 6.516428], [3.393809, 6.516444], [3.393819, 6.516466], [3.393831, 6.516479], [3.393842, 6.516491], [3.393857, 6.516511], [3.393875, 6.516527], [3.393887, 6.516537], [3.393901, 6.516547], [3.39392, 6.516577], [3.393941, 6.516601], [3.393961, 6.516612], [3.393987, 6.516632], [3.394005, 6.516658], [3.394026, 6.516676], [3.39405, 6.516694], [3.394075, 6.516713], [3.394084, 6.516735], [3.394101, 6.516757], [3.394112, 6.516773], [3.394136, 6.51679], [3.394154, 6.51681], [3.394174, 6.516824], [3.394185, 6.516844], [3.394194, 6.516862], [3.394208, 6.516872], [3.394231, 6.516889], [3.394234, 6.516895], [3.394243, 6.516905], [3.394259, 6.516912], [3.394266, 6.516925], [3.394266, 6.516928], [3.394269, 6.516934], [3.394275, 6.516937], [3.394286, 6.516948], [3.394285, 6.516949], [3.394303, 6.516967], [3.394318, 6.516982], [3.394322, 6.516994], [3.394332, 6.517], [3.394342, 6.51701], [3.394352, 6.517017], [3.394363, 6.517029], [3.394372, 6.517039], [3.394384, 6.517048], [3.394394, 6.517057], [3.394405, 6.517062], [3.394408, 6.517078], [3.394424, 6.51708], [3.394437, 6.517071], [3.394441, 6.51707], [3.394436, 6.517071], [3.394437, 6.517075], [3.394437, 6.517075], [3.394437, 6.517075], [3.394437, 6.517075], [3.394437, 6.517075], [3.394434, 6.517069], [3.394429, 6.517067], [3.394431, 6.517065], [3.394432, 6.517063], [3.394429, 6.517068], [3.394424, 6.517075], [3.394433, 6.517097], [3.394439, 6.517111], [3.394444, 6.517118], [3.394452, 6.517119], [3.394466, 6.517126], [3.394477, 6.51714], [3.394485, 6.517143], [3.394487, 6.517147], [3.394492, 6.517146], [3.394502, 6.517154], [3.394507, 6.517163], [3.394517, 6.517169], [3.394523, 6.517181], [3.39453, 6.517188], [3.394537, 6.517194], [3.394546, 6.517198], [3.394556, 6.517207], [3.394568, 6.517216], [3.394575, 6.517221], [3.394577, 6.517225], [3.394582, 6.517231], [3.394591, 6.51724], [3.394601, 6.517248], [3.394609, 6.517255], [3.394616, 6.517274], [3.394627, 6.517281], [3.394637, 6.517287], [3.394648, 6.517298], [3.39466, 6.517307], [3.394664, 6.517317], [3.394673, 6.517328], [3.394679, 6.517335], [3.394679, 6.517344], [3.394691, 6.517353], [3.394698, 6.517363], [3.39471, 6.517376], [3.394718, 6.517393], [3.394718, 6.517405], [3.394721, 6.517412], [3.394735, 6.517421], [3.394742, 6.51743], [3.394751, 6.517439], [3.394763, 6.517446], [3.39477, 6.517462], [3.394777, 6.517469], [3.394778, 6.517477], [3.394785, 6.517487], [3.39479, 6.517498], [3.39479, 6.517509], [3.394791, 6.517517], [3.394799, 6.517522], [3.39481, 6.517531], [3.394816, 6.517539], [3.394824, 6.517549], [3.394828, 6.517559], [3.39484, 6.517575], [3.394847, 6.517582], [3.394855, 6.517591], [3.39484, 6.517597], [3.394844, 6.517615], [3.394855, 6.517626], [3.394856, 6.517635], [3.39487, 6.517658], [3.394878, 6.517691], [3.394877, 6.517714], [3.394885, 6.517734], [3.394891, 6.517745], [3.394895, 6.517755], [3.394899, 6.517792], [3.394902, 6.517811], [3.394902, 6.517827], [3.394902, 6.51783], [3.394902, 6.51783], [3.394906, 6.517826], [3.394906, 6.517826], [3.39491, 6.517842], [3.39491, 6.517842], [3.394922, 6.517863], [3.394922, 6.517863], [3.394933, 6.517875], [3.394933, 6.517885], [3.394942, 6.517898], [3.394952, 6.517907], [3.39496, 6.517919], [3.394966, 6.517928], [3.394967, 6.517941], [3.394971, 6.517952], [3.394974, 6.517962], [3.394975, 6.517974], [3.394978, 6.517988], [3.394982, 6.518], [3.394987, 6.518009], [3.394996, 6.518019], [3.395001, 6.51803], [3.395008, 6.518044], [3.395014, 6.518054], [3.395021, 6.518063], [3.395022, 6.51808], [3.395027, 6.518092], [3.395034, 6.518105], [3.395038, 6.518117], [3.395037, 6.518133], [3.395039, 6.518144], [3.395043, 6.51816], [3.395048, 6.518164], [3.395049, 6.51818], [3.395048, 6.518194], [3.395046, 6.518203], [3.395049, 6.518214], [3.395053, 6.518221], [3.395054, 6.518231], [3.395058, 6.518245], [3.395061, 6.518258], [3.395064, 6.518262], [3.395057, 6.518272], [3.395046, 6.51828], [3.395035, 6.518293], [3.39503, 6.518306], [3.395023, 6.518315], [3.395017, 6.518323], [3.395013, 6.518332], [3.395008, 6.51834], [3.395001, 6.518351], [3.394992, 6.518362], [3.394992, 6.518371], [3.394986, 6.518383], [3.394987, 6.518388], [3.394989, 6.518399], [3.394984, 6.518412], [3.394976, 6.518419], [3.394965, 6.518432], [3.394954, 6.518438], [3.394942, 6.518443], [3.394932, 6.518449], [3.394917, 6.518453], [3.394911, 6.518462], [3.394908, 6.518473], [3.394898, 6.518478], [3.394888, 6.518481], [3.394887, 6.518488], [3.394887, 6.518488], [3.394887, 6.518488], [3.394855, 6.518505], [3.394847, 6.518504], [3.394842, 6.518512], [3.394834, 6.518516], [3.394826, 6.518524], [3.39482, 6.518527], [3.394812, 6.518529], [3.394797, 6.518531], [3.394784, 6.518538], [3.394774, 6.518544], [3.394767, 6.518552], [3.394755, 6.518558], [3.394747, 6.518563], [3.394747, 6.518563], [3.394747, 6.518563], [3.394747, 6.518563], [3.394747, 6.518563], [3.394747, 6.518563], [3.394747, 6.518563], [3.394747, 6.518563], [3.394747, 6.518563], [3.394747, 6.518563], [3.394747, 6.518563], [3.394747, 6.518563], [3.394619, 6.51865], [3.394604, 6.518656], [3.394585, 6.518654], [3.394569, 6.518654], [3.394555, 6.518656], [3.394543, 6.518663], [3.39453, 6.518664], [3.394518, 6.518668], [3.394505, 6.518671], [3.39449, 6.518675], [3.394477, 6.518684], [3.394467, 6.518684], [3.394458, 6.518686], [3.394444, 6.518691], [3.394436, 6.518696], [3.394424, 6.518698], [3.394411, 6.518696], [3.394403, 6.518698], [3.394388, 6.518696], [3.394373, 6.5187], [3.394365, 6.518703], [3.394351, 6.518712], [3.394342, 6.518713], [3.394342, 6.518713], [3.394342, 6.518713], [3.394342, 6.518713], [3.394342, 6.518713], [3.394342, 6.518713], [3.394342, 6.518713], [3.394342, 6.518713], [3.394342, 6.518713], [3.394342, 6.518713], [3.394342, 6.518713], [3.394342, 6.518713], [3.394342, 6.518713], [3.394342, 6.518713], [3.394342, 6.518713], [3.394342, 6.518713], [3.394342, 6.518713], [3.394342, 6.518713], [3.394342, 6.518713], [3.394342, 6.518713], [3.394342, 6.518713], [3.394342, 6.518713], [3.394342, 6.518713], [3.394342, 6.518713], [3.394342, 6.518713], [3.394342, 6.518713], [3.394014, 6.518783], [3.394, 6.518784], [3.393988, 6.51879], [3.393977, 6.518793], [3.393967, 6.518797], [3.393956, 6.518801], [3.393943, 6.518802], [3.393922, 6.518807], [3.393896, 6.518809], [3.393883, 6.518809], [3.393872, 6.51881], [3.393872, 6.51881], [3.393872, 6.51881], [3.393872, 6.51881], [3.393872, 6.51881], [3.393872, 6.51881], [3.393872, 6.51881], [3.393872, 6.51881], [3.393872, 6.51881], [3.393872, 6.51881], [3.393872, 6.51881], [3.393686, 6.518848], [3.393682, 6.518851], [3.393667, 6.518853], [3.393653, 6.518851], [3.393639, 6.51885], [3.393628, 6.518849], [3.393616, 6.518855], [3.393601, 6.518856], [3.393589, 6.518858], [3.393578, 6.518859], [3.393562, 6.518859], [3.393554, 6.518858], [3.393543, 6.518857], [3.393531, 6.518859], [3.393522, 6.518862], [3.393516, 6.518866], [3.393501, 6.518871], [3.39349, 6.518873], [3.393478, 6.518874], [3.393465, 6.518876], [3.393458, 6.518878], [3.393446, 6.518882], [3.393433, 6.518884], [3.393423, 6.518889], [3.393419, 6.518894], [3.39341, 6.5189], [3.3934, 6.518908], [3.393394, 6.518908], [3.393377, 6.518913], [3.393366, 6.51891], [3.393361, 6.518923], [3.393361, 6.518923], [3.393361, 6.518923], [3.393361, 6.518923], [3.393361, 6.518923], [3.393361, 6.518923], [3.393361, 6.518923], [3.393361, 6.518923], [3.393361, 6.518923], [3.393241, 6.518961], [3.39323, 6.51896], [3.393221, 6.518962], [3.393207, 6.518964], [3.393187, 6.518971], [3.393173, 6.51897], [3.393168, 6.518966], [3.393152, 6.518969], [3.393137, 6.518967], [3.393115, 6.518969], [3.393111, 6.518978], [3.393111, 6.518978], [3.393111, 6.518978], [3.393111, 6.518978], [3.393111, 6.518978], [3.393111, 6.518978], [3.393111, 6.518978], [3.393111, 6.518978], [3.393111, 6.518978], [3.393111, 6.518978], [3.393111, 6.518978], [3.393111, 6.518978], [3.393111, 6.518978], [3.393111, 6.518978], [3.393111, 6.518978], [3.393111, 6.518978], [3.393111, 6.518978], [3.393111, 6.518978], [3.393111, 6.518978], [3.393111, 6.518978], [3.392885, 6.519051], [3.392875, 6.519044], [3.392876, 6.519053], [3.392863, 6.51906], [3.392853, 6.519061], [3.392835, 6.519057], [3.392825, 6.519058], [3.392816, 6.51906], [3.392806, 6.519066], [3.3928, 6.519061], [3.392775, 6.519061], [3.392765, 6.519057], [3.392765, 6.519057], [3.392765, 6.519057], [3.392765, 6.519057], [3.392765, 6.519057], [3.392765, 6.519057], [3.392765, 6.519057], [3.392765, 6.519057], [3.392765, 6.519057], [3.392765, 6.519057], [3.392765, 6.519057], [3.392605, 6.519064], [3.392595, 6.519061], [3.3926, 6.519063], [3.392587, 6.51906], [3.392539, 6.519058], [3.392525, 6.519057], [3.392514, 6.519061], [3.392507, 6.519067], [3.392491, 6.519066], [3.392478, 6.519057], [3.392475, 6.519062], [3.392465, 6.519055], [3.392444, 6.519055], [3.392442, 6.519046], [3.392433, 6.519041], [3.392425, 6.519046], [3.392425, 6.519046], [3.392425, 6.519046], [3.392425, 6.519046], [3.392425, 6.519046], [3.392425, 6.519046], [3.392425, 6.519046], [3.392425, 6.519046], [3.392425, 6.519046], [3.39231, 6.519042], [3.392299, 6.51904], [3.3923, 6.519044], [3.392283, 6.519046], [3.392264, 6.519045], [3.392251, 6.519042], [3.392241, 6.519042], [3.392241, 6.519042], [3.392241, 6.519042], [3.392179, 6.519029], [3.392161, 6.519015], [3.392146, 6.519011], [3.39213, 6.519009], [3.392116, 6.519008], [3.392103, 6.519005], [3.392061, 6.519002], [3.392055, 6.518999], [3.392036, 6.518998], [3.392013, 6.519], [3.392006, 6.518995], [3.392006, 6.518995], [3.392006, 6.518995], [3.392006, 6.518995], [3.391943, 6.518971], [3.39194, 6.518979], [3.391922, 6.518983], [3.391908, 6.518984], [3.391896, 6.518985], [3.391891, 6.518985], [3.39188, 6.518987], [3.391871, 6.518992], [3.391856, 6.518991], [3.391844, 6.518995], [3.391835, 6.518992], [3.391826, 6.518991], [3.391821, 6.518991], [3.391812, 6.518988], [3.391794, 6.518986], [3.39179, 6.518989], [3.391779, 6.518989], [3.391759, 6.518983], [3.391755, 6.51898], [3.391746, 6.51898], [3.39174, 6.518975], [3.391727, 6.518976], [3.391727, 6.518976], [3.391727, 6.518976], [3.391727, 6.518976], [3.391727, 6.518976], [3.391727, 6.518976], [3.391727, 6.518976], [3.391727, 6.518976], [3.391727, 6.518976], [3.391727, 6.518976], [3.391727, 6.518976], [3.391727, 6.518976], [3.391727, 6.518976], [3.391727, 6.518976], [3.391727, 6.518976], [3.391727, 6.518976], [3.391727, 6.518976], [3.391727, 6.518976], [3.391727, 6.518976], [3.391727, 6.518976], [3.391727, 6.518976], [3.391727, 6.518976], [3.391727, 6.518976], [3.391727, 6.518976], [3.391727, 6.518976], [3.391727, 6.518976], [3.391727, 6.518976], [3.391727, 6.518976], [3.391727, 6.518976], [3.391727, 6.518976], [3.391727, 6.518976], [3.391727, 6.518976], [3.391727, 6.518976], [3.391727, 6.518976], [3.391727, 6.518976], [3.391727, 6.518976], [3.391727, 6.518976], [3.391727, 6.518976], [3.391727, 6.518976], [3.391727, 6.518976], [3.391727, 6.518976], [3.391727, 6.518976], [3.391727, 6.518976], [3.391727, 6.518976], [3.391727, 6.518976], [3.391727, 6.518976], [3.391727, 6.518976], [3.391727, 6.518976], [3.391727, 6.518976], [3.391727, 6.518976], [3.391727, 6.518976], [3.391727, 6.518976], [3.391727, 6.518976], [3.391727, 6.518976], [3.391727, 6.518976], [3.391727, 6.518976], [3.391727, 6.518976], [3.391727, 6.518976], [3.391727, 6.518976], [3.39106, 6.518917], [3.39105, 6.518905], [3.39104, 6.518901], [3.391031, 6.518898], [3.391013, 6.51889], [3.390996, 6.518888], [3.390984, 6.518891], [3.390974, 6.518893], [3.390962, 6.518885], [3.390951, 6.518884], [3.39094, 6.51888], [3.390928, 6.518878], [3.390906, 6.518874], [3.390901, 6.518871], [3.390893, 6.518864], [3.390892, 6.518864], [3.390884, 6.518865], [3.390868, 6.518864], [3.390859, 6.518867], [3.390849, 6.518864], [3.390839, 6.518855], [3.390828, 6.51885], [3.390821, 6.518845], [3.390815, 6.518843], [3.390801, 6.518846], [3.390793, 6.518845], [3.390789, 6.51884], [3.390778, 6.518842], [3.390769, 6.518842], [3.390764, 6.518837], [3.390753, 6.518831], [3.39074, 6.518826], [3.390726, 6.518819], [3.390716, 6.51882], [3.390707, 6.518817], [3.390698, 6.51881], [3.390683, 6.51881], [3.39067, 6.518806], [3.39066, 6.518799], [3.390649, 6.518792], [3.390637, 6.51879], [3.390627, 6.518787], [3.390619, 6.518783], [3.390609, 6.518778], [3.390595, 6.518777], [3.39058, 6.518772], [3.390568, 6.518764], [3.390562, 6.518755], [3.390549, 6.518748], [3.390547, 6.518746], [3.390539, 6.518739], [3.390528, 6.518733], [3.39052, 6.518729], [3.390515, 6.518724], [3.390503, 6.518718], [3.390492, 6.518708], [3.390485, 6.518705], [3.390476, 6.518699], [3.39046, 6.518695], [3.390451, 6.518694], [3.390439, 6.518691], [3.390433, 6.518684], [3.390425, 6.518681], [3.39041, 6.518674], [3.3904, 6.518665], [3.39039, 6.518662], [3.390378, 6.518655], [3.39037, 6.518646], [3.39036, 6.518637], [3.390348, 6.518628], [3.39034, 6.518619], [3.390329, 6.518619], [3.390317, 6.518607], [3.390305, 6.518604], [3.390295, 6.5186], [3.390288, 6.518593], [3.390279, 6.518581], [3.39027, 6.518575], [3.390256, 6.518573], [3.390254, 6.518571], [3.390245, 6.518564], [3.390238, 6.518556], [3.390238, 6.518556], [3.390238, 6.518556], [3.390238, 6.518556], [3.390238, 6.518556], [3.390238, 6.518556], [3.390238, 6.518556], [3.390238, 6.518556], [3.390238, 6.518556], [3.390238, 6.518556], [3.390238, 6.518556], [3.390238, 6.518556], [3.390238, 6.518556], [3.390238, 6.518556], [3.390238, 6.518556], [3.390238, 6.518556], [3.390238, 6.518556], [3.390238, 6.518556], [3.390087, 6.518449], [3.390071, 6.518443], [3.390063, 6.518438], [3.390058, 6.518436], [3.390052, 6.518432], [3.39004, 6.518422], [3.390032, 6.518413], [3.390019, 6.518408], [3.390012, 6.518401], [3.389996, 6.518393], [3.389987, 6.51839], [3.389974, 6.518387], [3.389974, 6.518387], [3.389974, 6.518387], [3.389974, 6.518387], [3.389974, 6.518387], [3.389974, 6.518387], [3.389974, 6.518387], [3.389974, 6.518387], [3.389974, 6.518387], [3.389974, 6.518387], [3.389863, 6.518312], [3.389847, 6.518282], [3.389842, 6.518284], [3.389839, 6.518287], [3.389829, 6.51828], [3.389814, 6.518264], [3.389805, 6.518255], [3.389798, 6.518245], [3.38979, 6.518241], [3.389773, 6.518235], [3.389765, 6.518231], [3.389756, 6.518226], [3.389745, 6.518218], [3.389741, 6.518214], [3.389734, 6.518211], [3.389734, 6.518211], [3.389712, 6.518184], [3.389704, 6.518179], [3.389699, 6.518173], [3.389693, 6.518167], [3.389682, 6.518165], [3.389675, 6.518159], [3.389664, 6.518154], [3.389664, 6.518143], [3.38965, 6.51814], [3.389643, 6.518138], [3.389632, 6.518131], [3.389622, 6.518124], [3.389622, 6.518124], [3.389604, 6.518117], [3.389594, 6.518104], [3.389593, 6.518099], [3.389581, 6.518092], [3.389573, 6.518084], [3.389565, 6.518079], [3.389553, 6.518077], [3.389553, 6.518077], [3.389534, 6.518059], [3.389518, 6.518045], [3.389513, 6.518047], [3.389505, 6.518039], [3.38949, 6.518034], [3.389486, 6.518024], [3.389482, 6.518016], [3.389467, 6.518012], [3.389459, 6.518007], [3.389452, 6.518003], [3.389441, 6.517998], [3.38943, 6.517995], [3.38942, 6.51799], [3.389414, 6.517984], [3.38941, 6.517981], [3.389397, 6.517973], [3.389392, 6.517964], [3.389382, 6.517956], [3.389377, 6.517958], [3.389367, 6.517957], [3.389357, 6.517947], [3.389345, 6.517945], [3.389332, 6.517939], [3.389327, 6.517937], [3.389312, 6.517925], [3.3893, 6.51792], [3.389287, 6.517917], [3.389274, 6.517907], [3.389259, 6.517899], [3.389245, 6.517899], [3.389232, 6.517895], [3.389232, 6.517895], [3.389232, 6.517895], [3.389232, 6.517895], [3.389232, 6.517895], [3.389232, 6.517895], [3.389232, 6.517895], [3.389232, 6.517895], [3.389232, 6.517895], [3.389232, 6.517895], [3.389232, 6.517895], [3.389232, 6.517895], [3.389232, 6.517895], [3.389232, 6.517895], [3.389232, 6.517895], [3.389232, 6.517895], [3.389232, 6.517895], [3.389232, 6.517895], [3.389232, 6.517895], [3.389232, 6.517895], [3.389232, 6.517895], [3.389232, 6.517895], [3.389232, 6.517895], [3.389232, 6.517895], [3.389232, 6.517895], [3.389232, 6.517895], [3.389232, 6.517895], [3.389232, 6.517895], [3.389232, 6.517895], [3.388946, 6.517775], [3.388936, 6.517772], [3.388919, 6.517767], [3.388916, 6.517766], [3.388902, 6.517753], [3.388891, 6.517753], [3.388874, 6.517748], [3.388866, 6.517747], [3.388858, 6.517747], [3.388847, 6.51774], [3.388833, 6.517732], [3.388823, 6.517726], [3.38881, 6.517723], [3.388798, 6.517726], [3.388785, 6.517729], [3.388778, 6.517724], [3.388768, 6.517716], [3.388752, 6.517711], [3.388742, 6.517713], [3.388732, 6.517706], [3.38872, 6.517704], [3.388708, 6.517697], [3.388699, 6.517691], [3.388699, 6.517691], [3.388699, 6.517691], [3.388699, 6.517691], [3.388699, 6.517691], [3.388699, 6.517691], [3.388699, 6.517691], [3.388699, 6.517691], [3.388596, 6.517667], [3.388584, 6.517667], [3.388572, 6.517666], [3.388567, 6.517661], [3.388553, 6.517657], [3.388533, 6.517649], [3.388524, 6.517641], [3.388512, 6.517636], [3.388509, 6.517629], [3.388494, 6.517627], [3.388483, 6.517618], [3.388472, 6.517622], [3.38846, 6.517613], [3.38845, 6.517608], [3.388438, 6.517605], [3.388434, 6.517596], [3.388426, 6.517597], [3.388413, 6.517599], [3.388413, 6.517599], [3.388413, 6.517599], [3.388413, 6.517599], [3.388413, 6.517599], [3.388413, 6.517599], [3.388413, 6.517599], [3.388413, 6.517599], [3.388413, 6.517599], [3.388413, 6.517599], [3.388413, 6.517599], [3.388413, 6.517599], [3.388413, 6.517599], [3.388413, 6.517599], [3.388413, 6.517599], [3.388413, 6.517599], [3.388413, 6.517599], [3.388413, 6.517599], [3.388213, 6.517548], [3.388189, 6.517542], [3.388181, 6.517537], [3.388172, 6.517532], [3.388158, 6.517535], [3.388148, 6.517532], [3.388144, 6.517528], [3.388137, 6.517527], [3.388124, 6.517527], [3.388122, 6.517524], [3.388105, 6.517518], [3.388094, 6.517514], [3.388094, 6.517514], [3.388094, 6.517514], [3.388094, 6.517514], [3.388094, 6.517514], [3.388094, 6.517514], [3.388094, 6.517514], [3.388094, 6.517514], [3.388094, 6.517514], [3.388094, 6.517514], [3.388094, 6.517514], [3.388094, 6.517514], [3.388094, 6.517514], [3.387948, 6.517479], [3.387929, 6.517474], [3.387919, 6.517474], [3.387915, 6.517464], [3.38791, 6.517462], [3.387905, 6.517459], [3.387892, 6.517453], [3.387881, 6.517446], [3.387876, 6.517443], [3.387864, 6.517441], [3.387865, 6.517441], [3.387852, 6.517435], [3.387831, 6.51743], [3.38782, 6.517429], [3.387814, 6.517428], [3.387813, 6.517434], [3.387814, 6.517432], [3.387802, 6.517437], [3.387794, 6.517445], [3.38779, 6.517459], [3.387784, 6.51747], [3.387779, 6.517481], [3.387769, 6.517488], [3.387762, 6.517493], [3.387749, 6.517503], [3.387743, 6.517507], [3.387734, 6.517511], [3.387721, 6.517512], [3.387707, 6.517515], [3.387697, 6.517513], [3.387699, 6.517511], [3.387693, 6.517502], [3.387682, 6.517502], [3.38767, 6.517498], [3.387668, 6.517497], [3.38766, 6.517495], [3.387645, 6.517488], [3.387645, 6.517488], [3.387621, 6.517487], [3.387612, 6.517487], [3.387605, 6.517488], [3.387597, 6.517487], [3.387587, 6.517486], [3.387574, 6.517481], [3.387567, 6.517478], [3.38756, 6.517478], [3.387548, 6.517477], [3.387541, 6.517473], [3.387533, 6.517475], [3.387529, 6.517471], [3.38752, 6.517471], [3.38751, 6.517471], [3.387497, 6.517463], [3.387483, 6.517462], [3.387472, 6.517461], [3.387458, 6.517453], [3.387448, 6.517454], [3.387439, 6.517458], [3.387431, 6.517459], [3.387407, 6.51745], [3.387403, 6.517449], [3.387394, 6.517449], [3.387394, 6.517447], [3.387383, 6.517448], [3.387375, 6.517449], [3.387355, 6.517451], [3.387346, 6.517453], [3.38734, 6.517451], [3.387323, 6.517452], [3.387321, 6.51745], [3.387324, 6.517455], [3.387322, 6.517469], [3.387325, 6.51748], [3.387327, 6.517495], [3.387316, 6.517504], [3.387314, 6.517514], [3.387312, 6.517521], [3.387314, 6.517529], [3.387308, 6.517538], [3.3873, 6.517548], [3.387291, 6.517551], [3.387283, 6.517556], [3.387276, 6.51756], [3.387274, 6.51756], [3.387275, 6.517559], [3.387275, 6.517559], [3.387275, 6.517559]]}, "properties": {"pair": 28, "ibutton": "#28", "airbeam": "94e686f5c338", "start": "2026-09-26T07:49:04+01:00", "end": "2026-09-26T08:51:02+01:00", "length_m": 5100}}, {"type": "Feature", "geometry": {"type": "Point", "coordinates": [3.385438, 6.517167]}, "properties": {"pair": 28, "type": "pm25_max", "pm25": 36.0, "time": "07:50:01"}}, {"type": "Feature", "geometry": {"type": "LineString", "coordinates": [[3.387244, 6.517647], [3.387244, 6.517645], [3.387245, 6.517646], [3.387247, 6.517643], [3.387249, 6.517641], [3.387247, 6.517642], [3.387243, 6.517643], [3.387245, 6.517646], [3.387245, 6.517641], [3.387248, 6.51764], [3.387247, 6.517641], [3.387247, 6.51764], [3.387246, 6.517638], [3.387245, 6.517641], [3.387246, 6.517644], [3.387248, 6.517642], [3.387249, 6.517644], [3.387246, 6.517647], [3.387244, 6.517644], [3.387247, 6.517642], [3.387245, 6.517642], [3.387242, 6.517639], [3.387241, 6.517635], [3.387241, 6.517633], [3.387241, 6.517636], [3.387238, 6.517639], [3.387237, 6.517639], [3.387236, 6.517635], [3.387236, 6.517638], [3.38724, 6.517638], [3.387248, 6.517638], [3.387245, 6.517632], [3.387244, 6.517627], [3.387245, 6.51762], [3.387248, 6.517614], [3.38725, 6.517611], [3.387251, 6.517605], [3.387257, 6.5176], [3.387258, 6.517596], [3.387257, 6.517596], [3.387259, 6.517594], [3.387261, 6.517594], [3.387265, 6.517595], [3.387263, 6.517594], [3.387256, 6.517596], [3.387267, 6.51759], [3.387264, 6.517593], [3.387267, 6.517586], [3.38726, 6.517588], [3.387259, 6.517587], [3.38726, 6.517587], [3.387257, 6.517586], [3.387262, 6.517579], [3.38726, 6.51758], [3.387259, 6.517581], [3.387262, 6.517581], [3.387262, 6.517585], [3.387263, 6.517584], [3.387265, 6.517583], [3.387269, 6.517584], [3.387269, 6.517586], [3.387271, 6.517587], [3.387265, 6.517588], [3.387265, 6.517587], [3.387265, 6.517591], [3.387277, 6.517587], [3.387284, 6.517582], [3.387271, 6.517592], [3.387277, 6.517591], [3.387275, 6.517591], [3.387276, 6.517588], [3.38729, 6.517584], [3.387291, 6.517582], [3.387287, 6.517588], [3.387282, 6.517589], [3.387277, 6.517589], [3.387279, 6.517584], [3.387283, 6.517589], [3.387279, 6.517592], [3.387276, 6.517594], [3.387276, 6.517593], [3.387274, 6.517598], [3.387279, 6.517596], [3.387278, 6.517598], [3.387278, 6.517602], [3.387278, 6.517601], [3.387277, 6.517602], [3.387282, 6.5176], [3.387284, 6.517596], [3.387287, 6.517594], [3.387287, 6.517594], [3.387293, 6.517593], [3.387289, 6.517595], [3.387289, 6.517595], [3.387289, 6.517595], [3.387289, 6.517595], [3.387289, 6.517595], [3.387289, 6.517595], [3.387289, 6.517595], [3.387289, 6.517595], [3.387286, 6.517591], [3.387286, 6.517591], [3.387286, 6.517591], [3.387286, 6.517591], [3.387286, 6.517591], [3.387286, 6.517591], [3.387286, 6.517591], [3.387286, 6.517591], [3.387286, 6.517591], [3.387286, 6.517591], [3.387286, 6.517591], [3.387286, 6.517591], [3.387286, 6.517591], [3.387286, 6.517591], [3.387286, 6.517591], [3.387286, 6.517591], [3.387282, 6.517605], [3.387284, 6.517605], [3.387293, 6.517594], [3.387275, 6.517601], [3.387273, 6.517607], [3.387276, 6.517612], [3.387281, 6.517617], [3.387285, 6.517618], [3.387287, 6.517621], [3.387287, 6.517621], [3.387283, 6.517616], [3.387278, 6.517615], [3.387272, 6.517612], [3.387272, 6.517614], [3.387274, 6.51761], [3.387275, 6.517611], [3.387276, 6.517615], [3.387279, 6.517617], [3.387279, 6.517617], [3.387278, 6.517619], [3.387279, 6.517617], [3.387279, 6.517617], [3.387279, 6.517611], [3.38728, 6.517611], [3.387279, 6.517608], [3.387279, 6.517605], [3.387278, 6.517604], [3.387277, 6.517603], [3.387277, 6.517599], [3.387276, 6.517598], [3.387275, 6.517593], [3.387274, 6.517593], [3.387273, 6.517592], [3.387271, 6.517592], [3.387273, 6.517593], [3.387271, 6.517595], [3.387271, 6.517592], [3.38727, 6.517596], [3.387273, 6.517598], [3.387272, 6.517601], [3.387276, 6.5176], [3.387271, 6.517607], [3.387269, 6.517598], [3.387269, 6.517598], [3.387263, 6.517596], [3.387263, 6.517596], [3.387262, 6.517604], [3.387262, 6.517604], [3.387263, 6.517608], [3.387261, 6.517608], [3.38726, 6.517611], [3.38726, 6.517616], [3.387262, 6.517615], [3.387264, 6.517618], [3.387265, 6.517614], [3.387266, 6.517621], [3.387267, 6.517621], [3.387267, 6.517622], [3.387267, 6.517622], [3.387266, 6.517617], [3.387269, 6.517619], [3.387271, 6.517623], [3.387271, 6.517624], [3.387266, 6.517619], [3.387277, 6.517625], [3.387275, 6.517627], [3.387278, 6.517626], [3.387279, 6.517626], [3.387277, 6.517628], [3.387279, 6.517628], [3.387277, 6.51763], [3.387277, 6.517633], [3.387275, 6.517634], [3.387275, 6.517636], [3.387274, 6.517639], [3.387275, 6.51764], [3.387275, 6.517642], [3.387274, 6.517646], [3.387273, 6.517646], [3.387273, 6.517649], [3.387274, 6.517648], [3.387275, 6.517644], [3.387275, 6.517643], [3.387278, 6.51764], [3.387275, 6.517643], [3.387275, 6.517643], [3.387277, 6.517645], [3.38728, 6.517641], [3.38728, 6.517635], [3.387274, 6.517631], [3.387277, 6.517629], [3.387283, 6.517644], [3.387282, 6.517634], [3.387278, 6.517637], [3.387285, 6.517635], [3.387286, 6.517633], [3.387285, 6.517633], [3.387283, 6.517638], [3.387279, 6.517641], [3.387278, 6.51765], [3.387274, 6.517657], [3.387274, 6.517657], [3.387274, 6.517657], [3.387274, 6.517657], [3.387279, 6.517664], [3.387282, 6.517665], [3.38729, 6.517657], [3.387291, 6.517653], [3.387297, 6.517647], [3.387296, 6.51764], [3.3873, 6.517635], [3.387307, 6.517625], [3.387305, 6.517621], [3.387304, 6.517621], [3.387308, 6.517612], [3.387306, 6.517611], [3.387311, 6.517606], [3.387309, 6.517606], [3.387312, 6.517605], [3.387313, 6.517607], [3.387311, 6.517605], [3.387313, 6.517606], [3.387316, 6.517603], [3.387317, 6.517607], [3.387317, 6.517604], [3.387316, 6.517604], [3.387319, 6.517606], [3.387319, 6.517607], [3.387316, 6.51761], [3.387314, 6.517609], [3.387312, 6.517611], [3.387317, 6.517612], [3.387311, 6.517613], [3.387315, 6.517621], [3.38731, 6.517623], [3.387309, 6.517625], [3.387309, 6.517622], [3.387309, 6.517621], [3.387308, 6.517627], [3.387307, 6.517627], [3.387306, 6.517622], [3.387307, 6.517626], [3.387301, 6.517626], [3.387299, 6.517631], [3.387294, 6.517627], [3.387293, 6.517629], [3.387287, 6.517627], [3.387291, 6.517635], [3.387286, 6.517629], [3.387284, 6.51764], [3.387281, 6.517641], [3.387279, 6.517642], [3.387279, 6.517642], [3.387281, 6.517644], [3.38728, 6.517637], [3.387283, 6.517637], [3.387283, 6.517635], [3.387278, 6.517628], [3.387278, 6.517629], [3.387277, 6.517629], [3.387278, 6.517633], [3.387284, 6.517639], [3.387271, 6.517639], [3.387261, 6.517622], [3.387274, 6.517637], [3.387276, 6.517628], [3.38727, 6.517623], [3.387272, 6.517623], [3.387271, 6.517616], [3.387274, 6.517618], [3.387275, 6.517618], [3.387275, 6.517611], [3.387274, 6.517611], [3.387277, 6.517612], [3.387278, 6.517614], [3.387277, 6.517614], [3.387277, 6.517619], [3.387275, 6.517618], [3.387269, 6.517608], [3.387269, 6.517608], [3.387257, 6.517594], [3.387251, 6.517588], [3.387248, 6.517585], [3.387243, 6.517581], [3.387238, 6.517576], [3.387239, 6.517576], [3.387233, 6.517579], [3.38723, 6.517579], [3.38723, 6.517579], [3.38722, 6.517568], [3.38722, 6.517568], [3.38722, 6.517568], [3.387216, 6.517569], [3.387215, 6.517569], [3.387215, 6.517569], [3.387215, 6.517569], [3.387215, 6.517569], [3.387215, 6.517569], [3.387215, 6.517569], [3.387215, 6.517569], [3.387215, 6.517569], [3.387224, 6.517595], [3.387225, 6.517595], [3.387225, 6.517595], [3.38723, 6.517588], [3.38723, 6.517587], [3.38723, 6.517586], [3.387232, 6.517594], [3.387232, 6.517594], [3.387232, 6.517594], [3.387232, 6.517594], [3.387236, 6.517601], [3.387244, 6.517605], [3.387247, 6.517593], [3.387253, 6.517598], [3.387256, 6.517604], [3.387257, 6.517606], [3.387257, 6.517606], [3.387257, 6.517606], [3.387261, 6.517601], [3.387264, 6.517604], [3.387266, 6.51761], [3.387268, 6.517608], [3.387265, 6.517603], [3.387263, 6.517604], [3.387267, 6.517604], [3.387259, 6.517604], [3.38725, 6.517605], [3.387242, 6.517598], [3.387246, 6.517582], [3.387246, 6.517582], [3.387243, 6.517578], [3.387229, 6.51758], [3.387229, 6.51758], [3.387232, 6.517585], [3.387232, 6.517585], [3.387234, 6.517586], [3.387234, 6.517586], [3.387237, 6.517592], [3.387238, 6.517594], [3.387238, 6.517598], [3.387238, 6.517598], [3.387236, 6.517603], [3.387237, 6.51761], [3.387237, 6.51761], [3.387237, 6.517609], [3.387232, 6.51761], [3.387235, 6.5176], [3.387237, 6.517603], [3.387245, 6.517607], [3.387245, 6.51761], [3.387247, 6.517612], [3.387248, 6.517613], [3.387254, 6.517614], [3.38725, 6.51761], [3.387252, 6.517607], [3.387255, 6.517604], [3.387254, 6.517601], [3.387254, 6.517601], [3.387257, 6.5176], [3.387256, 6.5176], [3.387257, 6.517601], [3.387256, 6.517599], [3.387261, 6.517598], [3.387264, 6.517597], [3.387267, 6.517593], [3.387271, 6.517585], [3.387268, 6.517581], [3.387271, 6.517577], [3.387273, 6.517573], [3.387274, 6.51757], [3.387273, 6.517566], [3.387271, 6.517562], [3.387271, 6.517562], [3.387273, 6.517565], [3.387276, 6.517564], [3.387275, 6.517558], [3.387275, 6.517556], [3.387275, 6.517557], [3.387274, 6.517557], [3.387279, 6.517556], [3.387282, 6.517557], [3.38728, 6.517554], [3.387277, 6.517555], [3.387277, 6.517554], [3.387275, 6.517552], [3.387283, 6.517551], [3.387279, 6.517554], [3.387279, 6.517553], [3.387277, 6.517555], [3.387276, 6.517551], [3.387273, 6.517549], [3.387273, 6.51755], [3.38727, 6.517547], [3.387269, 6.517549], [3.387262, 6.517549], [3.387259, 6.517548], [3.387257, 6.51755], [3.387256, 6.51755], [3.387255, 6.517551], [3.387251, 6.517547], [3.387251, 6.517552], [3.387251, 6.517552], [3.387244, 6.517554], [3.387243, 6.517555], [3.387239, 6.517555], [3.387238, 6.517557], [3.387235, 6.517557], [3.387232, 6.51756], [3.38723, 6.517556], [3.38723, 6.517557], [3.387227, 6.517566], [3.387221, 6.517571], [3.387214, 6.517572], [3.387207, 6.517575], [3.387215, 6.517577], [3.387211, 6.517572], [3.387207, 6.517574], [3.387195, 6.517574], [3.387187, 6.51757], [3.387181, 6.517569], [3.387172, 6.517565], [3.387161, 6.51756], [3.387132, 6.51756], [3.387133, 6.51756], [3.387134, 6.51756], [3.387121, 6.517555], [3.387115, 6.517551], [3.387105, 6.51755], [3.387095, 6.51755], [3.387086, 6.517551], [3.387077, 6.517552], [3.387072, 6.517553], [3.387062, 6.517554], [3.387056, 6.517555], [3.387043, 6.517556], [3.387037, 6.517555], [3.387032, 6.51755], [3.387022, 6.517552], [3.387014, 6.517554], [3.38701, 6.517557], [3.387001, 6.517556], [3.38699, 6.517557], [3.386987, 6.517555], [3.386986, 6.517555], [3.386981, 6.517558], [3.38697, 6.51756], [3.38696, 6.517562], [3.38695, 6.517564], [3.386941, 6.517564], [3.386933, 6.517564], [3.386922, 6.517562], [3.386911, 6.517562], [3.386897, 6.517561], [3.386885, 6.51756], [3.386878, 6.517562], [3.386866, 6.517561], [3.386858, 6.517561], [3.386849, 6.517561], [3.386841, 6.517562], [3.386829, 6.517562], [3.38682, 6.517557], [3.386809, 6.517559], [3.386802, 6.517558], [3.386791, 6.517556], [3.386782, 6.517551], [3.386771, 6.517546], [3.386765, 6.517543], [3.386759, 6.517535], [3.386753, 6.517525], [3.386751, 6.517523], [3.386751, 6.517519], [3.386744, 6.517514], [3.386738, 6.517508], [3.386736, 6.517505], [3.386734, 6.517502], [3.386739, 6.517493], [3.386738, 6.517494], [3.386737, 6.517497], [3.386738, 6.517498], [3.386735, 6.517499], [3.386735, 6.517498], [3.38674, 6.5175], [3.386741, 6.517498], [3.386739, 6.517498], [3.386739, 6.517497], [3.386745, 6.517501], [3.386743, 6.517501], [3.386742, 6.517502], [3.38675, 6.517501], [3.386751, 6.517502], [3.386751, 6.517502], [3.386749, 6.517502], [3.386748, 6.517503], [3.386747, 6.517504], [3.386745, 6.517506], [3.386742, 6.517506], [3.38674, 6.517508], [3.386744, 6.517507], [3.386742, 6.517508], [3.386742, 6.517506], [3.386739, 6.517503], [3.386732, 6.517498], [3.38672, 6.517486], [3.386715, 6.517481], [3.386713, 6.517477], [3.386711, 6.517467], [3.386708, 6.517456], [3.386706, 6.517446], [3.386708, 6.517439], [3.386714, 6.51743], [3.386714, 6.517425], [3.386715, 6.517425], [3.386711, 6.517422], [3.386702, 6.517422], [3.38669, 6.517422], [3.386679, 6.517423], [3.386666, 6.517423], [3.386657, 6.517424], [3.386642, 6.517413], [3.38663, 6.517402], [3.386621, 6.517397], [3.386612, 6.517392], [3.386603, 6.517389], [3.386594, 6.517387], [3.38658, 6.517381], [3.386561, 6.517385], [3.386531, 6.517386], [3.386508, 6.517389], [3.38648, 6.51739], [3.38646, 6.517389], [3.386437, 6.517394], [3.38641, 6.51739], [3.38641, 6.51739], [3.386372, 6.517399], [3.386372, 6.517399], [3.386347, 6.517405], [3.386347, 6.517405], [3.386313, 6.517415], [3.386313, 6.517415], [3.386272, 6.517417], [3.386211, 6.517436], [3.386191, 6.51744], [3.38617, 6.517452], [3.386149, 6.517462], [3.386127, 6.51747], [3.386098, 6.517478], [3.38603, 6.517482], [3.386003, 6.517485], [3.385977, 6.517485], [3.385952, 6.51749], [3.385924, 6.517494], [3.385896, 6.517493], [3.385872, 6.517502], [3.385843, 6.517501], [3.385819, 6.517511], [3.385798, 6.517524], [3.385772, 6.517529], [3.385751, 6.517528], [3.385722, 6.517534], [3.385689, 6.517521], [3.385669, 6.517512], [3.385653, 6.517496], [3.385639, 6.517475], [3.385625, 6.517456], [3.385608, 6.517431], [3.385593, 6.51741], [3.385586, 6.517393], [3.385573, 6.517373], [3.385571, 6.517364], [3.385565, 6.517351], [3.385557, 6.517342], [3.38555, 6.517328], [3.385554, 6.517317], [3.385554, 6.517301], [3.38555, 6.517285], [3.385545, 6.517268], [3.385543, 6.517254], [3.385543, 6.517237], [3.385539, 6.517222], [3.385537, 6.517214], [3.385534, 6.517202], [3.385528, 6.517192], [3.385517, 6.517179], [3.385507, 6.517175], [3.385494, 6.517171], [3.385477, 6.517166], [3.385466, 6.517167], [3.385453, 6.517166], [3.385438, 6.517164], [3.385426, 6.517163], [3.385411, 6.517164], [3.385395, 6.517163], [3.385381, 6.517162], [3.385366, 6.51716], [3.385353, 6.517161], [3.385342, 6.517158], [3.385328, 6.517156], [3.385318, 6.517151], [3.385306, 6.517152], [3.385289, 6.51715], [3.385274, 6.51715], [3.38526, 6.51715], [3.385246, 6.517151], [3.385231, 6.517151], [3.385215, 6.517148], [3.385205, 6.517148], [3.385186, 6.517153], [3.385176, 6.517146], [3.385166, 6.51714], [3.385157, 6.517127], [3.385157, 6.517115], [3.385156, 6.5171], [3.385159, 6.517084], [3.385158, 6.517074], [3.385163, 6.517063], [3.385161, 6.51705], [3.38516, 6.517035], [3.385159, 6.517021], [3.385157, 6.517006], [3.385155, 6.516993], [3.385153, 6.516979], [3.385153, 6.516964], [3.385151, 6.516952], [3.38515, 6.516944], [3.385149, 6.516932], [3.385153, 6.516918], [3.385154, 6.516906], [3.385155, 6.516892], [3.385152, 6.516876], [3.385152, 6.516862], [3.385148, 6.516851], [3.385148, 6.51684], [3.385149, 6.516828], [3.385148, 6.516817], [3.385145, 6.516807], [3.385141, 6.516795], [3.385137, 6.516783], [3.385136, 6.516771], [3.385131, 6.516759], [3.385124, 6.516751], [3.385122, 6.516736], [3.385117, 6.516726], [3.385113, 6.516716], [3.38511, 6.516708], [3.3851, 6.516697], [3.385093, 6.516683], [3.385093, 6.516667], [3.385096, 6.516654], [3.385097, 6.516645], [3.385085, 6.516632], [3.385083, 6.516617], [3.38508, 6.516602], [3.38509, 6.516592], [3.38509, 6.516574], [3.38509, 6.516559], [3.385097, 6.516549], [3.385097, 6.516535], [3.385097, 6.516522], [3.385099, 6.51651], [3.3851, 6.516498], [3.385099, 6.516482], [3.385099, 6.516469], [3.385095, 6.516456], [3.385096, 6.516444], [3.385093, 6.516431], [3.385091, 6.516419], [3.38509, 6.516406], [3.385087, 6.516398], [3.385088, 6.516382], [3.385088, 6.516372], [3.385085, 6.516359], [3.385084, 6.516346], [3.385084, 6.516331], [3.385086, 6.516319], [3.385084, 6.516309], [3.385088, 6.516298], [3.385086, 6.516286], [3.385091, 6.516275], [3.385093, 6.51626], [3.38509, 6.516238], [3.385097, 6.516229], [3.385102, 6.516218], [3.385103, 6.516208], [3.385103, 6.516197], [3.385107, 6.516184], [3.385106, 6.516167], [3.385108, 6.51616], [3.385114, 6.516148], [3.385118, 6.516133], [3.385126, 6.516126], [3.385131, 6.516114], [3.385137, 6.516105], [3.38514, 6.516094], [3.385142, 6.516079], [3.385142, 6.516066], [3.385145, 6.516055], [3.385149, 6.51604], [3.385158, 6.516028], [3.385162, 6.516017], [3.385167, 6.516009], [3.385175, 6.516004], [3.385188, 6.515999], [3.385199, 6.515992], [3.385209, 6.515985], [3.385218, 6.515977], [3.385225, 6.515967], [3.385236, 6.515959], [3.385243, 6.515948], [3.385246, 6.515937], [3.385257, 6.515924], [3.385262, 6.515915], [3.385272, 6.515906], [3.385282, 6.515897], [3.385294, 6.515878], [3.385312, 6.515857], [3.38534, 6.515843], [3.385356, 6.515833], [3.385372, 6.515807], [3.385381, 6.515787], [3.38539, 6.515769], [3.385409, 6.515746], [3.385409, 6.515746], [3.385417, 6.515721], [3.385417, 6.515721], [3.385425, 6.515697], [3.385425, 6.515697], [3.38544, 6.515673], [3.38544, 6.515673], [3.385453, 6.51565], [3.385453, 6.51565], [3.385467, 6.515634], [3.385479, 6.515625], [3.385488, 6.515618], [3.385501, 6.515613], [3.38551, 6.515609], [3.38552, 6.515605], [3.385527, 6.515599], [3.385535, 6.515592], [3.385547, 6.515588], [3.38556, 6.515583], [3.385566, 6.515579], [3.385581, 6.515574], [3.385592, 6.515569], [3.385607, 6.515565], [3.385614, 6.515563], [3.38563, 6.515558], [3.385644, 6.515556], [3.385651, 6.515552], [3.385666, 6.515549], [3.385678, 6.515544], [3.385693, 6.515544], [3.385707, 6.515541], [3.385715, 6.515538], [3.385723, 6.515537], [3.385735, 6.51553], [3.385749, 6.515525], [3.385759, 6.515521], [3.385772, 6.515515], [3.385782, 6.515511], [3.385791, 6.515506], [3.385799, 6.5155], [3.385806, 6.515494], [3.385821, 6.515492], [3.385833, 6.515489], [3.385847, 6.515487], [3.385858, 6.515481], [3.385869, 6.51548], [3.385881, 6.515477], [3.385892, 6.515475], [3.385903, 6.515473], [3.385915, 6.515469], [3.385928, 6.515466], [3.385935, 6.515465], [3.385954, 6.51546], [3.385964, 6.515457], [3.385978, 6.515452], [3.385985, 6.515447], [3.385995, 6.515447], [3.386011, 6.515445], [3.386024, 6.515441], [3.386035, 6.515433], [3.386043, 6.515431], [3.386049, 6.515427], [3.386058, 6.51542], [3.38607, 6.515413], [3.38608, 6.515407], [3.386087, 6.515399], [3.386093, 6.515393], [3.3861, 6.515382], [3.386106, 6.515372], [3.386107, 6.515364], [3.386116, 6.515357], [3.386124, 6.515346], [3.386129, 6.515337], [3.386137, 6.515328], [3.386143, 6.515315], [3.386146, 6.515303], [3.38616, 6.515295], [3.386166, 6.515286], [3.386172, 6.515277], [3.386175, 6.515263], [3.386176, 6.515252], [3.386184, 6.515246], [3.386193, 6.515235], [3.386201, 6.515226], [3.38621, 6.515215], [3.386214, 6.515208], [3.386216, 6.515194], [3.386222, 6.515185], [3.386227, 6.515177], [3.386238, 6.515169], [3.386249, 6.515159], [3.386261, 6.51515], [3.386263, 6.515139], [3.386271, 6.515128], [3.386273, 6.515119], [3.386283, 6.51511], [3.386288, 6.5151], [3.386293, 6.515088], [3.386298, 6.515079], [3.386305, 6.515069], [3.386312, 6.51506], [3.386322, 6.515052], [3.386318, 6.515046], [3.386331, 6.515037], [3.386339, 6.515025], [3.386349, 6.515019], [3.386359, 6.515011], [3.386365, 6.515001], [3.386374, 6.514991], [3.38638, 6.51498], [3.386383, 6.514969], [3.386389, 6.514962], [3.386397, 6.514952], [3.3864, 6.514944], [3.386406, 6.514934], [3.386414, 6.514925], [3.38643, 6.514915], [3.386436, 6.514907], [3.386446, 6.514902], [3.386454, 6.514893], [3.386462, 6.514882], [3.386469, 6.514874], [3.386474, 6.514863], [3.386483, 6.514855], [3.386492, 6.514846], [3.386501, 6.514835], [3.386508, 6.514826], [3.38652, 6.514815], [3.386525, 6.514806], [3.386535, 6.514796], [3.386539, 6.514786], [3.386548, 6.514779], [3.386553, 6.51477], [3.386558, 6.514762], [3.386565, 6.514751], [3.386565, 6.51474], [3.38657, 6.514727], [3.386576, 6.514718], [3.386586, 6.514714], [3.3866, 6.514705], [3.386605, 6.514694], [3.386611, 6.514682], [3.386619, 6.51467], [3.386627, 6.51466], [3.386632, 6.514651], [3.38664, 6.514642], [3.386651, 6.514633], [3.386663, 6.514627], [3.386668, 6.514621], [3.386674, 6.514611], [3.38668, 6.514598], [3.386687, 6.514589], [3.386692, 6.51458], [3.3867, 6.514567], [3.386709, 6.514555], [3.386714, 6.514546], [3.386718, 6.514535], [3.386725, 6.514524], [3.386732, 6.514514], [3.386738, 6.514503], [3.38675, 6.514497], [3.386755, 6.51449], [3.386755, 6.514489], [3.386766, 6.514469], [3.386778, 6.514462], [3.386782, 6.514451], [3.386787, 6.514444], [3.3868, 6.514433], [3.386812, 6.514425], [3.386817, 6.514419], [3.386828, 6.514409], [3.386833, 6.514396], [3.386839, 6.514388], [3.386848, 6.514376], [3.386856, 6.514365], [3.386865, 6.514356], [3.386875, 6.514351], [3.386887, 6.514343], [3.386894, 6.514335], [3.386899, 6.514323], [3.386909, 6.514317], [3.386921, 6.514319], [3.386938, 6.514306], [3.386953, 6.514296], [3.386957, 6.514286], [3.38697, 6.514276], [3.386989, 6.514266], [3.386992, 6.514262], [3.387003, 6.514252], [3.387014, 6.514247], [3.387023, 6.514245], [3.387035, 6.514236], [3.387044, 6.514229], [3.387053, 6.51422], [3.387055, 6.514213], [3.387068, 6.514194], [3.387085, 6.514177], [3.387106, 6.51416], [3.387126, 6.514144], [3.387128, 6.514139], [3.387145, 6.514123], [3.387154, 6.514111], [3.387154, 6.514111], [3.387168, 6.514096], [3.387168, 6.514096], [3.38718, 6.514079], [3.38718, 6.514079], [3.387181, 6.514056], [3.387181, 6.514056], [3.387207, 6.514041], [3.38721, 6.514031], [3.387223, 6.514023], [3.387223, 6.514023], [3.387242, 6.514007], [3.387242, 6.514007], [3.387254, 6.51399], [3.387262, 6.513981], [3.387266, 6.513973], [3.387279, 6.513969], [3.387289, 6.513965], [3.387299, 6.513959], [3.387308, 6.513954], [3.387322, 6.51395], [3.387349, 6.513929], [3.387351, 6.513938], [3.387354, 6.513924], [3.387355, 6.513912], [3.387367, 6.513905], [3.387378, 6.513898], [3.387395, 6.513892], [3.387405, 6.513885], [3.38741, 6.513875], [3.387416, 6.513866], [3.387419, 6.513856], [3.387426, 6.513844], [3.387434, 6.513836], [3.38744, 6.513826], [3.387447, 6.513815], [3.387451, 6.513806], [3.387457, 6.513797], [3.387467, 6.51379], [3.387474, 6.513783], [3.38748, 6.513772], [3.387487, 6.513765], [3.387496, 6.513759], [3.387503, 6.513752], [3.38751, 6.513744], [3.387517, 6.513735], [3.387528, 6.513726], [3.387534, 6.513719], [3.387543, 6.513712], [3.387552, 6.513705], [3.387562, 6.513704], [3.38757, 6.513701], [3.387583, 6.513699], [3.387593, 6.513697], [3.387606, 6.513704], [3.387618, 6.513704], [3.387634, 6.513701], [3.387645, 6.513699], [3.387655, 6.513698], [3.387663, 6.513701], [3.387677, 6.5137], [3.387688, 6.513697], [3.387699, 6.513696], [3.387708, 6.513693], [3.387719, 6.513696], [3.387729, 6.513693], [3.387741, 6.513696], [3.38775, 6.513701], [3.387759, 6.513707], [3.387769, 6.513714], [3.38778, 6.513714], [3.387789, 6.513716], [3.387803, 6.51372], [3.387812, 6.51373], [3.387822, 6.513733], [3.387833, 6.513738], [3.387845, 6.513742], [3.387857, 6.513745], [3.387866, 6.513745], [3.387878, 6.513747], [3.387888, 6.513742], [3.387903, 6.513738], [3.387914, 6.513733], [3.387923, 6.513729], [3.387936, 6.513724], [3.387948, 6.513719], [3.38796, 6.513713], [3.38797, 6.513706], [3.387978, 6.5137], [3.38799, 6.513694], [3.388002, 6.513687], [3.388008, 6.513678], [3.38802, 6.513668], [3.388026, 6.513658], [3.388035, 6.513649], [3.388042, 6.513641], [3.388049, 6.513633], [3.388058, 6.513623], [3.388064, 6.513615], [3.388076, 6.513606], [3.38809, 6.513603], [3.388101, 6.5136], [3.388113, 6.513595], [3.388127, 6.513593], [3.388139, 6.513591], [3.388152, 6.51359], [3.388164, 6.51359], [3.388177, 6.513586], [3.388188, 6.513582], [3.388202, 6.513575], [3.388209, 6.513567], [3.388219, 6.513558], [3.388226, 6.513553], [3.388236, 6.513547], [3.38825, 6.51354], [3.38826, 6.513536], [3.388273, 6.513528], [3.388284, 6.513523], [3.388295, 6.513515], [3.388307, 6.51351], [3.388317, 6.513502], [3.388325, 6.513497], [3.388342, 6.513492], [3.38835, 6.513487], [3.38836, 6.513484], [3.388368, 6.513476], [3.388378, 6.513469], [3.388386, 6.513462], [3.388398, 6.513456], [3.388408, 6.513449], [3.388418, 6.513443], [3.388425, 6.513433], [3.388436, 6.513425], [3.388447, 6.513423], [3.388461, 6.51342], [3.388474, 6.513416], [3.388486, 6.51341], [3.388496, 6.513403], [3.388509, 6.513398], [3.388515, 6.513389], [3.388523, 6.513383], [3.388533, 6.51338], [3.388547, 6.513376], [3.388556, 6.513368], [3.388567, 6.513361], [3.388579, 6.513352], [3.388589, 6.513346], [3.388601, 6.513338], [3.388611, 6.513331], [3.388622, 6.513322], [3.388633, 6.513315], [3.388642, 6.513306], [3.388656, 6.513304], [3.388665, 6.513298], [3.388673, 6.51329], [3.388684, 6.513282], [3.388694, 6.513274], [3.388704, 6.513268], [3.388714, 6.513265], [3.388728, 6.51326], [3.388738, 6.513255], [3.388753, 6.513251], [3.388763, 6.513248], [3.388777, 6.513243], [3.388787, 6.513236], [3.388792, 6.513231], [3.388807, 6.513227], [3.388816, 6.51322], [3.388828, 6.513217], [3.388838, 6.51321], [3.388848, 6.513204], [3.388857, 6.513198], [3.388873, 6.51319], [3.388882, 6.51319], [3.388892, 6.513185], [3.388903, 6.513179], [3.388916, 6.513176], [3.388929, 6.513172], [3.388937, 6.513166], [3.388953, 6.513162], [3.388963, 6.513155], [3.388973, 6.51315], [3.388981, 6.513143], [3.388991, 6.513137], [3.389001, 6.513133], [3.389009, 6.513126], [3.389015, 6.513116], [3.389025, 6.513109], [3.389034, 6.513104], [3.389047, 6.513099], [3.389058, 6.513091], [3.38907, 6.513092], [3.389082, 6.513085], [3.389091, 6.513077], [3.389105, 6.513072], [3.389124, 6.513063], [3.389146, 6.51305], [3.389154, 6.513042], [3.389167, 6.513038], [3.389188, 6.513031], [3.389224, 6.513018], [3.389249, 6.513006], [3.389267, 6.513], [3.389281, 6.512999], [3.389281, 6.512999], [3.389298, 6.512984], [3.389298, 6.512984], [3.389322, 6.512974], [3.389322, 6.512974], [3.389336, 6.512958], [3.38935, 6.512951], [3.389362, 6.512947], [3.389372, 6.512944], [3.389385, 6.512944], [3.389395, 6.51294], [3.389408, 6.512935], [3.389421, 6.51293], [3.389432, 6.512926], [3.389446, 6.512923], [3.389454, 6.512915], [3.38946, 6.512909], [3.389472, 6.512902], [3.389484, 6.512897], [3.389496, 6.512894], [3.389505, 6.512886], [3.389519, 6.512878], [3.389529, 6.512873], [3.389543, 6.51287], [3.389555, 6.512866], [3.389566, 6.512861], [3.389579, 6.512856], [3.389587, 6.512848], [3.389599, 6.512845], [3.389611, 6.512841], [3.389624, 6.512837], [3.389635, 6.512837], [3.389646, 6.512833], [3.389652, 6.512828], [3.389655, 6.512824], [3.389666, 6.512818], [3.389678, 6.512811], [3.389693, 6.512808], [3.389708, 6.512808], [3.389715, 6.512804], [3.389722, 6.512804], [3.389727, 6.512798], [3.389745, 6.512791], [3.389755, 6.512784], [3.389766, 6.512779], [3.389779, 6.512775], [3.389794, 6.512769], [3.389811, 6.512766], [3.389817, 6.512762], [3.389829, 6.512761], [3.389837, 6.512756], [3.389847, 6.512745], [3.389856, 6.512743], [3.389875, 6.512741], [3.389886, 6.512735], [3.3899, 6.512733], [3.389908, 6.51273], [3.389922, 6.51273], [3.389935, 6.512731], [3.389945, 6.512731], [3.389953, 6.512731], [3.389962, 6.51273], [3.389968, 6.512725], [3.389982, 6.512721], [3.389999, 6.512717], [3.390015, 6.512717], [3.390028, 6.512716], [3.390034, 6.512714], [3.390048, 6.512713], [3.390058, 6.512711], [3.390068, 6.512709], [3.390076, 6.512706], [3.390092, 6.512708], [3.390103, 6.512707], [3.390112, 6.512705], [3.390123, 6.512701], [3.390133, 6.512699], [3.39014, 6.512696], [3.390151, 6.512692], [3.390163, 6.512692], [3.390174, 6.51269], [3.390189, 6.512695], [3.390207, 6.512702], [3.39022, 6.512701], [3.390228, 6.512703], [3.390246, 6.512706], [3.390255, 6.512709], [3.39027, 6.51271], [3.390282, 6.512711], [3.390293, 6.51271], [3.390295, 6.512706], [3.390303, 6.512702], [3.390324, 6.512707], [3.390337, 6.512705], [3.390352, 6.512707], [3.390364, 6.51271], [3.390375, 6.512709], [3.390382, 6.512706], [3.390391, 6.512707], [3.390405, 6.512706], [3.390425, 6.51271], [3.39043, 6.512709], [3.39044, 6.512708], [3.390451, 6.512706], [3.390466, 6.512709], [3.390476, 6.512707], [3.390491, 6.512704], [3.390505, 6.512706], [3.390513, 6.512703], [3.390528, 6.512707], [3.390536, 6.51271], [3.390549, 6.512708], [3.390561, 6.512707], [3.390567, 6.512703], [3.390581, 6.512704], [3.390594, 6.512704], [3.390606, 6.512706], [3.390622, 6.51271], [3.390637, 6.512714], [3.390656, 6.512721], [3.390673, 6.512728], [3.390683, 6.512731], [3.390689, 6.512725], [3.390708, 6.512733], [3.390729, 6.512734], [3.390738, 6.512735], [3.390752, 6.512747], [3.39076, 6.512745], [3.390772, 6.512746], [3.390784, 6.512749], [3.390792, 6.512754], [3.390801, 6.512754], [3.39081, 6.512759], [3.390815, 6.512758], [3.390818, 6.512757], [3.390821, 6.512755], [3.390839, 6.512755], [3.390853, 6.512756], [3.390857, 6.512753], [3.390865, 6.512749], [3.390869, 6.512756], [3.390884, 6.512757], [3.390894, 6.512763], [3.390905, 6.512769], [3.390913, 6.512772], [3.390922, 6.512774], [3.39093, 6.512776], [3.390942, 6.512778], [3.390952, 6.51278], [3.39096, 6.512785], [3.390968, 6.512789], [3.390978, 6.512795], [3.390985, 6.512799], [3.390993, 6.512802], [3.391, 6.512807], [3.391004, 6.512811], [3.391009, 6.512816], [3.391011, 6.51282], [3.391014, 6.512827], [3.391017, 6.512832], [3.391019, 6.512837], [3.391018, 6.512844], [3.391015, 6.512839], [3.391014, 6.512841], [3.391016, 6.512836], [3.391014, 6.512832], [3.391015, 6.512832], [3.391015, 6.512833], [3.391017, 6.51284], [3.391018, 6.512834], [3.39102, 6.512833], [3.391018, 6.512837], [3.391021, 6.512836], [3.39102, 6.512837], [3.391019, 6.512841], [3.39102, 6.512843], [3.391021, 6.512849], [3.391021, 6.512849], [3.391023, 6.51285], [3.391023, 6.512853], [3.391023, 6.512855], [3.391021, 6.512858], [3.391022, 6.512864], [3.391027, 6.512863], [3.391025, 6.512874], [3.391029, 6.512878], [3.391033, 6.512882], [3.391033, 6.512888], [3.391039, 6.512892], [3.39104, 6.512897], [3.391047, 6.512902], [3.391053, 6.512904], [3.39107, 6.5129], [3.391087, 6.512892], [3.391103, 6.512886], [3.391112, 6.512885], [3.391133, 6.512885], [3.391149, 6.512886], [3.391188, 6.512884], [3.391199, 6.512883], [3.391231, 6.512879], [3.391251, 6.512877], [3.391276, 6.512883], [3.391284, 6.512889], [3.391284, 6.512889], [3.391306, 6.512888], [3.391306, 6.512888], [3.391331, 6.512892], [3.391331, 6.512892], [3.391348, 6.5129], [3.391348, 6.5129], [3.391367, 6.512899], [3.391386, 6.5129], [3.3914, 6.512898], [3.3914, 6.512898], [3.391429, 6.512911], [3.391429, 6.512911], [3.391444, 6.512916], [3.391458, 6.512917], [3.391468, 6.512922], [3.391482, 6.512922], [3.391494, 6.51293], [3.391506, 6.512932], [3.391515, 6.512935], [3.391525, 6.512934], [3.391536, 6.512938], [3.391549, 6.512939], [3.391562, 6.512943], [3.391573, 6.512945], [3.391586, 6.512955], [3.391588, 6.512956], [3.391604, 6.512962], [3.391599, 6.512957], [3.39162, 6.512961], [3.391635, 6.512966], [3.391648, 6.51297], [3.391656, 6.512977], [3.391664, 6.512976], [3.391683, 6.512983], [3.391699, 6.512984], [3.391712, 6.512992], [3.391731, 6.512994], [3.391743, 6.512992], [3.391753, 6.512996], [3.391763, 6.512996], [3.391775, 6.512999], [3.391785, 6.513], [3.391801, 6.513008], [3.391806, 6.513007], [3.391821, 6.513009], [3.391831, 6.513012], [3.391844, 6.51301], [3.391853, 6.513013], [3.391863, 6.513014], [3.39187, 6.513018], [3.391884, 6.513021], [3.391894, 6.513024], [3.391903, 6.513027], [3.391912, 6.513028], [3.391922, 6.513032], [3.391934, 6.513036], [3.391945, 6.513039], [3.391955, 6.513042], [3.391968, 6.513044], [3.391976, 6.513046], [3.391985, 6.513046], [3.391998, 6.51305], [3.392008, 6.513051], [3.392017, 6.513046], [3.39203, 6.513044], [3.392046, 6.513045], [3.392059, 6.513045], [3.392068, 6.51305], [3.392084, 6.513054], [3.392095, 6.513065], [3.392104, 6.513065], [3.392115, 6.513066], [3.392129, 6.513074], [3.39214, 6.513075], [3.392155, 6.513078], [3.392171, 6.513083], [3.392185, 6.513089], [3.392196, 6.513089], [3.392205, 6.51309], [3.392214, 6.513095], [3.392224, 6.513099], [3.392236, 6.513096], [3.39225, 6.513096], [3.392265, 6.513095], [3.392276, 6.513099], [3.392286, 6.513103], [3.392297, 6.513105], [3.392308, 6.513106], [3.392319, 6.513109], [3.39233, 6.51311], [3.39234, 6.513115], [3.392351, 6.513116], [3.392365, 6.513117], [3.392377, 6.51312], [3.392389, 6.51312], [3.392402, 6.513122], [3.392412, 6.513124], [3.392422, 6.513126], [3.392433, 6.513126], [3.392444, 6.513128], [3.392455, 6.513132], [3.392466, 6.513136], [3.392478, 6.513139], [3.392488, 6.513141], [3.3925, 6.513146], [3.392512, 6.513147], [3.392522, 6.513149], [3.392535, 6.513151], [3.392548, 6.513155], [3.392557, 6.513155], [3.392567, 6.513157], [3.392577, 6.513158], [3.39259, 6.51316], [3.392601, 6.51316], [3.392613, 6.513162], [3.392622, 6.513163], [3.392635, 6.513167], [3.392646, 6.513169], [3.392658, 6.513173], [3.392668, 6.513176], [3.39268, 6.513181], [3.392692, 6.513184], [3.392702, 6.513189], [3.392714, 6.513195], [3.392726, 6.513198], [3.392738, 6.513199], [3.39275, 6.513201], [3.392759, 6.513203], [3.392773, 6.513205], [3.392783, 6.513208], [3.392794, 6.513211], [3.392806, 6.513213], [3.392818, 6.513214], [3.392833, 6.51321], [3.392842, 6.513208], [3.392855, 6.513212], [3.392867, 6.513214], [3.392878, 6.513214], [3.39289, 6.513218], [3.3929, 6.513222], [3.392913, 6.513231], [3.392925, 6.513235], [3.392935, 6.513237], [3.392944, 6.513239], [3.392948, 6.51324], [3.392954, 6.51324], [3.392968, 6.513242], [3.392982, 6.513245], [3.392993, 6.513246], [3.393005, 6.513247], [3.393016, 6.513251], [3.393026, 6.513252], [3.393038, 6.513252], [3.393052, 6.513258], [3.393063, 6.513261], [3.393074, 6.513262], [3.393087, 6.513264], [3.393098, 6.513267], [3.393108, 6.51327], [3.39312, 6.513272], [3.393131, 6.513274], [3.393144, 6.513276], [3.393157, 6.513278], [3.393167, 6.513282], [3.393179, 6.513285], [3.393192, 6.513287], [3.393197, 6.513292], [3.393211, 6.513293], [3.393224, 6.513296], [3.393236, 6.5133], [3.393247, 6.513301], [3.393257, 6.513304], [3.393268, 6.513305], [3.393278, 6.513308], [3.39329, 6.51331], [3.393297, 6.513316], [3.393314, 6.51332], [3.393323, 6.513321], [3.393334, 6.513323], [3.393344, 6.513324], [3.393356, 6.513327], [3.393369, 6.513328], [3.393382, 6.513331], [3.393392, 6.513333], [3.393403, 6.513336], [3.393415, 6.513337], [3.393425, 6.513339], [3.393438, 6.513343], [3.393447, 6.513344], [3.393451, 6.513347], [3.393466, 6.513348], [3.393481, 6.513349], [3.393491, 6.513355], [3.393503, 6.513357], [3.393515, 6.51336], [3.393527, 6.513363], [3.393537, 6.513365], [3.393553, 6.513366], [3.393572, 6.513372], [3.393591, 6.513379], [3.393619, 6.513381], [3.393654, 6.513387], [3.393683, 6.513395], [3.393694, 6.513395], [3.393694, 6.513395], [3.393716, 6.513398], [3.393716, 6.513398], [3.393737, 6.513403], [3.393737, 6.513403], [3.393757, 6.513408], [3.393757, 6.513408], [3.39378, 6.513413], [3.393794, 6.513416], [3.393806, 6.513419], [3.393817, 6.513425], [3.393827, 6.513429], [3.393839, 6.513431], [3.39385, 6.513432], [3.393862, 6.513434], [3.393873, 6.513436], [3.393884, 6.51344], [3.393897, 6.513443], [3.393907, 6.513446], [3.393917, 6.513448], [3.39393, 6.513448], [3.393939, 6.513453], [3.393953, 6.513457], [3.393964, 6.51346], [3.393978, 6.513459], [3.39399, 6.513462], [3.393999, 6.513465], [3.394008, 6.513467], [3.394017, 6.513468], [3.394033, 6.513472], [3.394044, 6.513476], [3.394057, 6.51348], [3.394069, 6.513482], [3.394079, 6.513483], [3.39409, 6.513487], [3.3941, 6.513488], [3.394111, 6.51349], [3.394125, 6.513492], [3.394138, 6.513495], [3.394151, 6.513498], [3.394161, 6.513498], [3.394175, 6.513503], [3.394186, 6.513508], [3.394197, 6.513512], [3.394209, 6.513513], [3.394222, 6.513517], [3.394234, 6.513522], [3.394248, 6.513524], [3.394259, 6.513526], [3.394268, 6.513527], [3.394282, 6.513532], [3.394295, 6.513533], [3.394304, 6.513536], [3.394317, 6.51354], [3.39433, 6.513543], [3.394341, 6.513545], [3.394355, 6.513547], [3.394363, 6.51355], [3.394374, 6.513552], [3.394385, 6.513555], [3.394386, 6.513554], [3.394403, 6.513557], [3.394416, 6.51356], [3.394426, 6.513562], [3.394437, 6.513567], [3.394447, 6.513566], [3.394459, 6.513571], [3.394468, 6.513577], [3.394479, 6.513578], [3.394491, 6.51358], [3.394505, 6.513583], [3.39452, 6.513586], [3.394533, 6.513586], [3.394544, 6.513587], [3.394552, 6.513591], [3.394562, 6.513592], [3.394574, 6.513597], [3.39459, 6.513599], [3.394601, 6.5136], [3.394614, 6.513599], [3.394625, 6.513602], [3.394634, 6.513605], [3.394644, 6.513608], [3.394662, 6.513608], [3.394673, 6.513608], [3.394687, 6.51361], [3.394698, 6.513615], [3.394704, 6.513621], [3.394714, 6.513628], [3.394726, 6.513632], [3.394741, 6.513635], [3.394755, 6.513637], [3.394763, 6.513638], [3.394774, 6.513638], [3.394784, 6.51364], [3.394797, 6.513644], [3.394806, 6.513649], [3.394819, 6.51365], [3.394833, 6.513652], [3.394845, 6.513654], [3.394858, 6.513657], [3.39487, 6.513659], [3.394879, 6.513659], [3.394889, 6.513662], [3.3949, 6.513667], [3.394915, 6.513672], [3.394928, 6.513673], [3.394939, 6.513674], [3.39495, 6.513677], [3.394963, 6.513683], [3.394972, 6.513686], [3.394984, 6.513688], [3.394997, 6.513694], [3.395008, 6.513696], [3.39502, 6.513701], [3.395029, 6.513697], [3.395045, 6.513703], [3.395054, 6.513708], [3.395063, 6.513714], [3.395069, 6.513719], [3.395081, 6.513722], [3.395099, 6.513725], [3.395112, 6.513728], [3.39512, 6.513728], [3.395129, 6.513731], [3.395141, 6.513737], [3.395153, 6.513739], [3.395162, 6.513741], [3.395175, 6.513741], [3.395193, 6.513744], [3.395202, 6.513748], [3.395213, 6.51375], [3.395225, 6.513753], [3.395236, 6.513755], [3.395252, 6.513756], [3.395268, 6.513757], [3.39528, 6.513759], [3.395297, 6.513755], [3.395307, 6.513756], [3.39532, 6.513759], [3.395327, 6.513763], [3.395341, 6.513762], [3.395353, 6.513761], [3.395372, 6.513765], [3.39538, 6.513768], [3.395389, 6.513768], [3.395398, 6.51377], [3.395412, 6.513771], [3.395423, 6.513774], [3.395435, 6.513775], [3.39545, 6.513776], [3.395463, 6.513778], [3.395471, 6.513779], [3.39548, 6.513785], [3.395494, 6.513784], [3.395507, 6.513785], [3.39552, 6.513785], [3.395531, 6.513782], [3.395545, 6.513783], [3.395561, 6.513782], [3.395572, 6.513786], [3.395582, 6.513785], [3.395597, 6.513789], [3.395611, 6.513792], [3.395621, 6.513791], [3.395629, 6.513789], [3.395648, 6.513792], [3.395659, 6.513793], [3.395672, 6.513795], [3.395686, 6.513793], [3.395696, 6.513791], [3.395707, 6.513792], [3.395723, 6.513792], [3.395734, 6.513785], [3.395746, 6.513786], [3.395761, 6.513788], [3.395779, 6.513787], [3.395791, 6.513787], [3.395796, 6.513794], [3.39581, 6.5138], [3.395824, 6.513797], [3.395837, 6.513798], [3.395854, 6.513797], [3.395869, 6.513802], [3.395885, 6.513806], [3.395899, 6.513802], [3.395922, 6.513802], [3.395931, 6.513801], [3.395943, 6.513804], [3.395949, 6.513803], [3.395967, 6.5138], [3.39598, 6.513806], [3.395996, 6.513815], [3.396009, 6.513817], [3.396021, 6.513819], [3.396041, 6.513804], [3.396075, 6.513809], [3.3961, 6.513818], [3.39613, 6.513815], [3.39615, 6.513826], [3.396155, 6.513832], [3.39618, 6.513838], [3.396207, 6.513842], [3.396229, 6.513842], [3.396229, 6.513842], [3.396252, 6.513843], [3.396252, 6.513843], [3.396277, 6.513842], [3.396277, 6.513842], [3.396305, 6.513838], [3.396305, 6.513838], [3.396334, 6.513841], [3.396345, 6.513838], [3.396353, 6.513839], [3.396373, 6.513838], [3.396384, 6.513844], [3.396395, 6.513837], [3.39641, 6.513837], [3.396426, 6.513842], [3.396431, 6.513843], [3.396444, 6.513844], [3.396459, 6.513842], [3.396475, 6.513844], [3.396487, 6.513843], [3.396501, 6.513842], [3.396514, 6.51384], [3.396523, 6.513837], [3.396533, 6.513838], [3.396548, 6.513839], [3.396561, 6.513839], [3.396574, 6.513841], [3.396586, 6.513839], [3.3966, 6.513839], [3.396613, 6.513837], [3.396625, 6.513837], [3.396634, 6.513836], [3.396647, 6.513837], [3.396658, 6.513836], [3.396672, 6.513836], [3.396689, 6.513837], [3.396698, 6.51384], [3.396712, 6.513841], [3.396722, 6.51384], [3.396732, 6.513838], [3.396743, 6.513836], [3.396757, 6.513838], [3.396773, 6.513837], [3.396786, 6.513839], [3.3968, 6.513832], [3.396815, 6.513832], [3.396827, 6.513833], [3.39684, 6.513837], [3.396853, 6.513839], [3.396863, 6.51384], [3.396872, 6.513839], [3.396893, 6.513838], [3.396904, 6.513837], [3.396916, 6.513836], [3.396925, 6.513838], [3.39694, 6.513835], [3.396951, 6.513835], [3.396965, 6.513834], [3.396975, 6.513832], [3.396986, 6.513833], [3.396998, 6.513836], [3.397009, 6.513833], [3.397016, 6.513833], [3.397029, 6.513835], [3.397043, 6.513832], [3.39706, 6.513833], [3.397075, 6.513834], [3.397089, 6.513838], [3.397098, 6.513839], [3.397105, 6.513839], [3.39711, 6.513838], [3.397126, 6.513837], [3.39714, 6.513837], [3.397155, 6.513838], [3.39717, 6.513836], [3.39718, 6.513836], [3.397191, 6.513841], [3.397205, 6.51384], [3.397216, 6.51384], [3.397229, 6.513843], [3.397242, 6.513843], [3.397255, 6.513846], [3.397269, 6.513851], [3.397278, 6.513858], [3.397287, 6.513863], [3.397295, 6.513871], [3.397302, 6.513881], [3.397309, 6.513892], [3.397316, 6.513901], [3.39732, 6.513913], [3.397322, 6.513925], [3.397324, 6.513938], [3.397325, 6.51395], [3.397327, 6.51396], [3.397326, 6.513971], [3.397328, 6.513982], [3.39733, 6.513994], [3.397333, 6.514005], [3.397335, 6.514015], [3.397333, 6.514027], [3.397331, 6.514038], [3.397331, 6.514051], [3.397331, 6.514066], [3.397331, 6.51408], [3.397334, 6.514092], [3.397343, 6.514102], [3.397343, 6.514114], [3.397344, 6.514132], [3.397348, 6.514142], [3.397355, 6.514154], [3.397361, 6.514164], [3.397362, 6.514174], [3.397368, 6.514189], [3.397372, 6.514203], [3.397374, 6.514216], [3.397378, 6.51423], [3.397383, 6.514239], [3.397389, 6.514251], [3.397394, 6.514264], [3.3974, 6.514275], [3.397401, 6.514283], [3.397403, 6.514293], [3.397406, 6.514304], [3.397409, 6.514315], [3.397412, 6.514328], [3.397412, 6.51434], [3.397411, 6.514356], [3.397414, 6.514368], [3.397418, 6.514381], [3.397424, 6.514397], [3.397424, 6.514409], [3.397429, 6.514423], [3.397431, 6.514432], [3.397435, 6.514447], [3.397442, 6.514462], [3.397445, 6.514473], [3.39745, 6.514487], [3.397456, 6.514498], [3.397461, 6.514513], [3.397462, 6.514523], [3.397467, 6.514535], [3.397472, 6.514545], [3.397474, 6.514561], [3.397478, 6.514572], [3.397482, 6.514587], [3.397483, 6.5146], [3.397481, 6.514615], [3.397482, 6.514626], [3.397483, 6.514639], [3.397487, 6.514651], [3.397492, 6.514663], [3.397495, 6.514674], [3.397498, 6.514684], [3.397502, 6.514695], [3.397504, 6.514708], [3.397504, 6.514723], [3.397502, 6.514735], [3.397499, 6.514748], [3.397499, 6.514756], [3.397499, 6.514767], [3.3975, 6.514779], [3.397506, 6.514791], [3.397511, 6.514803], [3.397519, 6.514816], [3.397525, 6.51483], [3.397531, 6.51484], [3.397536, 6.514849], [3.397538, 6.514865], [3.397539, 6.514873], [3.39754, 6.514882], [3.397536, 6.514894], [3.39754, 6.514902], [3.397543, 6.514918], [3.397546, 6.51493], [3.397546, 6.514944], [3.397547, 6.514955], [3.397547, 6.514963], [3.397548, 6.514975], [3.397552, 6.514987], [3.397557, 6.515003], [3.397562, 6.515015], [3.397563, 6.515025], [3.397565, 6.515039], [3.397563, 6.515054], [3.397564, 6.515067], [3.397566, 6.515073], [3.397567, 6.515081], [3.39757, 6.515098], [3.397571, 6.515108], [3.397573, 6.515121], [3.397569, 6.515135], [3.397568, 6.515147], [3.397571, 6.515158], [3.397573, 6.51517], [3.397578, 6.515182], [3.397581, 6.515195], [3.397589, 6.515218], [3.397583, 6.515238], [3.397589, 6.515263], [3.397596, 6.515293], [3.397597, 6.515309], [3.3976, 6.515345], [3.397604, 6.515367], [3.397605, 6.51538], [3.397605, 6.51538], [3.397606, 6.5154], [3.397606, 6.5154], [3.397597, 6.515427], [3.397591, 6.515442], [3.397591, 6.515461], [3.397591, 6.515473], [3.397588, 6.515489], [3.397585, 6.515501], [3.397583, 6.515511], [3.397583, 6.515525], [3.397577, 6.515541], [3.397573, 6.515553], [3.397571, 6.515564], [3.397572, 6.515574], [3.397564, 6.515589], [3.397566, 6.515601], [3.397561, 6.515612], [3.397556, 6.515622], [3.397553, 6.515628], [3.397547, 6.51564], [3.397545, 6.515654], [3.397541, 6.515664], [3.397539, 6.515676], [3.397539, 6.515681], [3.397535, 6.515691], [3.397529, 6.515702], [3.397521, 6.515712], [3.397521, 6.515719], [3.397518, 6.515729], [3.397516, 6.515739], [3.397513, 6.515752], [3.397516, 6.515755], [3.397514, 6.515773], [3.397513, 6.515785], [3.397518, 6.515791], [3.397511, 6.515804], [3.397507, 6.515813], [3.397499, 6.515829], [3.397492, 6.515839], [3.397487, 6.515849], [3.397482, 6.515859], [3.39748, 6.515866], [3.397474, 6.515878], [3.397466, 6.515886], [3.397461, 6.515897], [3.397461, 6.515904], [3.397459, 6.515917], [3.397455, 6.515928], [3.397455, 6.515936], [3.397451, 6.515948], [3.397452, 6.515958], [3.397451, 6.51597], [3.397449, 6.515979], [3.397447, 6.51599], [3.397441, 6.515997], [3.397434, 6.516008], [3.397429, 6.516019], [3.397429, 6.516026], [3.397427, 6.51604], [3.397424, 6.516053], [3.397421, 6.516065], [3.397418, 6.516075], [3.397414, 6.516087], [3.397413, 6.516094], [3.397407, 6.516106], [3.397406, 6.516117], [3.397405, 6.516126], [3.3974, 6.516137], [3.397397, 6.516151], [3.39739, 6.516161], [3.397382, 6.516168], [3.397373, 6.516177], [3.397363, 6.516187], [3.397354, 6.516197], [3.397348, 6.516207], [3.397341, 6.516215], [3.39734, 6.516223], [3.397337, 6.516236], [3.397333, 6.516246], [3.397329, 6.516258], [3.397327, 6.516266], [3.397322, 6.516278], [3.397318, 6.516286], [3.397315, 6.516296], [3.39731, 6.516304], [3.397305, 6.516319], [3.397299, 6.516329], [3.397301, 6.516336], [3.397305, 6.516337], [3.397302, 6.516339], [3.397301, 6.51635], [3.3973, 6.516356], [3.397299, 6.516362], [3.397293, 6.516372], [3.39729, 6.516379], [3.397288, 6.516387], [3.397286, 6.516395], [3.397283, 6.5164], [3.397282, 6.516401], [3.397283, 6.516398], [3.397282, 6.516397], [3.39727, 6.516403], [3.39727, 6.516398], [3.397267, 6.516399], [3.397265, 6.516419], [3.397266, 6.516421], [3.397266, 6.516421], [3.397268, 6.516423], [3.397268, 6.516422], [3.397272, 6.516425], [3.397276, 6.516423], [3.39728, 6.516424], [3.397281, 6.516423], [3.397285, 6.516422], [3.397284, 6.516428], [3.39728, 6.516438], [3.397276, 6.51645], [3.397274, 6.51646], [3.397272, 6.516468], [3.397255, 6.516491], [3.397251, 6.516496], [3.397248, 6.516501], [3.397251, 6.51651], [3.397247, 6.516527], [3.397243, 6.516547], [3.397237, 6.516557], [3.397232, 6.516573], [3.397226, 6.516598], [3.397224, 6.516614], [3.397219, 6.516636], [3.397212, 6.516664], [3.397212, 6.516664], [3.397206, 6.516681], [3.397206, 6.516681], [3.397205, 6.516695], [3.3972, 6.516704], [3.397194, 6.51673], [3.397192, 6.516747], [3.397192, 6.516747], [3.397188, 6.516767], [3.397188, 6.516767], [3.397186, 6.516794], [3.397187, 6.516808], [3.397188, 6.516816], [3.397191, 6.516823], [3.397191, 6.516834], [3.397184, 6.516845], [3.397181, 6.51686], [3.397179, 6.516879], [3.397182, 6.51689], [3.397183, 6.516901], [3.397188, 6.516901], [3.397183, 6.516916], [3.397177, 6.516935], [3.397173, 6.516939], [3.397174, 6.516954], [3.397175, 6.516973], [3.397173, 6.51698], [3.39717, 6.516982], [3.397169, 6.516992], [3.397169, 6.517007], [3.397168, 6.517023], [3.397167, 6.517034], [3.397165, 6.517047], [3.397165, 6.517061], [3.397164, 6.517072], [3.397165, 6.517083], [3.397161, 6.517094], [3.397159, 6.517106], [3.397159, 6.517113], [3.397159, 6.517124], [3.397157, 6.517135], [3.397155, 6.517145], [3.397157, 6.517157], [3.397159, 6.517164], [3.397155, 6.517174], [3.397151, 6.517184], [3.39715, 6.517193], [3.39715, 6.517199], [3.397151, 6.517215], [3.397152, 6.517223], [3.397151, 6.517232], [3.397152, 6.517244], [3.397155, 6.51726], [3.397156, 6.517272], [3.397157, 6.517287], [3.397157, 6.517299], [3.397159, 6.517309], [3.397155, 6.517317], [3.397152, 6.517327], [3.397151, 6.517338], [3.397146, 6.517357], [3.397147, 6.517369], [3.397137, 6.517382], [3.397133, 6.517392], [3.397135, 6.517407], [3.397137, 6.517417], [3.397139, 6.517432], [3.397141, 6.517441], [3.39714, 6.517452], [3.397144, 6.517465], [3.397145, 6.517475], [3.397143, 6.517491], [3.397143, 6.517507], [3.397146, 6.517522], [3.397146, 6.517529], [3.397148, 6.517541], [3.397147, 6.517553], [3.397145, 6.517567], [3.397147, 6.517577], [3.397152, 6.517587], [3.397153, 6.517599], [3.397149, 6.517624], [3.397155, 6.517632], [3.397159, 6.517641], [3.397158, 6.517651], [3.397161, 6.517658], [3.39716, 6.517673], [3.397161, 6.517686], [3.397166, 6.5177], [3.39717, 6.517714], [3.397172, 6.517725], [3.397175, 6.517742], [3.397178, 6.517752], [3.397178, 6.517767], [3.397178, 6.517783], [3.397179, 6.517796], [3.397175, 6.517812], [3.397177, 6.517822], [3.397178, 6.517833], [3.397179, 6.517842], [3.397181, 6.517854], [3.397182, 6.517866], [3.397184, 6.517873], [3.397185, 6.517889], [3.397186, 6.517903], [3.397181, 6.517912], [3.397175, 6.517915], [3.397171, 6.517927], [3.397174, 6.517939], [3.397176, 6.517952], [3.397177, 6.517966], [3.397176, 6.517979], [3.397172, 6.517984], [3.397175, 6.517991], [3.397174, 6.518006], [3.397173, 6.518017], [3.397172, 6.51803], [3.397173, 6.518045], [3.39717, 6.518059], [3.39717, 6.518073], [3.397173, 6.518082], [3.397176, 6.5181], [3.397179, 6.518117], [3.397177, 6.518126], [3.397178, 6.518142], [3.397175, 6.518156], [3.397172, 6.518169], [3.397173, 6.51818], [3.397167, 6.518187], [3.397169, 6.518201], [3.397175, 6.51821], [3.397168, 6.518226], [3.397165, 6.518241], [3.397164, 6.518251], [3.397164, 6.518263], [3.39716, 6.518279], [3.397152, 6.518298], [3.397147, 6.518305], [3.397141, 6.518318], [3.39714, 6.518329], [3.397134, 6.518337], [3.397134, 6.518344], [3.397128, 6.518352], [3.397122, 6.518363], [3.397116, 6.518377], [3.397112, 6.518388], [3.397105, 6.518402], [3.397101, 6.518412], [3.397096, 6.518426], [3.397098, 6.518441], [3.397092, 6.518448], [3.39709, 6.518457], [3.397094, 6.518468], [3.397086, 6.51848], [3.397079, 6.518487], [3.39707, 6.5185], [3.397064, 6.518503], [3.397058, 6.51851], [3.397055, 6.518518], [3.397055, 6.518522], [3.397063, 6.518545], [3.397068, 6.518559], [3.397057, 6.518575], [3.397055, 6.518576], [3.397046, 6.518587], [3.397028, 6.518599], [3.397017, 6.51861], [3.397001, 6.518621], [3.396993, 6.518629], [3.396986, 6.518632], [3.396976, 6.518641], [3.396969, 6.518653], [3.396966, 6.518665], [3.39696, 6.518674], [3.396953, 6.518681], [3.396943, 6.518688], [3.396936, 6.518698], [3.396933, 6.518703], [3.396924, 6.518715], [3.396918, 6.518723], [3.396912, 6.518732], [3.396906, 6.518741], [3.396903, 6.518747], [3.396895, 6.518754], [3.396887, 6.518764], [3.396881, 6.518761], [3.396871, 6.518756], [3.396856, 6.51875], [3.396851, 6.518745], [3.396844, 6.518743], [3.396827, 6.518735], [3.396817, 6.518733], [3.39681, 6.51873], [3.396802, 6.518727], [3.396778, 6.518718], [3.396769, 6.518714], [3.396746, 6.518709], [3.39673, 6.518705], [3.396717, 6.518705], [3.396699, 6.518704], [3.396669, 6.518683], [3.396669, 6.518683], [3.396648, 6.518675], [3.396648, 6.518675], [3.396632, 6.518666], [3.396624, 6.518661], [3.396612, 6.518657], [3.396603, 6.518654], [3.396596, 6.518652], [3.396583, 6.518648], [3.396577, 6.518649], [3.396569, 6.51865], [3.396556, 6.518646], [3.396547, 6.518638], [3.396536, 6.51863], [3.39653, 6.518633], [3.396515, 6.51863], [3.396504, 6.518626], [3.396496, 6.518621], [3.396482, 6.518616], [3.396468, 6.51861], [3.396461, 6.518603], [3.396452, 6.518596], [3.396443, 6.518594], [3.396428, 6.518587], [3.396414, 6.518583], [3.396402, 6.518583], [3.396393, 6.518581], [3.396383, 6.518575], [3.396372, 6.518572], [3.396358, 6.518569], [3.396349, 6.518565], [3.396344, 6.518567], [3.396333, 6.518561], [3.396321, 6.518557], [3.396306, 6.518554], [3.396297, 6.518553], [3.396286, 6.51855], [3.396273, 6.51855], [3.396265, 6.518549], [3.396253, 6.518546], [3.396242, 6.518548], [3.396229, 6.518547], [3.396219, 6.518545], [3.396209, 6.518542], [3.396195, 6.518536], [3.396183, 6.518532], [3.396174, 6.518531], [3.396163, 6.51853], [3.396148, 6.518524], [3.396137, 6.51852], [3.396123, 6.518517], [3.396112, 6.518514], [3.3961, 6.518514], [3.396089, 6.518514], [3.396079, 6.518508], [3.396066, 6.518502], [3.396054, 6.518498], [3.39604, 6.518498], [3.396031, 6.5185], [3.396019, 6.518499], [3.396005, 6.518499], [3.39599, 6.518496], [3.395976, 6.518495], [3.395964, 6.518492], [3.39595, 6.518491], [3.39594, 6.518487], [3.395926, 6.518486], [3.395915, 6.518485], [3.395903, 6.518483], [3.39589, 6.518484], [3.395875, 6.518483], [3.395863, 6.518483], [3.39585, 6.518481], [3.395837, 6.518482], [3.395823, 6.518484], [3.395813, 6.518485], [3.395801, 6.518484], [3.395785, 6.518484], [3.395771, 6.51848], [3.395758, 6.51848], [3.39575, 6.518481], [3.395739, 6.518481], [3.395727, 6.51848], [3.395717, 6.51848], [3.395703, 6.518481], [3.395693, 6.518483], [3.39568, 6.518484], [3.395664, 6.518484], [3.395653, 6.518483], [3.395644, 6.518486], [3.39563, 6.518487], [3.395616, 6.518488], [3.395603, 6.518492], [3.395588, 6.518491], [3.395576, 6.518491], [3.395558, 6.518488], [3.395546, 6.518487], [3.395534, 6.518484], [3.395521, 6.518484], [3.395505, 6.518486], [3.395494, 6.518487], [3.39548, 6.518484], [3.395469, 6.518486], [3.395456, 6.518491], [3.395443, 6.518494], [3.395433, 6.518497], [3.395419, 6.518494], [3.395407, 6.518498], [3.395403, 6.518495], [3.395383, 6.518493], [3.395371, 6.518494], [3.395359, 6.518495], [3.395347, 6.518494], [3.395333, 6.518492], [3.39532, 6.518494], [3.395313, 6.518499], [3.395298, 6.5185], [3.395284, 6.5185], [3.395269, 6.518497], [3.395261, 6.518501], [3.395249, 6.518501], [3.395236, 6.518502], [3.395224, 6.518503], [3.395213, 6.518504], [3.3952, 6.518503], [3.395189, 6.518503], [3.395175, 6.518501], [3.395159, 6.518497], [3.395147, 6.518501], [3.395132, 6.518507], [3.395118, 6.518505], [3.395106, 6.518504], [3.395094, 6.518503], [3.395083, 6.518505], [3.39507, 6.518506], [3.39506, 6.518507], [3.39505, 6.518513], [3.395039, 6.518517], [3.395024, 6.518519], [3.395011, 6.518519], [3.395001, 6.518516], [3.394989, 6.518516], [3.394975, 6.518515], [3.394966, 6.518521], [3.394953, 6.518524], [3.394944, 6.518524], [3.394933, 6.518529], [3.39492, 6.518531], [3.394911, 6.518528], [3.394899, 6.518527], [3.394882, 6.518529], [3.394873, 6.51853], [3.39486, 6.518531], [3.394857, 6.518526], [3.394849, 6.518518], [3.394853, 6.51851], [3.394855, 6.518512], [3.394853, 6.518512], [3.394854, 6.518511], [3.394855, 6.518509], [3.394854, 6.518511], [3.394855, 6.51851], [3.394853, 6.518513], [3.394852, 6.518516], [3.394853, 6.518514], [3.394854, 6.518514], [3.394855, 6.518511], [3.394859, 6.518512], [3.394859, 6.518512], [3.394859, 6.518511], [3.394857, 6.518511], [3.394857, 6.518512], [3.394858, 6.518512], [3.394858, 6.518513], [3.39486, 6.518509], [3.394859, 6.518511], [3.394858, 6.51851], [3.394857, 6.51851], [3.394859, 6.518509], [3.394859, 6.51851], [3.39486, 6.518507], [3.394856, 6.518507], [3.394859, 6.518507], [3.394858, 6.518506], [3.394855, 6.518505], [3.394854, 6.518503], [3.394855, 6.518502], [3.394846, 6.518496], [3.394848, 6.518498], [3.394845, 6.518497], [3.394837, 6.518501], [3.394834, 6.518501], [3.394837, 6.5185], [3.394839, 6.5185], [3.394838, 6.518499], [3.394837, 6.518502], [3.394837, 6.518501], [3.394838, 6.518503], [3.394831, 6.518502], [3.394828, 6.518499], [3.394826, 6.518498], [3.394824, 6.518495], [3.394827, 6.518476], [3.394827, 6.518455], [3.394827, 6.518433], [3.39483, 6.518417], [3.39483, 6.518417], [3.394846, 6.518402], [3.394846, 6.518402], [3.394862, 6.51839], [3.394862, 6.51839], [3.394885, 6.518382], [3.394895, 6.51838], [3.394908, 6.518377], [3.39492, 6.518372], [3.394931, 6.518368], [3.394941, 6.518362], [3.394946, 6.518358], [3.394962, 6.518351], [3.39497, 6.518349], [3.394983, 6.518344], [3.394994, 6.518338], [3.395003, 6.518329], [3.395011, 6.518317], [3.395019, 6.518308], [3.395028, 6.518297], [3.395035, 6.518289], [3.395044, 6.518279], [3.395053, 6.518268], [3.395057, 6.518257], [3.395065, 6.518248], [3.395073, 6.518237], [3.395074, 6.518223], [3.395072, 6.518211], [3.395066, 6.518199], [3.395063, 6.518184], [3.395061, 6.518172], [3.395056, 6.518159], [3.39505, 6.518145], [3.395043, 6.518137], [3.395039, 6.518125], [3.395038, 6.51811], [3.395037, 6.518099], [3.395032, 6.518084], [3.39503, 6.518071], [3.395028, 6.51806], [3.395025, 6.51805], [3.395018, 6.518037], [3.395017, 6.518025], [3.395009, 6.518015], [3.395002, 6.518006], [3.394997, 6.517995], [3.394994, 6.517979], [3.394993, 6.517971], [3.394988, 6.517963], [3.394985, 6.517953], [3.394978, 6.517944], [3.394983, 6.517929], [3.394972, 6.517922], [3.394967, 6.517911], [3.394957, 6.517897], [3.394957, 6.517886], [3.394953, 6.517877], [3.394947, 6.517866], [3.394937, 6.517859], [3.394931, 6.517848], [3.394923, 6.517837], [3.394917, 6.517826], [3.394916, 6.517815], [3.394911, 6.517805], [3.394907, 6.517796], [3.394908, 6.517782], [3.394909, 6.517769], [3.394907, 6.517756], [3.394905, 6.517745], [3.394902, 6.517733], [3.3949, 6.517721], [3.394896, 6.51771], [3.394891, 6.517704], [3.394883, 6.517695], [3.394879, 6.517683], [3.394872, 6.517671], [3.394867, 6.517665], [3.394859, 6.517654], [3.394854, 6.517643], [3.394853, 6.517631], [3.394847, 6.517618], [3.394841, 6.517607], [3.394838, 6.517597], [3.394831, 6.517584], [3.394823, 6.517578], [3.394817, 6.517569], [3.394818, 6.517559], [3.394815, 6.517547], [3.394805, 6.517539], [3.3948, 6.51752], [3.394796, 6.517513], [3.394789, 6.517504], [3.394783, 6.517494], [3.394777, 6.517491], [3.394774, 6.517482], [3.394773, 6.51747], [3.394769, 6.51746], [3.394768, 6.51745], [3.394763, 6.517443], [3.394757, 6.517431], [3.394751, 6.517425], [3.394744, 6.517416], [3.394735, 6.517408], [3.394727, 6.517399], [3.39472, 6.51739], [3.394712, 6.517382], [3.394703, 6.517374], [3.394693, 6.517367], [3.394685, 6.517358], [3.394676, 6.517352], [3.394669, 6.517345], [3.394662, 6.517335], [3.39465, 6.517328], [3.394645, 6.517319], [3.394636, 6.51731], [3.394627, 6.517304], [3.39462, 6.517295], [3.394611, 6.517287], [3.394602, 6.51728], [3.394595, 6.517272], [3.394587, 6.517262], [3.394584, 6.517253], [3.394576, 6.517244], [3.394568, 6.517238], [3.39456, 6.517232], [3.39455, 6.517225], [3.394541, 6.517219], [3.394535, 6.517211], [3.394529, 6.517205], [3.394518, 6.517195], [3.394508, 6.517188], [3.3945, 6.517178], [3.39449, 6.517168], [3.394482, 6.51716], [3.394476, 6.517153], [3.394467, 6.517141], [3.394456, 6.517134], [3.394448, 6.517124], [3.394438, 6.517113], [3.394432, 6.517105], [3.394424, 6.517096], [3.394416, 6.517088], [3.394409, 6.517082], [3.3944, 6.517073], [3.394389, 6.517064], [3.39438, 6.517054], [3.394372, 6.517046], [3.394366, 6.51704], [3.394358, 6.517031], [3.394352, 6.517026], [3.394346, 6.517014], [3.394337, 6.517005], [3.39433, 6.517], [3.394322, 6.51699], [3.394314, 6.516981], [3.394308, 6.51697], [3.3943, 6.516962], [3.394289, 6.516955], [3.394281, 6.516948], [3.394276, 6.516938], [3.394278, 6.516937], [3.394281, 6.516939], [3.39428, 6.51694], [3.394279, 6.51694], [3.394281, 6.516942], [3.394278, 6.516942], [3.394278, 6.516944], [3.394276, 6.516942], [3.394275, 6.51695], [3.394277, 6.516953], [3.394281, 6.51695], [3.394281, 6.516946], [3.394275, 6.516942], [3.394267, 6.516937], [3.394261, 6.516926], [3.394252, 6.51692], [3.394244, 6.51691], [3.394236, 6.516901], [3.394231, 6.51689], [3.394227, 6.516878], [3.394223, 6.516868], [3.394217, 6.516859], [3.394212, 6.516845], [3.394204, 6.516833], [3.394202, 6.516825], [3.394197, 6.516811], [3.394193, 6.516799], [3.394179, 6.516782], [3.39417, 6.516773], [3.394161, 6.516764], [3.394153, 6.516756], [3.394145, 6.516747], [3.394136, 6.516743], [3.394129, 6.516733], [3.394117, 6.516721], [3.394103, 6.516702], [3.394096, 6.516696], [3.394081, 6.516681], [3.394073, 6.516672], [3.394051, 6.516646], [3.394048, 6.516634], [3.39403, 6.516616], [3.394007, 6.516587], [3.394007, 6.516587], [3.393989, 6.51657], [3.393989, 6.51657], [3.393971, 6.516548], [3.393954, 6.516531], [3.393945, 6.516523], [3.393945, 6.516523], [3.393925, 6.516506], [3.393925, 6.516506], [3.393908, 6.51649], [3.393899, 6.516479], [3.393893, 6.516469], [3.393885, 6.516459], [3.393875, 6.516448], [3.393865, 6.516444], [3.393857, 6.516438], [3.393845, 6.516427], [3.39384, 6.516415], [3.393833, 6.516405], [3.393825, 6.516395], [3.393816, 6.516384], [3.393811, 6.516376], [3.393802, 6.516363], [3.393797, 6.516356], [3.39379, 6.516344], [3.393784, 6.516331], [3.393779, 6.516321], [3.393778, 6.51631], [3.393775, 6.5163], [3.393769, 6.516288], [3.393764, 6.516279], [3.393759, 6.516266], [3.393757, 6.516255], [3.393753, 6.516251], [3.39375, 6.516238], [3.393747, 6.516228], [3.393745, 6.516217], [3.393745, 6.516209], [3.393745, 6.516197], [3.393744, 6.516184], [3.393744, 6.516174], [3.393743, 6.51616], [3.393745, 6.516151], [3.393745, 6.51614], [3.393746, 6.51613], [3.393748, 6.51612], [3.393752, 6.516107], [3.393756, 6.516095], [3.39376, 6.516088], [3.393768, 6.516079], [3.393773, 6.51607], [3.393778, 6.516058], [3.393785, 6.516044], [3.393791, 6.516037], [3.393794, 6.516031], [3.393801, 6.516023], [3.393809, 6.516011], [3.393819, 6.516002], [3.39383, 6.515994], [3.393841, 6.515986], [3.393851, 6.515978], [3.393861, 6.51597], [3.393869, 6.515966], [3.39388, 6.51596], [3.39389, 6.515954], [3.3939, 6.515947], [3.39391, 6.515942], [3.393922, 6.515938], [3.393934, 6.515933], [3.393948, 6.515928], [3.39396, 6.515925], [3.393973, 6.515923], [3.393982, 6.515918], [3.393993, 6.515916], [3.394003, 6.515916], [3.394011, 6.515912], [3.394025, 6.515909], [3.394036, 6.51591], [3.394053, 6.515905], [3.394059, 6.515903], [3.394069, 6.515901], [3.394076, 6.515901], [3.394087, 6.515903], [3.394101, 6.515903], [3.394113, 6.515906], [3.394122, 6.515903], [3.394136, 6.515901], [3.394143, 6.5159], [3.394154, 6.515896], [3.394165, 6.515894], [3.394179, 6.515895], [3.394189, 6.515893], [3.3942, 6.515891], [3.394214, 6.515889], [3.394222, 6.515886], [3.394233, 6.515889], [3.394245, 6.51589], [3.394256, 6.515886], [3.394262, 6.515882], [3.394273, 6.515884], [3.394284, 6.515879], [3.394293, 6.515882], [3.394305, 6.515881], [3.394311, 6.515879], [3.394326, 6.515877], [3.394337, 6.515876], [3.394347, 6.515874], [3.394359, 6.515869], [3.394369, 6.515866], [3.394379, 6.515864], [3.394391, 6.515866], [3.394405, 6.51587], [3.394416, 6.515871], [3.39443, 6.51587], [3.394443, 6.51587], [3.394451, 6.515872], [3.394461, 6.515876], [3.394478, 6.515885], [3.394488, 6.515891], [3.394497, 6.515902], [3.394512, 6.515913], [3.394516, 6.51592], [3.394527, 6.51593], [3.394535, 6.515942], [3.394545, 6.515955], [3.39455, 6.515963], [3.394559, 6.51597], [3.394566, 6.515985], [3.394571, 6.515997], [3.394575, 6.516008], [3.394576, 6.516019], [3.394573, 6.516029], [3.39458, 6.51604], [3.394587, 6.51606], [3.394585, 6.516065], [3.394589, 6.516075], [3.394588, 6.516086], [3.394592, 6.516099], [3.394591, 6.51611], [3.39459, 6.51612], [3.394587, 6.516134], [3.394586, 6.516159], [3.394589, 6.516164], [3.394595, 6.516173], [3.394599, 6.516184], [3.394604, 6.516198], [3.394606, 6.516211], [3.394607, 6.516223], [3.39461, 6.516234], [3.394611, 6.516246], [3.39461, 6.51626], [3.39461, 6.516272], [3.394613, 6.516286], [3.394617, 6.516298], [3.394618, 6.51631], [3.394617, 6.516323], [3.394617, 6.516335], [3.394617, 6.516349], [3.394616, 6.51636], [3.394618, 6.516373], [3.394619, 6.516384], [3.394621, 6.516391], [3.394621, 6.5164], [3.394621, 6.516412], [3.394623, 6.516427], [3.394622, 6.516436], [3.394619, 6.516448], [3.394622, 6.51646], [3.39462, 6.516472], [3.394624, 6.516482], [3.394628, 6.516494], [3.39463, 6.516505], [3.394632, 6.516519], [3.394629, 6.516527], [3.394634, 6.516538], [3.394638, 6.516553], [3.394638, 6.516565], [3.394638, 6.516577], [3.394636, 6.516591], [3.394635, 6.516603], [3.394637, 6.516618], [3.394639, 6.516627], [3.394647, 6.516645], [3.394649, 6.516661], [3.39465, 6.51667], [3.394649, 6.516681], [3.394653, 6.516693], [3.394652, 6.516703], [3.394648, 6.516717], [3.394654, 6.516727], [3.394652, 6.516738], [3.394651, 6.51675], [3.394653, 6.516759], [3.394654, 6.516771], [3.394655, 6.516785], [3.394656, 6.516797], [3.394657, 6.516806], [3.394658, 6.516817], [3.39466, 6.516839], [3.39466, 6.516851], [3.394665, 6.516862], [3.394666, 6.516873], [3.394672, 6.516892], [3.394671, 6.516905], [3.39467, 6.516918], [3.394672, 6.51693], [3.394663, 6.516947], [3.394648, 6.516959], [3.394629, 6.516974], [3.394624, 6.516981], [3.394617, 6.516988], [3.3946, 6.516994], [3.394594, 6.516998], [3.394579, 6.517008], [3.394569, 6.517014], [3.394562, 6.517019], [3.394562, 6.517019], [3.394537, 6.517027], [3.394529, 6.517029], [3.394521, 6.517028], [3.394511, 6.517027], [3.394499, 6.517025], [3.39449, 6.517028], [3.394477, 6.517033], [3.394462, 6.517032], [3.394459, 6.51703], [3.394448, 6.517029], [3.394438, 6.517026], [3.394429, 6.51702], [3.394419, 6.517013], [3.394412, 6.517007], [3.394406, 6.517003], [3.394397, 6.516995], [3.394386, 6.516987], [3.394376, 6.516979], [3.394371, 6.516975], [3.394364, 6.516972], [3.394357, 6.516963], [3.39435, 6.516956], [3.394341, 6.516949], [3.394334, 6.516938], [3.394327, 6.516931], [3.394322, 6.516922], [3.394317, 6.516916], [3.394311, 6.516908], [3.394308, 6.516905], [3.394309, 6.516906], [3.394309, 6.516908], [3.394309, 6.516909], [3.394309, 6.516909], [3.394307, 6.516908], [3.394308, 6.516907], [3.394309, 6.516907], [3.394309, 6.516907], [3.394309, 6.516908], [3.394308, 6.516908], [3.394308, 6.516909], [3.394308, 6.516909], [3.394307, 6.516905], [3.394307, 6.516906], [3.394306, 6.516905], [3.394306, 6.516906], [3.394305, 6.516907], [3.394305, 6.516905], [3.394301, 6.5169], [3.394288, 6.516896], [3.39428, 6.516887], [3.394277, 6.516888], [3.394268, 6.516877], [3.394259, 6.516865], [3.394254, 6.516857], [3.394245, 6.516849], [3.394238, 6.516843], [3.39423, 6.516828], [3.394221, 6.51682], [3.394217, 6.516816], [3.394209, 6.516808], [3.394202, 6.516799], [3.3942, 6.516798], [3.394192, 6.516792], [3.39418, 6.516781], [3.394175, 6.516776], [3.394166, 6.516767], [3.394157, 6.516759], [3.39415, 6.51675], [3.39414, 6.516742], [3.394129, 6.516732], [3.394122, 6.516725], [3.394115, 6.516718], [3.394108, 6.516711], [3.394102, 6.516703], [3.394095, 6.516692], [3.394087, 6.516683], [3.394079, 6.516678], [3.394071, 6.516671], [3.394067, 6.516664], [3.394057, 6.516654], [3.394051, 6.516645], [3.39404, 6.516635], [3.394033, 6.516624], [3.394025, 6.516616], [3.394018, 6.51661], [3.394009, 6.5166], [3.394003, 6.516591], [3.393994, 6.516582], [3.393987, 6.516576], [3.393981, 6.516568], [3.393974, 6.51656], [3.393966, 6.516553], [3.393958, 6.516547], [3.393948, 6.516539], [3.39394, 6.516531], [3.393932, 6.516522], [3.393924, 6.516517], [3.393917, 6.516506], [3.39391, 6.516496], [3.393902, 6.516489], [3.393894, 6.516486], [3.393887, 6.516479], [3.393879, 6.51647], [3.393873, 6.516461], [3.393865, 6.516454], [3.393854, 6.516443], [3.393849, 6.516436], [3.393845, 6.516429], [3.393837, 6.516419], [3.393827, 6.516411], [3.393821, 6.516402], [3.393815, 6.516393], [3.393806, 6.516385], [3.393798, 6.516373], [3.393793, 6.516363], [3.393788, 6.516352], [3.393778, 6.516339], [3.393774, 6.516332], [3.393769, 6.516323], [3.393767, 6.516312], [3.393764, 6.516301], [3.393758, 6.516285], [3.393751, 6.516276], [3.393749, 6.516267], [3.393749, 6.516258], [3.393746, 6.516246], [3.393742, 6.516232], [3.39374, 6.516223], [3.393737, 6.516211], [3.393736, 6.5162], [3.393732, 6.516179], [3.393732, 6.516178], [3.393735, 6.516168], [3.393736, 6.516154], [3.393733, 6.516135], [3.393735, 6.516125], [3.393736, 6.516119], [3.393739, 6.516107], [3.393749, 6.516097], [3.393753, 6.516087], [3.39376, 6.516075], [3.393767, 6.516066], [3.393774, 6.516054], [3.39378, 6.516045], [3.39379, 6.516036], [3.39379, 6.516032], [3.393805, 6.51602], [3.393812, 6.516008], [3.393823, 6.515997], [3.393823, 6.515986], [3.393832, 6.515982], [3.39384, 6.515975], [3.393849, 6.515966], [3.393861, 6.515959], [3.393873, 6.515952], [3.393882, 6.515946], [3.393893, 6.51594], [3.393901, 6.515935], [3.393912, 6.515931], [3.393921, 6.515925], [3.393926, 6.515921], [3.393937, 6.515919], [3.393948, 6.515916], [3.393957, 6.515915], [3.393966, 6.515913], [3.393976, 6.51591], [3.393991, 6.515908], [3.394005, 6.515903], [3.394013, 6.515899], [3.394026, 6.515898], [3.394037, 6.515897], [3.394048, 6.515898], [3.394062, 6.515901], [3.394072, 6.515899], [3.394085, 6.5159], [3.394094, 6.515901], [3.394107, 6.5159], [3.394115, 6.515897], [3.394127, 6.515895], [3.394136, 6.515895], [3.394151, 6.515894], [3.394163, 6.515893], [3.394173, 6.515891], [3.394177, 6.515885], [3.394191, 6.515883], [3.394205, 6.515884], [3.39422, 6.515885], [3.394228, 6.515886], [3.394239, 6.515885], [3.39425, 6.515884], [3.39426, 6.515885], [3.394271, 6.515881], [3.394282, 6.515879], [3.394296, 6.515879], [3.394304, 6.515877], [3.394311, 6.515872], [3.394325, 6.515871], [3.394337, 6.51587], [3.394348, 6.515869], [3.39436, 6.51587], [3.394375, 6.515868], [3.394384, 6.515867], [3.394396, 6.515867], [3.394468, 6.515875], [3.394472, 6.515881], [3.39448, 6.515884], [3.39448, 6.515886], [3.394479, 6.515887], [3.39448, 6.515889], [3.39448, 6.515888], [3.39448, 6.51589], [3.394478, 6.515889], [3.394477, 6.51589], [3.394477, 6.51589], [3.394477, 6.51589], [3.394474, 6.515889], [3.394473, 6.515887], [3.394473, 6.51589], [3.39448, 6.515891], [3.394493, 6.515893], [3.394503, 6.515902], [3.394503, 6.515906], [3.394513, 6.515916], [3.394519, 6.515926], [3.394527, 6.515933], [3.394534, 6.51594], [3.394542, 6.515944], [3.394548, 6.515953], [3.394556, 6.515963], [3.394562, 6.515974], [3.394569, 6.515985], [3.394573, 6.515993], [3.394578, 6.515999], [3.39458, 6.516009], [3.394582, 6.516025], [3.394588, 6.516037], [3.394591, 6.516048], [3.394593, 6.516058], [3.394596, 6.516065], [3.3946, 6.516083], [3.394599, 6.516091], [3.394599, 6.516101], [3.394597, 6.516114], [3.394595, 6.516126], [3.394598, 6.516135], [3.3946, 6.516152], [3.394604, 6.516162], [3.394604, 6.516171], [3.394606, 6.516185], [3.394608, 6.516198], [3.39461, 6.516213], [3.39461, 6.516227], [3.394609, 6.516238], [3.394611, 6.51625], [3.394612, 6.51626], [3.394615, 6.516271], [3.394618, 6.516281], [3.394618, 6.516293], [3.394618, 6.516305], [3.394619, 6.516316], [3.394619, 6.516331], [3.394621, 6.516345], [3.394637, 6.516356], [3.394627, 6.516364], [3.394628, 6.516378], [3.394632, 6.51639], [3.394635, 6.516399], [3.394634, 6.516411], [3.394635, 6.516426], [3.394632, 6.516441], [3.394633, 6.516451], [3.394633, 6.516463], [3.394631, 6.516472], [3.394635, 6.516482], [3.394635, 6.516493], [3.394631, 6.516506], [3.394633, 6.516519], [3.394641, 6.516528], [3.394646, 6.516537], [3.394645, 6.516551], [3.394646, 6.516571], [3.394642, 6.516581], [3.394641, 6.516591], [3.394642, 6.5166], [3.394639, 6.516619], [3.394641, 6.516627], [3.394642, 6.51664], [3.394644, 6.516648], [3.394648, 6.516661], [3.394649, 6.516672], [3.394652, 6.516685], [3.394653, 6.516695], [3.394657, 6.516706], [3.394655, 6.516711], [3.394658, 6.516719], [3.394658, 6.516735], [3.39466, 6.516752], [3.394659, 6.516763], [3.394659, 6.516774], [3.394662, 6.516785], [3.394662, 6.516793], [3.394663, 6.516806], [3.394664, 6.516822], [3.394669, 6.516835], [3.39467, 6.516846], [3.394672, 6.516852], [3.394673, 6.516861], [3.394673, 6.516874], [3.394673, 6.516886], [3.394673, 6.516897], [3.394672, 6.516904], [3.394671, 6.516911], [3.394672, 6.516924], [3.394671, 6.516938], [3.394664, 6.516951], [3.394654, 6.516957], [3.394645, 6.516963], [3.39464, 6.516972], [3.394628, 6.516978], [3.394617, 6.516985], [3.394609, 6.516992], [3.394599, 6.517], [3.394592, 6.517004], [3.394583, 6.517011], [3.39457, 6.517016], [3.394561, 6.517022], [3.39455, 6.517026], [3.394538, 6.517029], [3.394528, 6.517034], [3.394516, 6.517036], [3.39451, 6.517037], [3.394499, 6.517039], [3.394492, 6.517039], [3.39448, 6.517036], [3.394468, 6.517036], [3.394458, 6.517039], [3.394448, 6.517049], [3.394446, 6.517058], [3.394432, 6.517065], [3.394423, 6.517065], [3.394425, 6.51706], [3.394426, 6.517056], [3.394426, 6.517057], [3.394427, 6.517057], [3.394426, 6.517054], [3.394427, 6.517052], [3.394428, 6.517051], [3.394426, 6.517052], [3.394427, 6.517052], [3.394428, 6.517053], [3.394418, 6.517056], [3.394404, 6.517056], [3.394392, 6.517051], [3.394383, 6.517045], [3.394376, 6.517035], [3.394373, 6.517025], [3.394368, 6.517014], [3.394363, 6.517002], [3.394356, 6.516986], [3.394353, 6.516979], [3.394349, 6.516969], [3.394344, 6.516954], [3.394341, 6.516944], [3.394333, 6.516937], [3.394327, 6.516927], [3.394323, 6.516928], [3.394315, 6.516924], [3.394302, 6.516911], [3.394295, 6.516902], [3.394285, 6.51689], [3.394274, 6.516882], [3.394261, 6.516873], [3.394255, 6.516867], [3.394242, 6.516856], [3.394231, 6.516846], [3.394221, 6.516835], [3.394211, 6.516825], [3.394204, 6.516817], [3.394196, 6.516808], [3.394184, 6.516802], [3.394174, 6.516792], [3.394168, 6.516783], [3.394157, 6.516773], [3.39415, 6.516764], [3.394139, 6.516757], [3.394129, 6.516749], [3.394118, 6.516741], [3.394113, 6.516728], [3.394104, 6.516723], [3.394097, 6.516714], [3.394086, 6.516703], [3.394079, 6.516697], [3.394072, 6.51669], [3.394062, 6.516684], [3.394056, 6.516674], [3.394049, 6.516666], [3.394041, 6.516658], [3.394024, 6.516642], [3.394021, 6.516634], [3.394014, 6.516623], [3.394012, 6.516614], [3.394001, 6.516603], [3.393991, 6.516594], [3.393979, 6.516585], [3.393974, 6.516576], [3.393967, 6.516569], [3.393953, 6.516557], [3.393944, 6.516548], [3.393936, 6.516538], [3.393926, 6.516531], [3.393914, 6.516518], [3.393902, 6.51651], [3.393893, 6.516496], [3.393885, 6.516488], [3.393878, 6.516479], [3.39387, 6.516474], [3.393856, 6.516465], [3.393846, 6.516458], [3.393836, 6.516448], [3.39383, 6.516438], [3.393825, 6.516429], [3.39382, 6.516417], [3.393808, 6.516405], [3.393802, 6.516399], [3.39379, 6.516383], [3.393787, 6.516377], [3.393781, 6.516367], [3.393781, 6.516367], [3.393769, 6.516343], [3.393765, 6.516331], [3.393756, 6.516322], [3.393749, 6.516312], [3.393745, 6.516302], [3.393744, 6.516293], [3.393738, 6.516286], [3.393737, 6.516269], [3.393736, 6.516254], [3.393734, 6.51624], [3.393729, 6.51624], [3.393726, 6.516221], [3.393723, 6.516202], [3.393725, 6.516189], [3.393724, 6.516176], [3.393721, 6.51617], [3.393719, 6.516156], [3.393722, 6.516142], [3.393722, 6.516129], [3.393726, 6.51612], [3.393738, 6.516104], [3.393746, 6.516094], [3.393751, 6.516085], [3.393753, 6.516077], [3.393759, 6.516065], [3.393765, 6.516056], [3.393769, 6.516049], [3.393776, 6.516039], [3.393783, 6.516028], [3.393792, 6.516016], [3.393799, 6.516007], [3.393806, 6.515999], [3.393816, 6.51599], [3.393823, 6.515983], [3.393833, 6.515975], [3.393841, 6.515968], [3.393849, 6.515963], [3.393859, 6.515956], [3.393868, 6.515949], [3.393879, 6.515944], [3.3939, 6.515937], [3.393911, 6.51593], [3.393915, 6.515925], [3.393922, 6.515924], [3.393934, 6.515921], [3.393941, 6.515917], [3.393951, 6.515914], [3.393964, 6.515909], [3.393969, 6.515912], [3.393984, 6.515908], [3.393994, 6.515907], [3.394009, 6.515906], [3.39402, 6.515905], [3.394023, 6.515895], [3.394039, 6.515893], [3.39405, 6.515897], [3.394064, 6.51589], [3.394073, 6.515893], [3.394083, 6.515894], [3.394094, 6.515896], [3.394104, 6.515895], [3.394115, 6.515894], [3.394125, 6.515893], [3.394137, 6.515888], [3.394148, 6.515887], [3.394159, 6.515887], [3.394167, 6.515886], [3.39418, 6.515888], [3.394192, 6.515886], [3.3942, 6.515885], [3.394213, 6.515884], [3.394225, 6.515884], [3.394234, 6.515883], [3.394246, 6.515883], [3.394254, 6.51588], [3.394264, 6.515877], [3.394273, 6.515877], [3.394284, 6.515876], [3.394294, 6.515874], [3.394305, 6.515874], [3.394316, 6.515873], [3.394324, 6.515872], [3.394333, 6.515869], [3.394343, 6.515867], [3.394355, 6.515865], [3.394366, 6.515863], [3.39438, 6.515864], [3.394388, 6.515865], [3.3944, 6.515867], [3.394412, 6.515869], [3.394421, 6.515867], [3.394434, 6.515867], [3.394447, 6.515869], [3.394457, 6.515872], [3.394466, 6.515877], [3.394472, 6.515879], [3.394477, 6.515883], [3.394489, 6.515893], [3.3945, 6.515902], [3.394508, 6.515911], [3.394516, 6.515917], [3.394517, 6.515924], [3.394522, 6.515931], [3.394532, 6.515941], [3.394538, 6.515948], [3.394542, 6.51596], [3.39455, 6.515969], [3.394554, 6.515979], [3.39456, 6.51599], [3.394565, 6.516001], [3.394568, 6.516012], [3.394568, 6.516018], [3.394571, 6.516027], [3.39457, 6.516036], [3.394572, 6.516047], [3.394575, 6.516051], [3.394573, 6.516064], [3.394574, 6.516075], [3.394576, 6.516086], [3.394577, 6.516096], [3.394577, 6.516106], [3.39458, 6.516117], [3.394583, 6.51613], [3.394586, 6.516138], [3.394587, 6.516147], [3.394588, 6.516159], [3.394589, 6.516169], [3.394582, 6.51618], [3.394581, 6.516194], [3.394584, 6.516202], [3.394588, 6.516212], [3.39459, 6.516225], [3.394592, 6.516234], [3.394596, 6.516244], [3.394597, 6.516255], [3.3946, 6.516262], [3.394601, 6.516274], [3.394604, 6.516287], [3.394603, 6.516299], [3.394603, 6.516308], [3.394601, 6.516321], [3.394599, 6.516334], [3.394601, 6.516346], [3.394602, 6.516355], [3.394604, 6.516364], [3.394601, 6.516375], [3.394607, 6.516384], [3.394608, 6.516397], [3.39461, 6.516409], [3.394611, 6.516418], [3.39461, 6.516425], [3.39461, 6.516434], [3.394612, 6.516449], [3.394615, 6.51646], [3.39461, 6.516471], [3.394611, 6.516479], [3.394611, 6.516489], [3.394615, 6.516498], [3.394619, 6.516505], [3.39462, 6.516514], [3.394623, 6.516524], [3.394623, 6.516536], [3.394628, 6.516583], [3.394628, 6.516591], [3.394629, 6.516597], [3.394628, 6.516607], [3.394627, 6.51662], [3.394638, 6.516666], [3.394639, 6.516676], [3.394634, 6.516687], [3.394633, 6.516698], [3.394635, 6.516707], [3.394643, 6.516715], [3.394642, 6.516724], [3.394641, 6.51673], [3.394642, 6.516747], [3.39464, 6.516756], [3.394642, 6.516768], [3.394645, 6.51678], [3.394648, 6.516791], [3.394647, 6.516799], [3.39465, 6.516805], [3.394652, 6.516816], [3.394651, 6.516828], [3.394655, 6.516841], [3.394658, 6.516851], [3.394662, 6.516863], [3.394669, 6.516875], [3.394673, 6.516878], [3.394673, 6.516891], [3.394675, 6.516905], [3.394672, 6.516917], [3.394672, 6.516928], [3.394666, 6.516936], [3.394662, 6.516948], [3.394655, 6.516958], [3.394646, 6.516972], [3.394637, 6.516974], [3.394625, 6.516981], [3.394613, 6.516987], [3.394603, 6.516992], [3.394593, 6.516998], [3.394584, 6.517004], [3.394575, 6.517009], [3.394567, 6.517013], [3.394558, 6.517018], [3.39455, 6.517025], [3.39454, 6.517031], [3.394528, 6.517039], [3.394517, 6.517043], [3.394506, 6.517045], [3.394496, 6.517048], [3.394484, 6.51705], [3.394473, 6.517053], [3.394463, 6.517053], [3.394454, 6.51705], [3.394445, 6.517046], [3.39443, 6.517042], [3.394417, 6.517037], [3.394408, 6.517034], [3.394402, 6.517029], [3.394391, 6.517025], [3.394379, 6.517019], [3.39437, 6.517012], [3.394363, 6.517003], [3.394356, 6.516994], [3.394349, 6.516982], [3.394342, 6.516973], [3.394333, 6.516964], [3.394328, 6.516956], [3.394322, 6.516949], [3.394312, 6.516942], [3.394304, 6.516935], [3.394295, 6.516927], [3.394288, 6.51692], [3.394281, 6.51691], [3.394274, 6.516904], [3.394269, 6.516896], [3.394261, 6.516888], [3.394253, 6.516879], [3.394246, 6.516872], [3.394237, 6.516865], [3.394229, 6.51686], [3.394224, 6.516853], [3.394215, 6.516845], [3.394206, 6.516836], [3.3942, 6.516825], [3.394195, 6.516817], [3.394187, 6.516805], [3.394181, 6.516797], [3.394176, 6.516788], [3.394169, 6.51678], [3.394162, 6.516773], [3.39415, 6.516766], [3.394137, 6.516756], [3.394132, 6.516752], [3.394125, 6.516746], [3.394116, 6.516738], [3.39411, 6.516729], [3.394102, 6.516722], [3.394095, 6.516716], [3.394088, 6.516705], [3.39408, 6.516696], [3.394077, 6.516689], [3.394072, 6.516682], [3.394063, 6.516673], [3.394051, 6.516656], [3.394037, 6.516651], [3.394026, 6.516645], [3.394018, 6.516638], [3.394013, 6.516631], [3.394004, 6.516623], [3.393997, 6.516615], [3.39399, 6.516607], [3.393983, 6.516601], [3.393977, 6.516591], [3.393974, 6.516583], [3.393959, 6.516564], [3.393954, 6.51656], [3.393948, 6.516553], [3.393942, 6.516547], [3.393931, 6.516535], [3.393925, 6.516529], [3.393916, 6.516522], [3.393912, 6.516518], [3.393901, 6.516515], [3.393899, 6.516508], [3.393889, 6.516498], [3.393882, 6.516491], [3.393873, 6.516481], [3.393867, 6.516474], [3.39386, 6.516465], [3.393853, 6.516458], [3.393849, 6.51645], [3.393841, 6.516445], [3.393831, 6.516435], [3.393824, 6.516427], [3.393817, 6.516417], [3.39381, 6.516411], [3.393804, 6.516401], [3.3938, 6.516393], [3.393793, 6.516385], [3.393782, 6.516373], [3.393773, 6.516362], [3.393768, 6.51635], [3.393761, 6.516341], [3.393756, 6.516329], [3.393753, 6.516316], [3.393748, 6.516306], [3.393741, 6.516296], [3.393736, 6.516285], [3.393732, 6.516278], [3.393729, 6.516269], [3.393727, 6.516257], [3.393724, 6.516246], [3.393722, 6.516233], [3.393719, 6.516221], [3.393718, 6.516211], [3.393717, 6.516201], [3.393717, 6.516187], [3.393716, 6.516178], [3.393716, 6.516166], [3.393719, 6.516154], [3.39372, 6.516147], [3.393717, 6.51614], [3.393718, 6.516124], [3.393713, 6.516119], [3.39372, 6.516106], [3.393721, 6.516095], [3.393727, 6.516087], [3.393733, 6.516076], [3.393738, 6.516066], [3.393747, 6.516053], [3.393753, 6.516046], [3.39376, 6.516037], [3.393767, 6.516029], [3.393774, 6.516018], [3.393783, 6.516008], [3.393791, 6.516001], [3.393801, 6.515991], [3.393806, 6.515983], [3.393811, 6.515974], [3.393822, 6.515967], [3.393831, 6.51596], [3.393838, 6.515955], [3.393846, 6.515951], [3.393854, 6.515946], [3.393864, 6.515941], [3.393874, 6.515936], [3.393889, 6.51593], [3.393899, 6.515927], [3.393908, 6.515924], [3.393911, 6.515922], [3.393924, 6.515918], [3.393936, 6.515914], [3.393946, 6.515911], [3.393956, 6.51591], [3.393965, 6.515908], [3.393978, 6.515908], [3.393989, 6.515904], [3.393998, 6.515903], [3.394009, 6.515903], [3.394018, 6.515901], [3.39404, 6.5159], [3.39405, 6.515901], [3.39407, 6.5159], [3.394088, 6.5159], [3.394106, 6.515897], [3.394131, 6.515894], [3.39414, 6.515894], [3.394164, 6.515893], [3.394178, 6.515887], [3.39419, 6.515884], [3.394201, 6.515881], [3.394219, 6.515876], [3.39423, 6.515876], [3.394242, 6.515877], [3.394265, 6.515876], [3.394274, 6.515874], [3.394282, 6.515876], [3.394291, 6.515874], [3.394302, 6.515872], [3.394313, 6.515871], [3.394323, 6.51587], [3.394334, 6.515866], [3.394342, 6.515866], [3.394353, 6.515864], [3.394361, 6.515864], [3.394367, 6.515867], [3.394385, 6.515867], [3.394397, 6.515869], [3.394409, 6.515869], [3.394419, 6.515867], [3.394424, 6.515867], [3.394435, 6.51587], [3.394445, 6.515874], [3.394453, 6.515879], [3.394462, 6.515883], [3.394472, 6.515893], [3.39448, 6.515897], [3.39449, 6.515907], [3.394498, 6.515916], [3.394507, 6.515921], [3.394517, 6.515927], [3.394523, 6.515934], [3.39453, 6.515944], [3.394537, 6.51595], [3.394542, 6.515958], [3.394545, 6.515961], [3.394552, 6.515973], [3.394555, 6.515983], [3.394557, 6.515997], [3.394562, 6.516005], [3.394567, 6.516014], [3.394572, 6.516025], [3.394577, 6.516039], [3.394579, 6.516048], [3.39458, 6.516062], [3.394581, 6.516078], [3.394583, 6.516087], [3.394584, 6.516094], [3.394585, 6.516103], [3.394583, 6.516117], [3.394583, 6.516129], [3.394583, 6.516144], [3.394583, 6.516154], [3.394583, 6.516166], [3.394583, 6.516174], [3.394586, 6.516181], [3.394588, 6.516199], [3.394582, 6.516219], [3.394585, 6.516226], [3.394586, 6.516236], [3.394585, 6.516251], [3.394591, 6.516259], [3.394594, 6.516266], [3.394598, 6.516269], [3.394604, 6.516275], [3.394606, 6.516291], [3.394606, 6.516304], [3.394606, 6.516321], [3.394606, 6.516334], [3.394603, 6.516343], [3.394602, 6.516362], [3.394605, 6.516372], [3.394611, 6.516383], [3.394611, 6.516397], [3.394612, 6.516408], [3.394609, 6.516421], [3.394603, 6.516432], [3.394607, 6.51644], [3.394611, 6.516452], [3.394613, 6.516463], [3.394615, 6.516472], [3.394615, 6.516484], [3.394617, 6.516498], [3.39461, 6.516511], [3.394615, 6.516521], [3.394617, 6.516537], [3.394618, 6.516546], [3.394619, 6.516556], [3.39462, 6.516566], [3.394624, 6.516577], [3.394626, 6.516591], [3.39463, 6.516604], [3.394627, 6.516621], [3.394627, 6.516628], [3.394629, 6.516631], [3.39463, 6.516645], [3.39463, 6.516652], [3.39463, 6.516668], [3.394631, 6.516686], [3.394633, 6.516693], [3.39463, 6.516706], [3.394632, 6.516717], [3.394635, 6.516726], [3.394637, 6.516737], [3.394637, 6.516749], [3.394641, 6.516761], [3.394639, 6.516769], [3.394642, 6.516779], [3.394643, 6.516794], [3.394643, 6.516804], [3.394643, 6.516815], [3.394646, 6.516828], [3.394647, 6.516843], [3.394647, 6.516852], [3.39465, 6.516861], [3.394654, 6.516867], [3.394654, 6.516877], [3.394654, 6.516889], [3.394656, 6.516901], [3.394658, 6.51691], [3.394664, 6.516924], [3.394663, 6.516934], [3.394663, 6.516945], [3.394663, 6.516957], [3.394662, 6.516969], [3.394657, 6.516982], [3.394661, 6.516992], [3.394659, 6.517005], [3.39466, 6.517014], [3.394659, 6.517028], [3.394662, 6.517039], [3.394668, 6.517048], [3.39467, 6.51706], [3.394673, 6.517073], [3.394675, 6.517085], [3.394678, 6.517096], [3.394682, 6.51711], [3.394684, 6.517121], [3.394684, 6.517131], [3.394684, 6.517143], [3.394687, 6.517153], [3.394689, 6.517164], [3.394691, 6.51717], [3.394694, 6.517185], [3.394695, 6.517195], [3.394695, 6.517206], [3.394694, 6.517219], [3.394692, 6.517232], [3.394699, 6.517241], [3.3947, 6.517252], [3.394701, 6.517263], [3.394703, 6.517273], [3.394702, 6.517284], [3.394703, 6.5173], [3.394705, 6.51731], [3.394704, 6.517322], [3.394703, 6.517331], [3.394704, 6.517345], [3.394703, 6.517355], [3.394701, 6.517367], [3.394703, 6.517379], [3.394705, 6.51739], [3.394708, 6.517403], [3.394711, 6.517412], [3.394712, 6.517424], [3.394714, 6.517436], [3.394717, 6.517446], [3.39472, 6.51746], [3.394727, 6.517467], [3.39473, 6.517477], [3.394731, 6.517482], [3.394739, 6.517496], [3.394745, 6.517503], [3.39475, 6.517516], [3.394753, 6.517528], [3.394755, 6.517541], [3.394756, 6.517544], [3.394764, 6.517558], [3.39477, 6.517566], [3.394774, 6.517583], [3.394771, 6.517583], [3.394777, 6.517597], [3.39479, 6.517616], [3.394794, 6.517622], [3.394801, 6.517634], [3.394803, 6.517645], [3.394801, 6.517661], [3.394807, 6.517666], [3.394813, 6.517679], [3.394818, 6.517687], [3.394825, 6.517702], [3.394825, 6.517708], [3.39483, 6.51772], [3.394836, 6.517736], [3.394841, 6.517743], [3.394843, 6.517754], [3.394845, 6.517765], [3.394843, 6.517774], [3.394851, 6.517785], [3.394858, 6.517794], [3.394863, 6.517809], [3.394868, 6.517814], [3.394875, 6.517823], [3.394887, 6.517836], [3.394888, 6.517838], [3.39489, 6.517853], [3.394894, 6.517866], [3.394902, 6.517873], [3.394906, 6.517884], [3.394908, 6.517894], [3.394911, 6.517901], [3.394916, 6.517914], [3.394921, 6.517927], [3.394929, 6.517932], [3.394928, 6.517933], [3.394936, 6.517953], [3.394941, 6.517962], [3.394944, 6.51797], [3.394951, 6.517982], [3.394956, 6.517993], [3.394961, 6.518002], [3.39496, 6.518007], [3.394964, 6.518017], [3.394967, 6.518024], [3.394975, 6.518036], [3.394979, 6.518038], [3.394984, 6.518046], [3.394987, 6.518052], [3.394998, 6.518051], [3.395002, 6.518053], [3.395015, 6.518069], [3.39502, 6.518075], [3.395026, 6.518085], [3.395027, 6.518096], [3.395032, 6.518105], [3.395037, 6.518105], [3.395041, 6.518124], [3.39504, 6.518153], [3.395044, 6.518161], [3.395048, 6.518173], [3.395049, 6.518191], [3.395048, 6.518218], [3.395049, 6.518223], [3.39505, 6.518232], [3.395049, 6.518238], [3.395044, 6.51825], [3.39504, 6.518265], [3.395033, 6.518275], [3.395033, 6.518279], [3.395026, 6.518289], [3.395026, 6.518297], [3.395022, 6.51831], [3.395021, 6.518322], [3.395017, 6.518333], [3.395011, 6.518338], [3.395006, 6.518344], [3.394993, 6.518353], [3.394977, 6.518357], [3.394966, 6.518362], [3.394964, 6.518365], [3.394948, 6.518369], [3.394953, 6.518368], [3.394938, 6.51838], [3.394927, 6.518386], [3.39492, 6.518391], [3.394906, 6.518393], [3.394896, 6.518397], [3.394884, 6.518404], [3.394872, 6.518409], [3.394867, 6.518416], [3.39486, 6.51842], [3.394848, 6.518421], [3.394841, 6.518423], [3.39483, 6.518426], [3.394817, 6.51843], [3.394802, 6.518432], [3.394796, 6.518436], [3.394783, 6.518439], [3.39477, 6.518444], [3.394758, 6.518446], [3.394747, 6.518452], [3.394737, 6.518457], [3.394729, 6.518463], [3.394722, 6.518469], [3.394716, 6.518474], [3.394705, 6.518482], [3.394696, 6.518491], [3.394689, 6.518499], [3.39468, 6.518507], [3.394673, 6.518515], [3.394668, 6.518522], [3.39466, 6.518532], [3.394654, 6.518541], [3.394651, 6.518549], [3.394626, 6.518568], [3.394622, 6.518578], [3.394623, 6.518583], [3.394614, 6.518593], [3.39461, 6.518599], [3.394601, 6.5186], [3.394588, 6.518606], [3.394581, 6.51861], [3.394569, 6.518617], [3.39456, 6.518622], [3.394552, 6.518623], [3.394541, 6.518626], [3.394529, 6.518626], [3.394521, 6.518631], [3.394512, 6.518633], [3.394501, 6.518633], [3.394488, 6.518632], [3.394477, 6.518633], [3.394464, 6.518634], [3.394454, 6.518638], [3.394442, 6.518641], [3.394432, 6.518644], [3.394419, 6.518653], [3.39441, 6.518654], [3.394402, 6.518658], [3.394393, 6.518658], [3.39438, 6.518657], [3.394369, 6.518658], [3.394359, 6.51866], [3.394353, 6.518663], [3.394342, 6.518667], [3.394332, 6.518671], [3.394323, 6.518671], [3.39431, 6.518674], [3.3943, 6.518675], [3.394292, 6.518678], [3.394279, 6.518682], [3.394266, 6.518686], [3.394256, 6.51869], [3.394241, 6.518692], [3.394233, 6.518691], [3.394226, 6.518695], [3.394213, 6.518699], [3.394201, 6.518698], [3.394191, 6.518699], [3.394182, 6.518699], [3.394169, 6.518704], [3.39416, 6.518702], [3.394149, 6.51871], [3.394139, 6.518716], [3.39413, 6.518722], [3.394118, 6.518728], [3.394109, 6.518732], [3.394101, 6.518734], [3.394084, 6.518736], [3.394074, 6.518737], [3.394062, 6.518735], [3.394051, 6.518734], [3.394039, 6.518734], [3.394029, 6.518734], [3.394017, 6.518736], [3.394007, 6.518739], [3.393999, 6.518739], [3.393991, 6.51874], [3.39398, 6.51874], [3.393973, 6.518745], [3.393967, 6.51875], [3.393954, 6.51875], [3.393943, 6.518749], [3.393931, 6.51875], [3.393919, 6.518748], [3.393907, 6.518748], [3.393894, 6.51875], [3.393879, 6.518752], [3.393868, 6.518749], [3.393856, 6.518751], [3.393845, 6.518753], [3.393834, 6.518755], [3.39382, 6.518758], [3.39381, 6.518762], [3.393796, 6.518764], [3.393781, 6.518764], [3.39377, 6.518766], [3.393762, 6.518768], [3.393748, 6.518773], [3.393741, 6.518779], [3.393733, 6.518778], [3.393722, 6.51878], [3.393715, 6.518779], [3.393708, 6.518781], [3.393696, 6.518784], [3.393682, 6.518784], [3.393677, 6.518783], [3.393661, 6.518787], [3.393653, 6.518796], [3.393642, 6.518798], [3.393635, 6.518802], [3.393627, 6.518807], [3.393614, 6.518807], [3.3936, 6.51881], [3.393587, 6.518816], [3.393579, 6.518816], [3.39357, 6.518814], [3.393553, 6.518814], [3.393546, 6.518823], [3.39353, 6.518825], [3.393519, 6.518831], [3.393511, 6.518832], [3.393498, 6.518831], [3.393484, 6.518833], [3.393473, 6.518835], [3.393462, 6.518831], [3.393446, 6.518833], [3.393435, 6.518833], [3.39342, 6.518834], [3.393409, 6.518835], [3.393396, 6.518837], [3.393385, 6.518837], [3.393377, 6.51884], [3.393366, 6.518843], [3.393355, 6.518846], [3.393345, 6.518848], [3.393333, 6.518853], [3.393325, 6.518855], [3.393313, 6.518857], [3.393304, 6.51886], [3.393292, 6.518864], [3.393283, 6.518869], [3.393274, 6.518872], [3.393264, 6.518874], [3.393252, 6.518877], [3.393243, 6.51888], [3.393234, 6.518883], [3.393225, 6.518885], [3.393216, 6.518886], [3.393208, 6.518888], [3.393194, 6.518889], [3.39319, 6.51889], [3.393181, 6.518892], [3.393171, 6.518897], [3.393163, 6.518899], [3.393156, 6.518899], [3.393142, 6.518901], [3.393132, 6.518905], [3.393114, 6.518909], [3.393106, 6.518913], [3.393106, 6.518914], [3.393096, 6.51892], [3.393082, 6.518924], [3.393068, 6.518927], [3.393061, 6.518927], [3.393048, 6.518928], [3.393039, 6.518931], [3.393031, 6.518931], [3.393017, 6.518932], [3.393005, 6.518932], [3.392992, 6.518935], [3.392983, 6.518935], [3.392972, 6.518934], [3.392965, 6.518937], [3.392957, 6.518936], [3.392948, 6.518936], [3.392932, 6.518938], [3.392921, 6.51894], [3.392911, 6.518939], [3.392892, 6.518943], [3.392887, 6.518943], [3.392884, 6.518951], [3.392875, 6.518952], [3.392865, 6.518955], [3.392854, 6.518957], [3.392841, 6.518963], [3.392833, 6.518963], [3.392832, 6.518965], [3.392812, 6.518971], [3.392802, 6.518965], [3.392799, 6.518962], [3.392787, 6.518964], [3.392779, 6.518966], [3.392766, 6.518965], [3.392756, 6.518968], [3.392741, 6.518969], [3.39273, 6.518968], [3.392727, 6.518973], [3.392714, 6.518978], [3.3927, 6.518979], [3.392692, 6.518976], [3.392685, 6.518975], [3.392674, 6.518973], [3.392662, 6.518975], [3.392651, 6.518976], [3.392646, 6.518977], [3.392638, 6.518978], [3.392627, 6.518983], [3.392619, 6.518986], [3.392616, 6.518989], [3.392596, 6.518995], [3.392576, 6.518998], [3.392569, 6.519002], [3.392558, 6.519004], [3.392548, 6.519007], [3.392538, 6.519011], [3.39253, 6.519014], [3.392517, 6.519016], [3.392507, 6.519018], [3.392496, 6.519019], [3.392483, 6.519019], [3.392472, 6.51902], [3.392462, 6.519019], [3.392452, 6.519019], [3.392439, 6.519016], [3.392431, 6.519014], [3.392423, 6.519012], [3.392413, 6.519013], [3.392399, 6.519011], [3.392393, 6.519013], [3.392387, 6.519013], [3.392378, 6.519016], [3.39236, 6.519016], [3.392348, 6.519019], [3.392335, 6.519019], [3.392323, 6.519018], [3.392311, 6.519018], [3.392301, 6.519018], [3.392287, 6.519015], [3.392275, 6.519014], [3.392268, 6.519013], [3.392254, 6.51901], [3.392244, 6.51901], [3.392236, 6.51901], [3.392227, 6.519008], [3.39222, 6.519007], [3.392208, 6.519006], [3.392194, 6.519006], [3.392176, 6.519007], [3.392166, 6.519004], [3.392149, 6.519002], [3.392143, 6.518999], [3.392129, 6.518995], [3.392115, 6.518992], [3.392105, 6.518992], [3.392094, 6.518992], [3.392079, 6.518991], [3.392069, 6.51899], [3.392053, 6.518991], [3.392042, 6.51899], [3.392031, 6.518986], [3.39202, 6.518982], [3.392011, 6.518978], [3.391997, 6.518974], [3.391982, 6.518971], [3.391972, 6.518974], [3.391955, 6.518974], [3.391947, 6.518972], [3.391933, 6.518972], [3.391921, 6.518973], [3.39191, 6.518972], [3.391895, 6.518971], [3.391881, 6.51897], [3.391873, 6.518969], [3.391864, 6.518971], [3.391856, 6.51897], [3.391847, 6.518966], [3.391833, 6.518965], [3.391824, 6.518964], [3.391815, 6.518959], [3.391807, 6.518956], [3.391792, 6.518953], [3.391784, 6.518952], [3.391773, 6.518949], [3.391762, 6.518944], [3.391752, 6.518941], [3.391743, 6.518936], [3.391735, 6.518932], [3.391724, 6.518926], [3.391714, 6.518923], [3.391702, 6.518919], [3.391693, 6.518916], [3.391684, 6.518914], [3.391672, 6.518912], [3.391664, 6.518912], [3.391659, 6.518915], [3.391652, 6.518918], [3.391638, 6.518926], [3.391624, 6.518931], [3.391629, 6.518935], [3.391611, 6.51894], [3.391602, 6.518942], [3.391593, 6.518941], [3.391578, 6.518943], [3.391568, 6.518943], [3.391552, 6.518942], [3.39154, 6.518936], [3.39153, 6.518931], [3.391517, 6.518923], [3.391506, 6.518925], [3.391498, 6.518927], [3.391484, 6.518926], [3.391469, 6.518922], [3.391463, 6.518923], [3.391446, 6.518919], [3.391432, 6.518919], [3.391422, 6.518916], [3.391408, 6.518915], [3.391399, 6.518915], [3.391389, 6.51891], [3.391375, 6.518908], [3.391364, 6.518908], [3.391351, 6.518908], [3.391339, 6.518909], [3.391331, 6.518915], [3.391327, 6.518924], [3.391314, 6.518928], [3.3913, 6.518935], [3.391287, 6.518938], [3.391273, 6.51894], [3.391265, 6.518944], [3.391249, 6.518937], [3.391237, 6.518936], [3.391226, 6.518935], [3.391212, 6.518934], [3.3912, 6.51893], [3.39119, 6.518931], [3.391179, 6.518932], [3.391163, 6.518932], [3.391151, 6.518927], [3.391139, 6.518925], [3.391131, 6.518926], [3.391117, 6.518924], [3.391107, 6.518925], [3.391101, 6.518924], [3.391088, 6.518924], [3.391076, 6.518918], [3.391068, 6.518915], [3.391052, 6.518909], [3.391043, 6.518904], [3.391032, 6.518903], [3.391019, 6.518895], [3.391007, 6.518892], [3.390997, 6.518889], [3.390984, 6.518887], [3.390963, 6.518887], [3.390955, 6.518886], [3.390944, 6.518879], [3.390932, 6.518876], [3.390918, 6.518876], [3.390905, 6.518876], [3.390898, 6.518875], [3.390884, 6.518871], [3.390872, 6.518868], [3.39086, 6.518865], [3.390843, 6.518857], [3.390835, 6.518855], [3.390823, 6.518853], [3.390814, 6.518852], [3.390801, 6.518846], [3.390789, 6.51884], [3.390779, 6.518836], [3.390769, 6.518836], [3.390762, 6.51883], [3.390751, 6.518833], [3.390736, 6.518826], [3.390723, 6.518824], [3.390713, 6.518822], [3.390703, 6.518816], [3.390691, 6.518814], [3.390682, 6.518806], [3.390672, 6.518802], [3.390664, 6.518797], [3.390657, 6.518793], [3.390645, 6.518786], [3.390636, 6.518782], [3.390621, 6.518778], [3.390609, 6.518769], [3.390599, 6.518765], [3.39059, 6.518762], [3.39058, 6.518756], [3.390572, 6.518754], [3.390559, 6.518749], [3.390551, 6.518744], [3.390545, 6.51874], [3.390534, 6.518734], [3.390524, 6.518727], [3.390516, 6.518725], [3.390505, 6.518721], [3.390494, 6.518713], [3.39048, 6.518708], [3.390471, 6.518705], [3.390463, 6.518695], [3.390457, 6.518695], [3.390448, 6.518696], [3.39043, 6.518681], [3.390424, 6.518675], [3.390421, 6.518674], [3.390409, 6.518668], [3.390401, 6.518657], [3.390383, 6.518647], [3.39038, 6.518644], [3.390374, 6.518639], [3.39037, 6.518635], [3.390361, 6.518628], [3.390352, 6.518622], [3.390345, 6.518614], [3.390334, 6.518606], [3.390323, 6.518599], [3.390313, 6.518595], [3.390305, 6.51859], [3.390298, 6.518584], [3.390285, 6.518578], [3.390273, 6.518571], [3.39026, 6.518566], [3.39025, 6.51856], [3.390244, 6.518558], [3.390235, 6.51855], [3.39023, 6.518543], [3.390221, 6.518534], [3.390212, 6.518526], [3.390203, 6.518519], [3.390189, 6.518513], [3.390183, 6.518507], [3.390176, 6.518504], [3.390164, 6.518496], [3.390157, 6.518487], [3.390148, 6.518479], [3.390142, 6.518479], [3.390136, 6.518471], [3.390125, 6.518462], [3.390118, 6.518457], [3.390109, 6.518448], [3.390102, 6.518442], [3.390096, 6.518436], [3.39009, 6.518432], [3.390082, 6.51843], [3.390076, 6.518426], [3.390065, 6.51842], [3.390057, 6.518417], [3.390049, 6.51841], [3.39004, 6.5184], [3.390033, 6.518394], [3.390026, 6.518385], [3.390017, 6.518377], [3.390011, 6.518371], [3.39, 6.518364], [3.389988, 6.518356], [3.389981, 6.518354], [3.389971, 6.518349], [3.389963, 6.518343], [3.389955, 6.518337], [3.389948, 6.518333], [3.389938, 6.518324], [3.389931, 6.518319], [3.389922, 6.518311], [3.389911, 6.518303], [3.3899, 6.518298], [3.389892, 6.518295], [3.389881, 6.51829], [3.38987, 6.518281], [3.389864, 6.518273], [3.389858, 6.518266], [3.38985, 6.51826], [3.38984, 6.518253], [3.389831, 6.518249], [3.389828, 6.518249], [3.389821, 6.518242], [3.389813, 6.518233], [3.389801, 6.518226], [3.389793, 6.518219], [3.389787, 6.518209], [3.389774, 6.518193], [3.389767, 6.518194], [3.389754, 6.518189], [3.389743, 6.518182], [3.389737, 6.518176], [3.389729, 6.518164], [3.389723, 6.518152], [3.38972, 6.518145], [3.389716, 6.518137], [3.389703, 6.51813], [3.389692, 6.518124], [3.38968, 6.518114], [3.389669, 6.51811], [3.389661, 6.518102], [3.38965, 6.518094], [3.389644, 6.518091], [3.389633, 6.518085], [3.389623, 6.518078], [3.389615, 6.518072], [3.389604, 6.518066], [3.389597, 6.518057], [3.389592, 6.51805], [3.389579, 6.518041], [3.389567, 6.518034], [3.389551, 6.518028], [3.389541, 6.518027], [3.38953, 6.518021], [3.389527, 6.518015], [3.389516, 6.518008], [3.389501, 6.517998], [3.389495, 6.517991], [3.389483, 6.51798], [3.389473, 6.517978], [3.389465, 6.51797], [3.389455, 6.517962], [3.389445, 6.517957], [3.389434, 6.517951], [3.38942, 6.517946], [3.389412, 6.517939], [3.389405, 6.517934], [3.389397, 6.517933], [3.389392, 6.51793], [3.389378, 6.517926], [3.389365, 6.517921], [3.389358, 6.517919], [3.389348, 6.517914], [3.389342, 6.517912], [3.389331, 6.517908], [3.38932, 6.517906], [3.389305, 6.517901], [3.389291, 6.517898], [3.389282, 6.517892], [3.389273, 6.517892], [3.389265, 6.517885], [3.389252, 6.517879], [3.389242, 6.517872], [3.389234, 6.517866], [3.389226, 6.517864], [3.389215, 6.517858], [3.389207, 6.517853], [3.3892, 6.517845], [3.389185, 6.517842], [3.38917, 6.517838], [3.389161, 6.517835], [3.389151, 6.517833], [3.38914, 6.517827], [3.389128, 6.517821], [3.389128, 6.517815], [3.389117, 6.517812], [3.389102, 6.517808], [3.389083, 6.517803], [3.389081, 6.5178], [3.389075, 6.517798], [3.389068, 6.517793], [3.389054, 6.517788], [3.389043, 6.517782], [3.389029, 6.517777], [3.389016, 6.517772], [3.389015, 6.517767], [3.389005, 6.517767], [3.388991, 6.517761], [3.388974, 6.517754], [3.388963, 6.517749], [3.388955, 6.517746], [3.388947, 6.517741], [3.38894, 6.517738], [3.388931, 6.517732], [3.38892, 6.517731], [3.388907, 6.517727], [3.388896, 6.517726], [3.388887, 6.517718], [3.388877, 6.517718], [3.388868, 6.517716], [3.388854, 6.517713], [3.388844, 6.517711], [3.388834, 6.517708], [3.388805, 6.5177], [3.388804, 6.5177], [3.388795, 6.517698], [3.388783, 6.517694], [3.388775, 6.517693], [3.388763, 6.517689], [3.38875, 6.517686], [3.388737, 6.51768], [3.388724, 6.517676], [3.388716, 6.517675], [3.388708, 6.517678], [3.388698, 6.517671], [3.388676, 6.517656], [3.38867, 6.517653], [3.388658, 6.517646], [3.388647, 6.517647], [3.388637, 6.517641], [3.388623, 6.517637], [3.388618, 6.517633], [3.388605, 6.517633], [3.388588, 6.517628], [3.38858, 6.517624], [3.388565, 6.517622], [3.38856, 6.517624], [3.388553, 6.517619], [3.388546, 6.517613], [3.388524, 6.517606], [3.388504, 6.517599], [3.388489, 6.517597], [3.388475, 6.517598], [3.388463, 6.517596], [3.388459, 6.517594], [3.388438, 6.517584], [3.388429, 6.517581], [3.38842, 6.517579], [3.388405, 6.517572], [3.388393, 6.517573], [3.38839, 6.517574], [3.388379, 6.517571], [3.388366, 6.517564], [3.388354, 6.51756], [3.388337, 6.517558], [3.388324, 6.517558], [3.38831, 6.517557], [3.388305, 6.517552], [3.388295, 6.517545], [3.388286, 6.517538], [3.388275, 6.517533], [3.388262, 6.517528], [3.388251, 6.517526], [3.388252, 6.51753], [3.388241, 6.517524], [3.388235, 6.517523], [3.388216, 6.517519], [3.388206, 6.517515], [3.388197, 6.517512], [3.388189, 6.517514], [3.388172, 6.51751], [3.388154, 6.517508], [3.388139, 6.517502], [3.388129, 6.517499], [3.38812, 6.517493], [3.388109, 6.517489], [3.388097, 6.517485], [3.388093, 6.517481], [3.388085, 6.517475], [3.388071, 6.517473], [3.388057, 6.517472], [3.388044, 6.51747], [3.388035, 6.517467], [3.388028, 6.517462], [3.388014, 6.51746], [3.388001, 6.517457], [3.387992, 6.517453], [3.387976, 6.517446], [3.387975, 6.517445], [3.387962, 6.517442], [3.387953, 6.517437], [3.387941, 6.517434], [3.387926, 6.517431], [3.387912, 6.517428], [3.387899, 6.517425], [3.387886, 6.517425], [3.387878, 6.517422], [3.387869, 6.517419], [3.387856, 6.517418], [3.387842, 6.517422], [3.387829, 6.517421], [3.387825, 6.517423], [3.38781, 6.517419], [3.387798, 6.517414], [3.38779, 6.517412], [3.387771, 6.517409], [3.38776, 6.517404], [3.387749, 6.517401], [3.387742, 6.517399], [3.387728, 6.517397], [3.387719, 6.517396], [3.387711, 6.517393], [3.387693, 6.517391], [3.387682, 6.517389], [3.38767, 6.517385], [3.387657, 6.517386], [3.387652, 6.517383], [3.387644, 6.517379], [3.387629, 6.517374], [3.387621, 6.51737], [3.387609, 6.517372], [3.387597, 6.517372], [3.387586, 6.517373], [3.38758, 6.517373], [3.387572, 6.517371], [3.387562, 6.517371], [3.387549, 6.517369], [3.387538, 6.517366], [3.387527, 6.51737], [3.38752, 6.517367], [3.38751, 6.517369], [3.387502, 6.517363], [3.387487, 6.517361], [3.387469, 6.517357], [3.38746, 6.517355], [3.387448, 6.517354], [3.387433, 6.517354], [3.387421, 6.517359], [3.38741, 6.517358], [3.387394, 6.517351], [3.387382, 6.517347], [3.387371, 6.517351], [3.387362, 6.517352], [3.387356, 6.517352], [3.387345, 6.517351], [3.38734, 6.517349], [3.38733, 6.517347], [3.387325, 6.517355], [3.387317, 6.517365], [3.387321, 6.517378], [3.387318, 6.51739], [3.387317, 6.517403], [3.387308, 6.51742], [3.387304, 6.517433], [3.387303, 6.51744], [3.3873, 6.517457], [3.387299, 6.517467], [3.387298, 6.517476], [3.387294, 6.517486], [3.387289, 6.517496], [3.387287, 6.517507], [3.387285, 6.517524], [3.387287, 6.517532], [3.387293, 6.517536], [3.387296, 6.517545], [3.387295, 6.517559], [3.387295, 6.51757], [3.38729, 6.517582], [3.387283, 6.517593], [3.387279, 6.517598], [3.387278, 6.517597], [3.387274, 6.5176], [3.38727, 6.517606], [3.387269, 6.517617], [3.387266, 6.517625], [3.387262, 6.517633], [3.387259, 6.517623], [3.387249, 6.517628], [3.387248, 6.517625], [3.387244, 6.517631], [3.387245, 6.517629], [3.387243, 6.517629], [3.387238, 6.517627], [3.387239, 6.517632], [3.387234, 6.517626], [3.387235, 6.517629], [3.387237, 6.517629], [3.387236, 6.517626], [3.387237, 6.517631], [3.387237, 6.517634], [3.38724, 6.517637], [3.38724, 6.517642], [3.387241, 6.517642], [3.387242, 6.517641], [3.38724, 6.517642], [3.387246, 6.517652], [3.387247, 6.517662], [3.387241, 6.517651], [3.387228, 6.517661]]}, "properties": {"pair": 29, "ibutton": "#29", "airbeam": "0cb815a91e2c", "start": "2026-09-26T07:39:38+01:00", "end": "2026-09-26T09:01:37+01:00", "length_m": 5843}}, {"type": "Feature", "geometry": {"type": "Point", "coordinates": [3.389207, 6.517853]}, "properties": {"pair": 29, "type": "pm25_max", "pm25": 172.0, "time": "08:57:55"}}]}